ID	POS	REF	ALT	EUR	AMR	SAS	AFR
rs543836249	40842851	A	C	0.0	0.0	0.0	0.0
rs562332230	40842865	A	G	0.0009940357852882703	0.0	0.0	0.0
rs533300583	40842866	T	C	0.0	0.001440922190201729	0.0	0.0
rs551384469	40843111	C	T	0.0	0.025936599423631124	0.0	0.0
rs2259217	40843328	A	G	0.004970178926441352	0.0	0.005112474437627812	0.0007564296520423601
rs2259219	40843345	C	G	0.08349900596421471	0.024495677233429394	0.053169734151329244	0.09228441754916793
rs2431412	40843354	A	G	0.13220675944333996	0.059077809798270896	0.10633946830265849	0.09304084720121028
rs183581274	40843383	A	T	0.0009940357852882703	0.0	0.0	0.0
rs72549453	40843438	T	C	0.013916500994035786	0.002881844380403458	0.009202453987730062	0.0007564296520423601
rs146895354	40843446	C	G	0.0	0.0	0.0	0.0
rs138956819	40843507	G	A	0.0	0.0	0.0	0.0
rs569152950	40843552	G	A	0.0	0.0	0.0	0.0
rs192752442	40843567	C	G	0.003976143141153081	0.001440922190201729	0.0	0.0
rs558177610	40843603	C	T	0.0009940357852882703	0.0	0.0	0.0
rs573167674	40843628	T	C	0.0	0.0	0.0	0.0
rs8192733	40843645	G	C	0.5139165009940357	0.5504322766570605	0.43660531697341515	0.2745839636913767
chr19:41349573T-C	40843668	T	C	0.0	0.0	0.0	0.0
rs28399481	40843693	C	G	0.03876739562624255	0.11815561959654179	0.06339468302658487	0.009833585476550681
rs142901606	40843696	T	C	0.0	0.0	0.0	0.0007564296520423601
rs28399480	40843698	C	T	0.03876739562624255	0.11815561959654179	0.065439672801636	0.009833585476550681
rs28399479	40843700	G	C	0.03876739562624255	0.11815561959654179	0.06339468302658487	0.009833585476550681
rs28399478	40843707	G	T	0.041749502982107355	0.11815561959654179	0.06441717791411043	0.009833585476550681
rs7248240	40843735	G	C	0.42147117296222664	0.5662824207492796	0.4130879345603272	0.7291981845688351
rs560208518	40843748	C	G	0.032803180914512925	0.11095100864553314	0.05214723926380368	0.00680786686838124
rs527558515	40843756	C	T	0.0	0.0	0.0	0.0015128593040847202
rs776763346	40843773	A	C	0.0	0.0	0.0	0.0
rs72549450	40843841	A	G	0.0	0.0	0.0	0.0
rs6413474	40843854	T	C	0.011928429423459244	0.005763688760806916	0.0081799591002045	0.0
rs561053481	40843858	G	A	0.0	0.0	0.002044989775051125	0.0
rs529455023	40843868	A	G	0.0	0.0	0.0	0.0
rs550797906	40843871	G	A	0.0	0.0	0.0	0.0
rs569294454	40843907	C	T	0.0	0.0	0.0	0.0
rs539466327	40843961	G	A	0.0	0.0	0.0	0.0007564296520423601
rs143731390	40843969	T	A	0.0	0.0	0.0	0.0
rs551723740	40843983	G	T	0.0	0.0	0.0	0.0007564296520423601
rs370819234	40844037	A	G	0.0009940357852882703	0.002881844380403458	0.0	0.006051437216338881
rs373949046	40844038	G	C	0.11829025844930417	0.06484149855907781	0.14826175869120656	0.1043872919818457
rs555584221	40844042	C	A	0.0	0.0	0.0	0.006051437216338881
rs573895636	40844065	A	G	0.0	0.0	0.0	0.0
rs2431413	40844073	A	G	0.07455268389662027	0.11095100864553314	0.1738241308793456	0.15809379727685324
rs527665782	40844093	G	A	0.0	0.0	0.003067484662576687	0.0
rs577637465	40844099	G	C	0.0019880715705765406	0.0	0.0	0.0
rs544703198	40844129	C	T	0.0	0.001440922190201729	0.0	0.0
rs560172971	40844151	A	T	0.0	0.0	0.0	0.0
rs572409121	40844181	T	C	0.0009940357852882703	0.0	0.0	0.0
rs542939658	40844193	A	G	0.0	0.0	0.0	0.0007564296520423601
rs561117972	40844268	A	T	0.0	0.0	0.00408997955010225	0.0
rs531414040	40844286	G	T	0.0	0.0	0.0	0.0007564296520423601
rs549914213	40844306	A	G	0.0009940357852882703	0.0	0.0	0.0
rs145026630	40844312	G	A	0.0	0.0	0.0	0.007564296520423601
rs533443716	40844367	A	G	0.0019880715705765406	0.002881844380403458	0.018404907975460124	0.0
rs551519233	40844379	G	C	0.0	0.001440922190201729	0.0	0.0
rs566521623	40844444	A	C	0.0009940357852882703	0.002881844380403458	0.002044989775051125	0.0
rs534270874	40844534	T	G	0.0019880715705765406	0.001440922190201729	0.0	0.0
rs186833314	40844543	A	T	0.0	0.001440922190201729	0.0	0.0
rs567580611	40844555	C	T	0.0	0.0	0.0	0.0
rs72549446	40844570	A	T	0.0	0.0	0.006134969325153374	0.009077155824508321
rs2002975	40844584	C	G	0.08250497017892644	0.024495677233429394	0.06237218813905931	0.07715582450832073
rs571285801	40844597	A	C	0.0	0.0	0.002044989775051125	0.0
rs113368210	40844600	C	A	0.0009940357852882703	0.0	0.0	0.0015128593040847202
rs56164728	40844602	T	C	0.0	0.012968299711815562	0.0	0.1686838124054463
rs2002976	40844604	G	A	0.0705765407554672	0.01585014409221902	0.04396728016359918	0.0022692889561270802
rs373592802	40844622	G	C	0.0	0.0	0.0	0.0015128593040847202
rs554920226	40844670	G	T	0.0	0.0	0.0	0.0015128593040847202
rs28399463	40844682	T	C	0.0	0.002881844380403458	0.0010224948875255625	0.0264750378214826
rs2002977	40844689	G	A	0.08349900596421471	0.027377521613832854	0.06032719836400818	0.11422087745839637
rs143336165	40844695	G	A	0.0	0.0	0.0	0.0
rs371553133	40844706	C	A	0.0	0.0	0.0	0.0
rs28399462	40844710	G	A	0.02186878727634195	0.03170028818443804	0.010224948875255624	0.1762481089258699
rs56314118	40844725	A	G	0.006958250497017893	0.004322766570605188	0.0	0.0007564296520423601
rs560168395	40844740	C	T	0.0009940357852882703	0.0	0.0	0.0
rs28399461	40844743	A	G	0.010934393638170975	0.027377521613832854	0.007157464212678937	0.14826021180030258
rs1809810	40844759	T	A	0.015904572564612324	0.01585014409221902	0.022494887525562373	0.006051437216338881
rs59389036	40844767	G	A	0.0019880715705765406	0.0	0.0	0.0
rs369346633	40844777	T	G	0.0	0.0	0.0010224948875255625	0.0
rs550145221	40844791	T	G	0.0	0.0	0.0	0.0
rs571807591	40844793	G	T	0.0	0.0	0.0010224948875255625	0.0
rs538809590	40844795	G	A	0.0	0.0	0.0010224948875255625	0.0
rs553913513	40844799	G	A	0.0	0.0	0.0	0.0
rs565746276	40844806	A	C	0.0	0.0	0.002044989775051125	0.0015128593040847202
rs536276517	40844807	G	A	0.0	0.0	0.002044989775051125	0.0015128593040847202
rs554585461	40844811	C	T	0.0	0.0	0.002044989775051125	0.0022692889561270802
rs555413545	40844812	G	A	0.0	0.0	0.002044989775051125	0.0015128593040847202
rs543693586	40844813	G	C	0.0	0.0	0.002044989775051125	0.0
rs574299338	40844841	G	C	0.0009940357852882703	0.0	0.0	0.0
rs576973328	40844845	G	C	0.0009940357852882703	0.0	0.0	0.0
rs150455365	40844854	T	G	0.0	0.0	0.0010224948875255625	0.0022692889561270802
rs560231157	40844874	G	A	0.0	0.001440922190201729	0.0	0.0
rs527756545	40844877	G	T	0.0	0.0	0.0	0.0007564296520423601
rs28399459	40844882	C	G	0.020874751491053677	0.018731988472622477	0.010224948875255624	0.0
rs28399458	40844902	C	G	0.0	0.0	0.0010224948875255625	0.0
rs28399457	40844906	T	A	0.0	0.0	0.0010224948875255625	0.0
rs372178313	40844922	G	A	0.0	0.002881844380403458	0.0	0.0
rs185273084	40844930	G	A	0.0	0.0	0.0	0.0007564296520423601
rs376822239	40844936	A	G	0.0	0.0	0.0	0.0
rs28399456	40844990	G	A	0.0	0.0	0.0010224948875255625	0.0
rs565809820	40845016	C	G	0.0	0.001440922190201729	0.0	0.0
rs536337801	40845019	T	C	0.0019880715705765406	0.0	0.0	0.0
rs548247947	40845035	G	T	0.0	0.0	0.0	0.0007564296520423601
rs190125323	40845073	G	A	0.0019880715705765406	0.002881844380403458	0.018404907975460124	0.0
rs8192729	40845091	C	T	0.08349900596421471	0.024495677233429394	0.05521472392638037	0.08396369137670197
rs558825772	40845137	G	C	0.0	0.0	0.0	0.0
rs577031756	40845145	G	A	0.0	0.0	0.0	0.0
rs181329462	40845151	C	T	0.0	0.0	0.0	0.0
rs552730967	40845165	G	A	0.0	0.0	0.0	0.0
rs572245201	40845167	G	A	0.0	0.0	0.0	0.0007564296520423601
rs542707063	40845186	T	A	0.0	0.0	0.013292433537832311	0.0
rs561177628	40845197	G	C	0.0	0.0	0.0010224948875255625	0.0
rs576392235	40845242	A	C	0.0	0.0	0.0	0.0
rs4803380	40845264	C	T	0.020874751491053677	0.03170028818443804	0.010224948875255624	0.1686838124054463
rs60286635	40845265	G	A	0.0	0.001440922190201729	0.0	0.039334341906202726
rs532833480	40845273	G	C	0.0	0.0	0.0	0.0007564296520423601
rs150586234	40845306	G	A	0.005964214711729622	0.002881844380403458	0.0	0.0
rs185304177	40845321	G	C	0.0	0.001440922190201729	0.0	0.0
rs114558780	40845322	G	A	0.0	0.0	0.0	0.006051437216338881
rs59992959	40845339	G	A	0.0	0.0	0.0	0.0022692889561270802
rs145036049	40845340	C	T	0.0	0.0	0.0	0.0007564296520423601
rs28399454	40845362	C	T	0.0	0.005763688760806916	0.0	0.1172465960665658
rs143841823	40845400	A	G	0.0009940357852882703	0.0	0.0	0.0
rs150247689	40845439	C	T	0.0009940357852882703	0.0	0.0	0.0
rs138932530	40845450	G	A	0.0	0.0	0.0	0.0007564296520423601
rs61605570	40845458	T	A	0.0	0.0	0.0	0.0022692889561270802
rs137904044	40845465	C	A	0.0	0.0	0.0	0.0015128593040847202
rs535231886	40845471	A	G	0.0	0.0	0.0010224948875255625	0.0
rs188167379	40845488	G	A	0.0	0.001440922190201729	0.0	0.0
rs28399453	40845495	G	A	0.06262425447316103	0.011527377521613832	0.007157464212678937	0.0037821482602118004
rs148057229	40845524	A	C	0.0	0.0	0.0	0.0
rs528694759	40845531	G	A	0.0	0.0	0.002044989775051125	0.0
rs577654198	40845543	C	T	0.0	0.0	0.002044989775051125	0.0
rs2388874	40845551	C	T	0.005964214711729622	0.005763688760806916	0.00408997955010225	0.009077155824508321
rs4001931	40845556	T	C	0.002982107355864811	0.005763688760806916	0.003067484662576687	0.009077155824508321
rs4001929	40845591	A	G	0.0	0.0	0.0010224948875255625	0.0
rs8192728	40845633	G	T	0.0	0.0	0.02965235173824131	0.012102874432677761
rs563421126	40845639	G	A	0.0	0.0	0.0	0.0
rs530503863	40845649	G	A	0.0	0.0	0.0	0.0007564296520423601
rs144437384	40845658	G	A	0.0	0.004322766570605188	0.0	0.06354009077155824
rs55971367	40845709	G	A	0.06958250497017893	0.07636887608069164	0.023517382413087935	0.21633888048411498
rs181001074	40845727	C	T	0.0	0.0	0.0	0.0
rs56048590	40845746	A	C	0.0	0.002881844380403458	0.0	0.024205748865355523
rs567978574	40845752	G	A	0.0	0.0	0.0010224948875255625	0.0
rs535660414	40845777	T	G	0.0	0.0	0.0	0.0007564296520423601
rs72549445	40845791	T	G	0.0	0.0	0.0	0.02798789712556732
rs149876040	40845842	A	C	0.008946322067594433	0.004322766570605188	0.0010224948875255625	0.0015128593040847202
rs537139773	40845850	T	G	0.0	0.0	0.0010224948875255625	0.0
rs558957904	40845853	C	T	0.0	0.0	0.0	0.0
rs4997555	40845866	C	T	0.0	0.0	0.0	0.0022692889561270802
rs185020627	40845867	G	T	0.0	0.001440922190201729	0.0	0.0
rs553719688	40845900	C	T	0.0	0.001440922190201729	0.0	0.0
rs375518878	40845926	C	T	0.0	0.0	0.0	0.0007564296520423601
rs202130720	40845931	C	T	0.0	0.0	0.0	0.0
rs563718868	40845937	C	T	0.0	0.0	0.0	0.0007564296520423601
rs72549444	40845938	G	A	0.020874751491053677	0.03170028818443804	0.010224948875255624	0.1686838124054463
rs545581940	40845972	C	T	0.0	0.0	0.0010224948875255625	0.0
rs58571639	40845998	G	A	0.0	0.0	0.0	0.0007564296520423601
rs528089983	40846003	G	A	0.0	0.0	0.0	0.0015128593040847202
rs2644907	40846014	G	C	0.0	0.0	0.0	0.0007564296520423601
rs148693084	40846030	A	G	0.0	0.001440922190201729	0.0	0.0
rs4997557	40846048	G	C	0.0	0.0	0.0	0.0015128593040847202
rs2644906	40846055	C	T	0.0	0.0	0.0	0.0015128593040847202
rs28399450	40846077	C	T	0.0	0.004322766570605188	0.0	0.015128593040847202
rs201027514	40846078	G	A	0.0009940357852882703	0.0	0.0	0.0
rs559104970	40846102	A	G	0.0	0.0	0.0	0.0007564296520423601
rs55845874	40846144	A	G	0.0019880715705765406	0.002881844380403458	0.017382413087934562	0.0
rs535042041	40846188	T	C	0.0	0.0	0.0	0.0007564296520423601
rs149001480	40846230	C	T	0.0	0.0	0.0	0.0007564296520423601
rs570054380	40846234	C	G	0.0019880715705765406	0.002881844380403458	0.016359918200409	0.0
rs570054380	40846234	C	T	0.0019880715705765406	0.002881844380403458	0.016359918200409	0.0
rs557584513	40846250	G	T	0.0	0.0	0.002044989775051125	0.0
rs199808813	40846301	C	G	0.0	0.0	0.0	0.0022692889561270802
rs546342800	40846312	T	A	0.0	0.0	0.0	0.0
rs72549443	40846352	GT	G	0.10238568588469185	0.1484149855907781	0.17075664621676892	0.32526475037821484
chr19:41352257G-T	40846352	G	T	0.0	0.0	0.0	0.0
rs4514794	40846358	T	G	0.08349900596421471	0.024495677233429394	0.05725971370143149	0.08623298033282904
rs528152143	40846368	T	C	0.0	0.002881844380403458	0.0	0.0
rs539876412	40846467	C	A	0.0	0.0	0.0	0.006051437216338881
rs561338846	40846468	G	A	0.0	0.0	0.0	0.0037821482602118004
rs529234878	40846521	C	G	0.0	0.0	0.0	0.0007564296520423601
rs550606305	40846528	C	T	0.0	0.0	0.0	0.0
rs562763156	40846546	A	G	0.002982107355864811	0.0	0.0	0.0007564296520423601
rs72549442	40846555	C	T	0.0	0.0	0.0	0.006051437216338881
chr19:41352497C-G	40846592	C	G	0.0	0.0	0.0	0.0
rs551576716	40846596	C	T	0.0019880715705765406	0.0	0.0010224948875255625	0.0
rs570989597	40846633	A	G	0.0	0.0	0.0010224948875255625	0.0
rs535108140	40846639	G	A	0.0	0.0	0.0010224948875255625	0.0007564296520423601
rs547061178	40846652	G	A	0.0	0.0	0.0	0.0
rs568362425	40846669	C	G	0.0	0.0	0.0010224948875255625	0.0
rs535800169	40846670	G	A	0.0009940357852882703	0.0	0.0	0.0
rs557383130	40846701	C	T	0.0	0.001440922190201729	0.0	0.0
rs575865729	40846712	A	G	0.0	0.001440922190201729	0.0	0.0
rs539671336	40846718	G	A	0.0	0.0	0.0	0.0007564296520423601
rs553581029	40846743	A	G	0.0	0.0	0.0	0.0007564296520423601
rs572642295	40846768	T	G	0.0	0.0	0.0	0.0
rs191677607	40846775	G	A	0.0	0.002881844380403458	0.0	0.0015128593040847202
rs561775706	40846845	C	T	0.0	0.0	0.0	0.0007564296520423601
rs4079369	40846857	G	C	0.08648111332007952	0.027377521613832854	0.06134969325153374	0.08850226928895613
rs544162826	40846878	C	T	0.0	0.0	0.0	0.007564296520423601
rs111869995	40846881	C	A	0.0	0.001440922190201729	0.0	0.0007564296520423601
rs58062848	40846884	G	T	0.0	0.0	0.0	0.0022692889561270802
rs551638939	40846890	G	A	0.0	0.0	0.0010224948875255625	0.0
rs560382680	40846897	G	A	0.0	0.0	0.0010224948875255625	0.0
rs55805386	40846902	A	G	0.0	0.0	0.0	0.0
rs527434101	40846911	C	A	0.0	0.0	0.0	0.0007564296520423601
rs58720852	40846933	G	T	0.0	0.0	0.0	0.0007564296520423601
rs1809811	40846935	G	A	0.07952286282306163	0.024495677233429394	0.05214723926380368	0.08169440242057488
rs145157460	40846937	G	A	0.0	0.001440922190201729	0.0	0.0
rs533216061	40846940	G	T	0.0	0.0	0.0	0.0
rs550929967	40846977	C	G	0.0	0.0	0.0010224948875255625	0.0
rs138978736	40846991	G	T	0.0009940357852882703	0.001440922190201729	0.0	0.0015128593040847202
rs539734599	40846996	G	C	0.0	0.0	0.0	0.0015128593040847202
rs557976670	40847015	G	A	0.0	0.0	0.0	0.0007564296520423601
rs28399448	40847031	C	T	0.02186878727634195	0.018731988472622477	0.010224948875255624	0.0030257186081694403
rs111033610	40847036	A	G	0.0	0.0	0.0	0.0
rs555186829	40847091	G	C	0.0	0.0	0.0	0.0
rs201792681	40847095	C	T	0.0	0.0	0.0010224948875255625	0.0
rs138844279	40847112	G	A	0.0	0.0	0.0	0.0113464447806354
rs562491463	40847145	T	G	0.0	0.0	0.0010224948875255625	0.0
rs75047183	40847197	G	C	0.0	0.002881844380403458	0.0	0.00680786686838124
rs56113850	40847202	T	C	0.5924453280318092	0.654178674351585	0.42433537832310836	0.3661119515885023
rs560445731	40847204	T	C	0.0009940357852882703	0.0	0.0	0.0
rs527495675	40847231	C	G	0.0	0.001440922190201729	0.0	0.0030257186081694403
rs542814609	40847240	C	T	0.0	0.0	0.00408997955010225	0.0
rs56006279	40847241	G	A	0.0	0.0	0.0	0.0
rs529372394	40847247	G	A	0.0	0.001440922190201729	0.0	0.0
rs559914206	40847271	A	G	0.0009940357852882703	0.0	0.0010224948875255625	0.0015128593040847202
rs569231510	40847292	A	G	0.0	0.0	0.0	0.0
rs193119488	40847299	C	T	0.0	0.0	0.0	0.0
rs551667439	40847342	G	A	0.0	0.0	0.0010224948875255625	0.0
rs566790786	40847411	T	G	0.006958250497017893	0.005763688760806916	0.0	0.0
rs56267346	40847433	A	G	0.1749502982107356	0.1585014409221902	0.22085889570552147	0.4205748865355522
rs56100930	40847506	C	T	0.08349900596421471	0.024495677233429394	0.05623721881390593	0.08925869894099848
rs112253660	40847658	ATC	A	0.0	0.0	0.0	0.0
rs567286959	40847662	G	A	0.0	0.0	0.0010224948875255625	0.0
rs537939928	40847700	G	C	0.0	0.0	0.0	0.0007564296520423601
rs72549440	40847706	C	T	0.0	0.0	0.0	0.01059001512859304
rs199999881	40847719	AT	A	0.0	0.021613832853025938	0.0	0.0
rs577720071	40847725	G	T	0.0	0.0	0.0	0.0
rs544984580	40847752	G	C	0.0	0.0	0.0	0.0113464447806354
rs554129636	40847822	C	T	0.0	0.0	0.0	0.0037821482602118004
rs572348346	40847838	A	G	0.0	0.001440922190201729	0.0	0.0
rs542490761	40847939	G	A	0.0	0.0	0.0	0.0
rs2388868	40847944	C	T	0.7027833001988072	0.7867435158501441	0.6400817995910021	0.6981845688350984
rs55921593	40847992	G	T	0.020874751491053677	0.018731988472622477	0.010224948875255624	0.0
rs56256033	40848014	T	A	0.0	0.002881844380403458	0.0	0.012859304084720122
rs562603344	40848018	G	C	0.0009940357852882703	0.0	0.0	0.0
rs533171831	40848130	C	G	0.0009940357852882703	0.0	0.0	0.0015128593040847202
rs72549439	40848131	G	A	0.0	0.0	0.0	0.028744326777609682
rs771986786	40848221	G	C	0.0	0.0	0.0	0.0
rs185545560	40848238	G	C	0.0009940357852882703	0.0	0.0	0.0
rs527966463	40848247	A	C	0.0	0.0	0.0010224948875255625	0.0
rs561452609	40848263	TG	T	0.0	0.0	0.0	0.006051437216338881
rs145393137	40848265	C	T	0.0	0.0	0.0	0.006051437216338881
rs56256500	40848266	G	A	0.0	0.0	0.0	0.019667170953101363
rs538011777	40848277	A	G	0.0009940357852882703	0.0	0.0	0.0
rs568811809	40848284	CTT	C	0.0	0.0	0.0	0.012102874432677761
rs199916117	40848293	T	C	0.0	0.0	0.0	0.0
rs571335587	40848304	C	A	0.0	0.0	0.006134969325153374	0.0
rs201227951	40848353	G	A	0.0	0.0	0.0	0.0
rs150091942	40848366	A	C	0.0009940357852882703	0.0	0.0010224948875255625	0.0
rs572409006	40848384	G	C	0.0	0.005763688760806916	0.0	0.0
rs542903833	40848388	A	G	0.0009940357852882703	0.0	0.0	0.0
rs554520787	40848392	C	A	0.0	0.0	0.0	0.0
rs372381649	40848395	G	A	0.0	0.0	0.0	0.0007564296520423601
rs28399443	40848401	G	A	0.019880715705765408	0.018731988472622477	0.010224948875255624	0.0
rs572206869	40848439	G	A	0.0	0.001440922190201729	0.0	0.0
rs577696506	40848513	C	T	0.0	0.0	0.0	0.0015128593040847202
rs57607700	40848537	C	G	0.12127236580516898	0.07348703170028818	0.09304703476482618	0.10968229954614221
rs560107238	40848539	A	C	0.0	0.0	0.0010224948875255625	0.0
rs28399442	40848553	C	A	0.020874751491053677	0.018731988472622477	0.010224948875255624	0.0
rs374657291	40848569	G	T	0.0	0.0	0.00408997955010225	0.0
rs8192726	40848591	C	A	0.06858846918489066	0.043227665706051875	0.130879345603272	0.08169440242057488
rs1801272	40848628	A	T	0.033797216699801194	0.007204610951008645	0.006134969325153374	0.0007564296520423601
rs28399441	40848648	C	T	0.0	0.012968299711815562	0.0	0.1686838124054463
rs2545783	40848650	C	A	0.0	0.0	0.0	0.0030257186081694403
rs60996254	40848656	C	T	0.0009940357852882703	0.0	0.0	0.0
rs200793736	40848671	C	T	0.0009940357852882703	0.0	0.0	0.0
rs59552350	40848716	A	C	0.0	0.0	0.0	0.00529500756429652
rs535832503	40848717	G	A	0.0	0.0	0.0	0.00529500756429652
rs554865113	40848721	C	G	0.0	0.0	0.0	0.0007564296520423601
rs4986891	40848724	C	A	0.0	0.0	0.0	0.00529500756429652
rs537280653	40848729	C	T	0.0	0.0	0.0	0.0007564296520423601
rs28399440	40848755	A	G	0.0	0.0	0.0	0.01739788199697428
rs577758165	40848777	C	T	0.0	0.0	0.0	0.0007564296520423601
rs371146023	40848794	G	A	0.0	0.0	0.011247443762781187	0.0
rs200390640	40848797	A	G	0.004970178926441352	0.0	0.0	0.0
rs572417875	40848799	G	T	0.0	0.0	0.0010224948875255625	0.0
rs8192725	40848807	A	G	0.7753479125248509	0.8184438040345822	0.6707566462167689	0.8010590015128594
rs561651970	40848821	A	T	0.0	0.0	0.0	0.0015128593040847202
rs567115644	40848827	TCCAAGGGGCTCC	T	0.0	0.002881844380403458	0.0	0.0007564296520423601
rs531895004	40848868	T	G	0.0	0.0	0.002044989775051125	0.0007564296520423601
rs67032351	40848940	TAGAG	T	0.7693836978131213	0.7939481268011528	0.6840490797546013	0.575642965204236
chr19:41354873G-GA	40848968	G	GA	0.0	0.0	0.0	0.0
chr19:41354881GA-G	40848976	GA	G	0.0	0.0	0.0	0.0
rs368499260	40849026	G	GAC	0.06759443339960239	0.1037463976945245	0.13394683026584867	0.07337367624810892
rs200110220	40849036	A	G	0.6341948310139165	0.7204610951008645	0.5357873210633947	0.491679273827534
rs201245811	40849037	G	A	0.6341948310139165	0.7204610951008645	0.5357873210633947	0.491679273827534
rs72549437	40849088	G	C	0.0	0.0	0.003067484662576687	0.01059001512859304
rs114114578	40849103	A	C	0.0	0.005763688760806916	0.0	0.11951588502269289
rs565605333	40849119	A	G	0.0009940357852882703	0.0	0.0	0.0
rs536267403	40849150	A	G	0.0	0.0	0.0	0.0
rs547855533	40849160	A	G	0.0	0.0	0.0	0.0007564296520423601
rs569969411	40849161	G	T	0.0	0.0	0.0	0.0
rs536649338	40849174	A	G	0.0009940357852882703	0.0	0.0	0.0
rs148948768	40849215	T	A	0.0	0.0	0.002044989775051125	0.012102874432677761
rs576524900	40849271	G	T	0.0	0.001440922190201729	0.0	0.0
rs534449205	40849276	T	C	0.0	0.0	0.0	0.0
rs553928000	40849279	A	C	0.0	0.0	0.0010224948875255625	0.0
rs7250713	40849290	G	C	0.5815109343936382	0.6685878962536023	0.5644171779141104	0.2639939485627837
rs543272794	40849304	G	A	0.0	0.0	0.0010224948875255625	0.0
rs554973769	40849354	G	T	0.0	0.0	0.0	0.0007564296520423601
rs547078508	40849386	A	G	0.0	0.0	0.0	0.0
rs543835444	40849394	G	C	0.0	0.0	0.0	0.0
rs571687041	40849400	G	A	0.0	0.0	0.0	0.0
rs569849001	40849448	G	A	0.0	0.0	0.0010224948875255625	0.0
rs188681749	40849480	C	G	0.003976143141153081	0.002881844380403458	0.0	0.0
rs559469574	40849485	A	C	0.0	0.0	0.0	0.0007564296520423601
rs140911924	40849513	A	G	0.0	0.001440922190201729	0.007157464212678937	0.0022692889561270802
rs55768417	40849514	A	G	0.0	0.012968299711815562	0.0	0.1686838124054463
rs56014815	40849521	C	T	0.0019880715705765406	0.002881844380403458	0.019427402862985686	0.0
rs530757847	40849553	A	G	0.0	0.0	0.0	0.0
rs551743511	40849605	G	A	0.0	0.0	0.0010224948875255625	0.0
rs185167383	40849610	A	C	0.0	0.0	0.0	0.00529500756429652
rs534388084	40849630	G	C	0.0	0.0	0.0	0.0015128593040847202
rs552811042	40849650	G	A	0.0	0.0	0.0	0.0
rs138920918	40849659	T	A	0.0	0.0	0.002044989775051125	0.0
rs138920918	40849659	T	C	0.0	0.0	0.002044989775051125	0.0
rs540630208	40849660	A	G	0.0	0.0	0.002044989775051125	0.0
rs552926611	40849665	T	G	0.0	0.0	0.0	0.0
rs142944774	40849677	A	G	0.0	0.0	0.0	0.006051437216338881
rs55930143	40849678	A	G	0.002982107355864811	0.002881844380403458	0.02147239263803681	0.015128593040847202
rs56145769	40849707	C	T	0.0019880715705765406	0.004322766570605188	0.0	0.04387291981845688
rs189326843	40849708	T	A	0.0	0.0	0.0	0.0015128593040847202
rs559599283	40849715	T	C	0.0	0.0	0.0010224948875255625	0.0
rs577714014	40849719	C	A	0.0	0.0	0.0010224948875255625	0.0
rs541653514	40849731	G	C	0.0	0.0	0.0	0.0015128593040847202
rs370779055	40849733	T	G	0.0	0.0	0.005112474437627812	0.0015128593040847202
rs568284749	40849749	G	A	0.0	0.0	0.003067484662576687	0.0
rs368498743	40849755	G	T	0.0	0.0	0.0	0.0
rs552078193	40849760	G	C	0.0	0.0	0.0	0.009077155824508321
rs72549436	40849771	C	A	0.0	0.002881844380403458	0.0	0.024205748865355523
rs377137055	40849776	G	A	0.0	0.0	0.0	0.0022692889561270802
rs546628995	40849796	C	T	0.0	0.0	0.0	0.0007564296520423601
rs28399439	40849808	AC	A	0.0	0.012968299711815562	0.0	0.1649016641452345
rs182169150	40849819	A	G	0.0009940357852882703	0.0	0.0	0.0
rs72549435	40849833	C	G	0.0	0.001440922190201729	0.0	0.01059001512859304
rs72549434	40849849	T	C	0.0	0.002881844380403458	0.0	0.012102874432677761
rs199545200	40849860	G	A	0.0	0.0	0.0	0.0
rs28609092	40849870	C	T	0.0	0.001440922190201729	0.0	0.037821482602118005
rs145308399	40849872	C	T	0.0009940357852882703	0.001440922190201729	0.02147239263803681	0.0015128593040847202
rs577267650	40849881	G	T	0.0	0.0	0.0010224948875255625	0.0
rs143067113	40849902	C	T	0.0	0.0	0.0	0.0007564296520423601
rs201250423	40849931	C	A	0.0	0.001440922190201729	0.0	0.0
rs201833760	40849933	C	A	0.002982107355864811	0.0	0.0	0.0
rs143690364	40849959	C	T	0.0	0.0	0.0	0.0007564296520423601
rs72549433	40849960	G	A	0.0	0.0	0.0	0.009833585476550681
rs199515342	40849971	G	A	0.004970178926441352	0.007204610951008645	0.0010224948875255625	0.0
rs545654135	40850004	T	C	0.0	0.0	0.002044989775051125	0.0
rs28399438	40850014	A	C	0.0009940357852882703	0.012968299711815562	0.0010224948875255625	0.1664145234493192
rs28399437	40850039	G	C	0.0	0.0	0.0	0.0030257186081694403
rs546270627	40850073	C	G	0.0	0.0	0.0	0.0015128593040847202
rs141128348	40850144	A	C	0.0	0.001440922190201729	0.0	0.037821482602118005
rs8192723	40850149	C	T	0.0	0.0	0.0	0.0
rs191965231	40850150	T	C	0.0	0.0	0.0	0.0015128593040847202
rs570229222	40850175	C	T	0.0	0.0	0.0010224948875255625	0.0
rs28399436	40850190	C	T	0.0	0.0	0.0	0.0
rs140179029	40850217	C	T	0.0	0.0	0.0	0.009077155824508321
rs8192722	40850218	G	A	0.0	0.012968299711815562	0.0	0.1664145234493192
rs535366981	40850227	A	G	0.0	0.0	0.0	0.0
rs553074588	40850229	C	T	0.0	0.0	0.0	0.0007564296520423601
rs369561609	40850233	C	G	0.0009940357852882703	0.0	0.0	0.0
rs56283800	40850283	C	T	0.08548707753479125	0.027377521613832854	0.05623721881390593	0.08698940998487141
rs139344949	40850292	G	A	0.003976143141153081	0.004322766570605188	0.0	0.0
rs575050301	40850299	A	G	0.0009940357852882703	0.0	0.0	0.0
rs28399435	40850341	C	T	0.032803180914512925	0.01729106628242075	0.022494887525562373	0.0022692889561270802
rs563981730	40850348	T	C	0.0	0.0	0.0010224948875255625	0.0
rs572785621	40850369	A	G	0.0	0.0	0.003067484662576687	0.0
rs1137115	40850376	T	C	0.7723658051689861	0.8126801152737753	0.6625766871165644	0.7768532526475038
rs151097223	40850385	G	A	0.0009940357852882703	0.0	0.0	0.0
rs373993802	40850389	A	G	0.0	0.0	0.0010224948875255625	0.0
rs8192720	40850405	G	A	0.005964214711729622	0.0	0.00408997955010225	0.028744326777609682
rs72549432	40850411	T	G	0.0	0.0	0.0	0.009833585476550681
rs28399434	40850414	C	T	0.0	0.0	0.0	0.0
rs201793905	40850453	C	T	0.0	0.0	0.0	0.0
rs28399433	40850474	A	C	0.07157057654075547	0.0994236311239193	0.15439672801635992	0.08245083207261725
rs528755675	40850518	T	C	0.0009940357852882703	0.0	0.0	0.0
rs547290288	40850520	C	T	0.0009940357852882703	0.0	0.0	0.0
rs183167151	40850537	A	G	0.0	0.002881844380403458	0.0	0.0
rs535847711	40850665	C	T	0.0	0.0	0.0	0.0
rs556984751	40850684	G	A	0.0	0.0	0.005112474437627812	0.0
rs569002462	40850685	A	T	0.0	0.0	0.0	0.006051437216338881
rs539580985	40850695	A	C	0.0	0.0	0.0	0.0015128593040847202
rs186024388	40850784	C	T	0.0009940357852882703	0.0	0.0	0.0
rs573015936	40850797	C	T	0.0	0.0	0.0	0.006051437216338881
rs190348643	40850802	G	T	0.0009940357852882703	0.001440922190201729	0.0	0.00832072617246596
rs182566222	40850803	G	A	0.0	0.0	0.0	0.006051437216338881
rs569889026	40850809	G	A	0.0	0.0	0.0	0.006051437216338881
rs67568271	40850821	C	T	0.004970178926441352	0.0	0.0	0.0
rs562506201	40850832	G	A	0.0	0.002881844380403458	0.0010224948875255625	0.0
rs10418304	40850846	A	G	0.0	0.012968299711815562	0.0	0.16414523449319213
rs192552732	40850853	A	G	0.0	0.0	0.0	0.012102874432677761
rs564640438	40850863	T	C	0.0	0.0	0.0	0.0007564296520423601
rs528697338	40850871	G	T	0.0	0.0	0.0010224948875255625	0.0
rs562381560	40850895	AGGGTT	A	0.0	0.0	0.0	0.01059001512859304
rs546932947	40850901	A	C	0.0	0.0	0.0	0.01059001512859304
rs115421560	40850903	G	A	0.0	0.0	0.0	0.00529500756429652
rs529600600	40850904	G	A	0.0	0.0	0.0	0.01059001512859304
rs550546868	40850905	G	T	0.0	0.0	0.0	0.01059001512859304
rs567179885	40850907	CT	C	0.0	0.0	0.0	0.01059001512859304
rs568939213	40850917	G	T	0.0	0.0	0.0	0.0037821482602118004
rs539519931	40850948	G	A	0.0	0.001440922190201729	0.0	0.0
rs147001205	40851013	G	A	0.02982107355864811	0.0	0.011247443762781187	0.0007564296520423601
rs566507807	40851015	G	A	0.0	0.0	0.011247443762781187	0.0
rs533992650	40851076	T	G	0.0	0.0	0.0	0.0007564296520423601
rs555319006	40851116	A	C	0.0019880715705765406	0.001440922190201729	0.0010224948875255625	0.0
