ID	POS	REF	ALT	EUR_ac	EUR_tc	EAS_ac	EAS_tc	AMR_ac	AMR_tc	SAS_ac	SAS_tc	AFR_ac	AFR_tc
rs561811623	40988573	G	A	0	1006	0	1008	0	694	3	978	0	1322
rs182240068	40988580	C	T	1	1006	0	1008	0	694	0	978	0	1322
rs543795324	40988609	T	C	0	1006	0	1008	0	694	0	978	12	1322
rs187956119	40988653	C	T	0	1006	1	1008	0	694	0	978	0	1322
rs532816273	40988670	C	T	0	1006	1	1008	0	694	1	978	0	1322
rs140520740	40988671	G	A	1	1006	0	1008	1	694	0	978	0	1322
rs140520740	40988671	G	C	1	1006	0	1008	1	694	0	978	0	1322
rs528657331	40988673	T	G	0	1006	0	1008	0	694	5	978	0	1322
rs547207054	40988692	C	T	0	1006	0	1008	0	694	0	978	10	1322
rs145144924	40988694	C	T	0	1006	10	1008	0	694	0	978	0	1322
rs536194204	40988767	G	A	0	1006	0	1008	0	694	1	978	0	1322
rs550949758	40988785	T	A	0	1006	1	1008	0	694	0	978	0	1322
rs149080647	40988842	G	A	9	1006	2	1008	5	694	18	978	47	1322
rs143150826	40988843	C	A	0	1006	2	1008	0	694	0	978	0	1322
rs192428789	40988844	C	T	1	1006	3	1008	0	694	0	978	8	1322
rs183046183	40988859	C	A	0	1006	0	1008	3	694	0	978	5	1322
rs533730695	40988925	G	A	0	1006	0	1008	0	694	0	978	8	1322
rs188208645	40988938	A	T	0	1006	0	1008	1	694	0	978	0	1322
rs573849696	40988954	C	T	1	1006	0	1008	0	694	0	978	0	1322
rs7254579	40988986	T	C	341	1006	434	1008	243	694	343	978	174	1322
rs562102736	40989003	T	C	0	1006	0	1008	0	694	0	978	5	1322
rs577234222	40989011	C	T	0	1006	0	1008	0	694	0	978	5	1322
rs193087709	40989021	T	G	0	1006	0	1008	0	694	0	978	5	1322
rs559976735	40989034	A	G	1	1006	0	1008	0	694	0	978	0	1322
rs184955966	40989046	A	T	0	1006	0	1008	0	694	0	978	10	1322
rs546875883	40989055	T	C	0	1006	0	1008	0	694	0	978	10	1322
rs191408507	40989074	T	C	0	1006	0	1008	0	694	0	978	10	1322
rs183497121	40989076	C	G	0	1006	0	1008	0	694	0	978	10	1322
rs138846025	40989092	C	A	0	1006	0	1008	0	694	0	978	11	1322
rs142725916	40989124	T	C	0	1006	2	1008	0	694	0	978	11	1322
rs146959232	40989143	G	T	0	1006	15	1008	0	694	0	978	0	1322
rs137894131	40989148	T	G	0	1006	0	1008	0	694	0	978	11	1322
rs141652953	40989163	T	C	0	1006	0	1008	0	694	0	978	11	1322
rs150898868	40989168	C	T	0	1006	2	1008	0	694	0	978	0	1322
rs139428153	40989197	C	T	0	1006	5	1008	0	694	0	978	0	1322
rs149644258	40989234	T	C	0	1006	0	1008	0	694	0	978	12	1322
rs537712125	40989239	C	A	0	1006	0	1008	0	694	1	978	0	1322
rs556018140	40989245	T	C	0	1006	0	1008	0	694	1	978	0	1322
rs146113189	40989247	A	G	0	1006	0	1008	0	694	0	978	8	1322
rs140132124	40989252	C	T	0	1006	0	1008	0	694	0	978	12	1322
rs143653808	40989296	C	T	0	1006	0	1008	0	694	0	978	12	1322
rs189348232	40989309	C	T	0	1006	0	1008	1	694	0	978	12	1322
rs146829547	40989314	G	A	0	1006	0	1008	0	694	0	978	12	1322
rs181760450	40989327	C	T	0	1006	0	1008	0	694	0	978	12	1322
rs1962261	40989334	C	T	1	1006	0	1008	9	694	0	978	179	1322
rs186228598	40989336	G	A	0	1006	0	1008	0	694	0	978	12	1322
rs190183021	40989350	A	G	0	1006	0	1008	0	694	0	978	12	1322
rs533708567	40989368	T	C	0	1006	0	1008	0	694	0	978	12	1322
rs551480245	40989423	T	G	0	1006	0	1008	0	694	0	978	12	1322
rs566861813	40989455	T	G	0	1006	0	1008	0	694	0	978	1	1322
rs139512553	40989458	C	A	0	1006	0	1008	0	694	4	978	0	1322
rs139512553	40989458	C	T	0	1006	0	1008	0	694	4	978	0	1322
rs142825979	40989466	C	T	0	1006	0	1008	0	694	0	978	12	1322
rs151006601	40989467	A	G	0	1006	0	1008	0	694	0	978	12	1322
rs140866026	40989470	G	A	0	1006	0	1008	0	694	0	978	1	1322
rs3760657	40989528	A	G	111	1006	177	1008	109	694	158	978	60	1322
rs554992743	40989531	AAGACCGAGGCCCTTGGTTC	A	0	1006	17	1008	0	694	0	978	0	1322
rs150173239	40989537	G	C	0	1006	0	1008	0	694	0	978	12	1322
rs181751752	40989561	A	G	0	1006	1	1008	0	694	1	978	0	1322
rs572025401	40989655	T	C	0	1006	0	1008	0	694	0	978	1	1322
rs540168162	40989658	A	AG	0	1006	0	1008	0	694	0	978	12	1322
rs553979142	40989669	C	T	0	1006	0	1008	2	694	0	978	0	1322
rs12721652	40989728	C	T	3	1006	0	1008	23	694	0	978	478	1322
rs111386238	40989734	A	G	0	0	0	0	0	0	0	0	0	0
rs557763084	40989741	AG	A	0	1006	0	1008	0	694	0	978	4	1322
rs147813000	40989750	C	T	1	1006	0	1008	0	694	0	978	0	1322
rs141374289	40989766	C	T	0	1006	0	1008	0	694	0	978	12	1322
rs563120063	40989768	C	T	0	1006	0	1008	0	694	1	978	0	1322
rs533618477	40989769	G	A	1	1006	0	1008	0	694	0	978	0	1322
rs114116842	40989802	T	C	0	1006	0	1008	1	694	0	978	29	1322
rs186498984	40989816	T	C	0	1006	0	1008	0	694	0	978	12	1322
rs111930595	40989817	G	A	0	1006	0	1008	0	694	0	978	12	1322
rs111930595	40989817	G	T	0	1006	0	1008	0	694	0	978	12	1322
rs138038979	40989826	G	A	0	1006	0	1008	0	694	0	978	12	1322
rs149453494	40989833	G	A	0	1006	0	1008	0	694	0	978	12	1322
rs143008826	40989840	G	A	0	1006	0	1008	0	694	0	978	12	1322
rs2054675	40989850	T	C	238	1006	229	1008	268	694	372	978	523	1322
rs538524057	40989897	G	T	0	1006	0	1008	0	694	1	978	0	1322
rs148199237	40989903	C	A	0	1006	0	1008	0	694	0	978	11	1322
rs565865949	40989910	G	A	0	1006	0	1008	0	694	0	978	1	1322
rs141973461	40989929	C	T	0	1006	0	1008	0	694	0	978	11	1322
rs146156466	40989933	C	G	0	1006	0	1008	0	694	0	978	11	1322
rs191290616	40989935	G	C	0	1006	0	1008	0	694	0	978	11	1322
rs138959280	40989939	G	T	0	1006	0	1008	0	694	0	978	11	1322
rs556752962	40989951	A	T	0	1006	0	1008	0	694	1	978	0	1322
rs578226478	40989963	C	T	0	1006	0	1008	0	694	0	978	1	1322
rs142193743	40990078	G	A	2	1006	0	1008	1	694	0	978	0	1322
rs12721648	40990082	A	G	1	1006	0	1008	0	694	0	978	0	1322
rs146327215	40990102	C	A	0	1006	1	1008	0	694	0	978	0	1322
rs139326108	40990103	C	T	0	1006	2	1008	0	694	0	978	0	1322
rs4802100	40990120	C	G	111	1006	176	1008	109	694	158	978	60	1322
rs531654529	40990182	G	A	0	1006	0	1008	0	694	0	978	1	1322
rs549880274	40990185	G	T	0	1006	0	1008	0	694	0	978	1	1322
rs150014282	40990197	A	G	0	1006	0	1008	0	694	0	978	1	1322
rs182372168	40990240	C	A	0	1006	5	1008	0	694	0	978	0	1322
rs144219969	40990332	C	A	0	1006	0	1008	1	694	0	978	19	1322
rs565951601	40990333	A	T	0	1006	0	1008	2	694	0	978	0	1322
rs536196980	40990356	G	A	0	1006	0	1008	0	694	13	978	0	1322
rs548159552	40990359	T	C	0	1006	0	1008	0	694	0	978	1	1322
rs144504412	40990416	G	A	0	1006	0	1008	0	694	0	978	1	1322
rs537107997	40990451	G	A	0	1006	0	1008	0	694	0	978	1	1322
rs558707782	40990483	C	T	1	1006	0	1008	0	694	1	978	0	1322
rs576893791	40990494	G	A	0	1006	0	1008	0	694	1	978	0	1322
rs185127208	40990502	C	A	0	1006	0	1008	0	694	0	978	8	1322
rs147862019	40990505	G	T	7	1006	0	1008	2	694	0	978	0	1322
rs141308022	40990514	T	C	0	1006	1	1008	0	694	0	978	0	1322
rs542925464	40990544	C	T	0	1006	0	1008	0	694	0	978	2	1322
rs12721653	40990549	C	T	1	1006	0	1008	10	694	0	978	258	1322
rs528911305	40990550	G	A	0	1006	2	1008	0	694	5	978	0	1322
rs543442320	40990554	G	A	0	1006	1	1008	0	694	0	978	0	1322
rs4802101	40990556	T	C	590	1006	665	1008	541	694	732	978	1247	1322
rs572895527	40990573	AG	A	0	1006	0	1008	3	694	0	978	6	1322
rs147618920	40990612	C	T	0	1006	0	1008	0	694	1	978	3	1322
rs547564478	40990668	C	T	0	1006	0	1008	6	694	0	978	0	1322
rs559553896	40990715	A	G	13	1006	0	1008	2	694	4	978	1	1322
rs533341111	40990756	C	T	2	1006	0	1008	0	694	0	978	0	1322
rs548518397	40990757	G	A	0	1006	0	1008	0	694	2	978	0	1322
rs116147485	40990781	G	A	0	1006	0	1008	0	694	0	978	11	1322
rs537020818	40990802	G	T	1	1006	0	1008	0	694	0	978	0	1322
rs552236119	40990845	G	A	1	1006	0	1008	0	694	0	978	0	1322
rs115047722	40990846	C	T	0	1006	0	1008	0	694	0	978	3	1322
rs75286757	40990850	T	C	7	1006	0	1008	0	694	0	978	1	1322
rs140762101	40990851	A	G	0	1006	0	1008	0	694	0	978	9	1322
rs572568863	40990905	C	G	0	1006	0	1008	1	694	0	978	0	1322
rs28723610	40990920	G	A	0	1006	0	1008	1	694	0	978	45	1322
rs539913857	40990945	GACAA	G	0	1006	0	1008	0	694	0	978	10	1322
rs554822015	40990973	T	G	0	1006	0	1008	0	694	1	978	0	1322
rs576365888	40990987	T	C	0	1006	0	1008	0	694	4	978	0	1322
rs543405619	40990998	A	G	0	1006	0	1008	0	694	0	978	3	1322
rs191070613	40991024	A	G	0	1006	0	1008	1	694	0	978	0	1322
rs577218764	40991078	C	T	1	1006	0	1008	0	694	0	978	0	1322
rs541174781	40991146	C	G	0	1006	0	1008	1	694	0	978	0	1322
rs559463236	40991178	G	A	0	1006	1	1008	0	694	0	978	0	1322
rs529868340	40991207	G	A	1	1006	0	1008	0	694	0	978	0	1322
rs34223104	40991224	T	C	9	1006	2	1008	5	694	18	978	48	1322
rs563558831	40991226	T	C	0	1006	0	1008	0	694	0	978	1	1322
rs530873393	40991233	G	T	0	1006	0	1008	0	694	2	978	0	1322
rs115178405	40991260	C	T	0	1006	0	1008	0	694	0	978	5	1322
rs200343014	40991288	G	A	2	1006	0	1008	0	694	0	978	0	1322
rs34477445	40991351	T	C	0	1006	0	1008	0	694	0	978	10	1322
rs150742423	40991359	C	A	1	1006	0	1008	0	694	0	978	0	1322
rs34883432	40991367	A	T	7	1006	1	1008	9	694	1	978	0	1322
rs8192709	40991369	C	T	63	1006	47	1008	30	694	43	978	55	1322
rs139980085	40991383	C	T	1	1006	0	1008	3	694	2	978	0	1322
rs33980385	40991388	A	G	0	1006	0	1008	2	694	0	978	17	1322
rs33926104	40991390	C	A	0	1006	0	1008	2	694	0	978	17	1322
rs34284776	40991391	G	C	0	1006	0	1008	2	694	0	978	17	1322
rs35303484	40991441	A	G	4	1006	0	1008	0	694	1	978	1	1322
rs541486480	40991462	A	C	0	1006	0	1008	0	694	0	978	2	1322
rs553168900	40991470	T	C	0	1006	0	1008	0	694	0	978	1	1322
rs575020216	40991490	G	T	0	1006	0	1008	0	694	0	978	1	1322
rs542036091	40991501	G	A	0	1006	0	1008	0	694	0	978	1	1322
rs563477465	40991532	G	C	0	1006	0	1008	0	694	3	978	0	1322
rs530785815	40991555	A	G	0	1006	0	1008	0	694	1	978	0	1322
rs545796268	40991571	T	G	1	1006	0	1008	0	694	0	978	0	1322
rs28399484	40991602	C	T	0	1006	0	1008	0	694	0	978	10	1322
rs528055545	40991619	T	C	0	1006	1	1008	0	694	0	978	0	1322
rs148835109	40991633	A	G	0	1006	1	1008	0	694	0	978	0	1322
rs28739581	40991670	T	A	2	1006	0	1008	21	694	0	978	473	1322
rs116548898	40991696	G	A	9	1006	2	1008	5	694	18	978	44	1322
rs548325476	40991726	C	T	0	1006	0	1008	0	694	0	978	1	1322
rs569922403	40991732	G	A	0	1006	0	1008	0	694	0	978	1	1322
rs537311056	40991736	G	T	0	1006	0	1008	0	694	0	978	1	1322
rs183537694	40991899	G	A	0	1006	0	1008	1	694	0	978	1	1322
rs189038770	40991911	T	C	0	1006	0	1008	1	694	0	978	0	1322
rs534693051	40991920	G	A	0	1006	0	1008	1	694	0	978	0	1322
rs553372149	40991935	G	A	0	1006	0	1008	0	694	2	978	0	1322
rs574939032	40991978	G	C	0	1006	0	1008	0	694	0	978	1	1322
rs542352504	40992017	C	T	0	1006	0	1008	0	694	0	978	1	1322
rs562671969	40992058	T	C	0	1006	0	1008	0	694	1	978	0	1322
rs572235797	40992061	G	A	3	1006	0	1008	0	694	0	978	0	1322
rs145161040	40992077	C	T	0	1006	0	1008	0	694	0	978	11	1322
rs1872122	40992092	C	T	342	1006	434	1008	242	694	341	978	132	1322
rs573134183	40992137	G	A	0	1006	0	1008	0	694	0	978	1	1322
rs561830421	40992201	CA	C	38	1006	63	1008	13	694	36	978	36	1322
rs139031137	40992363	G	A	0	1006	0	1008	0	694	0	978	8	1322
rs561353283	40992423	G	A	0	1006	0	1008	0	694	0	978	1	1322
rs2099361	40992443	C	A	652	1006	710	1008	571	694	775	978	1302	1322
rs550278614	40992486	G	A	1	1006	0	1008	0	694	15	978	0	1322
chr19:41498423T-C	40992518	T	C	0	0	0	0	0	0	0	0	0	0
rs563513071	40992534	T	C	0	1006	2	1008	0	694	0	978	0	1322
rs200438031	40992535	C	T	0	0	0	0	0	0	0	0	0	0
rs530991804	40992536	T	A	0	1006	0	1008	1	694	0	978	0	1322
rs552771838	40992584	T	C	1	1006	0	1008	0	694	0	978	0	1322
rs35149696	40992588	G	C	8	1006	0	1008	2	694	17	978	1	1322
rs535375642	40992600	C	A	1	1006	0	1008	0	694	0	978	0	1322
rs546636707	40992677	G	A	0	1006	4	1008	1	694	0	978	0	1322
rs35950631	40992686	A	C	2	1006	0	1008	19	694	0	978	442	1322
rs535923141	40992697	T	G	0	1006	0	1008	0	694	0	978	3	1322
rs192954396	40992717	G	A	0	1006	1	1008	1	694	0	978	0	1322
rs575840396	40992731	A	G	0	1006	0	1008	1	694	0	978	0	1322
rs183590498	40992735	G	C	0	1006	1	1008	0	694	0	978	0	1322
rs34716861	40992743	C	T	0	1006	0	1008	0	694	0	978	11	1322
rs150651255	40992772	G	A	9	1006	2	1008	5	694	18	978	34	1322
rs540532740	40992790	G	A	0	1006	1	1008	0	694	0	978	0	1322
rs28616828	40992807	A	G	0	1006	0	1008	1	694	0	978	45	1322
rs573284726	40992809	C	T	0	1006	0	1008	0	694	1	978	0	1322
rs117875279	40992810	G	A	9	1006	2	1008	5	694	18	978	34	1322
rs114867494	40992811	C	T	0	1006	0	1008	0	694	0	978	14	1322
rs377382467	40992816	G	A	1	1006	0	1008	0	694	4	978	0	1322
rs144644240	40992821	A	G	0	1006	2	1008	0	694	1	978	0	1322
rs6508963	40992828	T	C	341	1006	434	1008	248	694	342	978	218	1322
rs528745412	40992852	G	C	0	1006	0	1008	0	694	1	978	0	1322
rs547337854	40992859	A	G	0	1006	0	1008	1	694	0	978	0	1322
rs373766689	40992883	C	T	0	1006	0	1008	1	694	0	978	1	1322
rs16974790	40993041	G	A	11	1006	2	1008	25	694	18	978	494	1322
rs115734479	40993070	G	A	0	1006	0	1008	0	694	0	978	4	1322
rs147426303	40993077	A	G	4	1006	0	1008	0	694	0	978	0	1322
rs539922228	40993106	G	A	0	1006	0	1008	1	694	0	978	1	1322
rs73933721	40993123	G	A	2	1006	0	1008	19	694	0	978	434	1322
rs139730146	40993172	A	T	0	1006	1	1008	0	694	0	978	0	1322
rs16974794	40993189	A	G	2	1006	0	1008	21	694	0	978	443	1322
rs145308182	40993227	T	C	0	1006	0	1008	3	694	0	978	12	1322
rs371247052	40993234	G	A	0	1006	0	1008	0	694	8	978	0	1322
rs73559241	40993288	A	G	2	1006	0	1008	19	694	0	978	442	1322
rs112692941	40993320	G	C	1	1006	0	1008	9	694	0	978	179	1322
rs577618663	40993349	C	T	0	1006	0	1008	0	694	0	978	1	1322
rs183657353	40993393	G	A	0	1006	0	1008	0	694	0	978	1	1322
rs144975801	40993407	T	A	0	1006	0	1008	1	694	0	978	0	1322
rs149087913	40993423	A	T	0	1006	0	1008	0	694	0	978	2	1322
rs540861470	40993446	T	C	0	1006	0	1008	0	694	0	978	1	1322
rs186804901	40993491	G	T	1	1006	0	1008	0	694	0	978	1	1322
rs529658326	40993547	A	G	0	1006	0	1008	0	694	1	978	0	1322
rs550944057	40993572	A	T	1	1006	0	1008	0	694	0	978	0	1322
rs142110274	40993585	T	C	3	1006	0	1008	1	694	0	978	0	1322
rs528475071	40993617	T	G	7	1006	0	1008	0	694	0	978	1	1322
rs551875435	40993634	G	T	1	1006	0	1008	0	694	0	978	0	1322
chr19:41499625A-G	40993720	A	G	0	0	0	0	0	0	0	0	0	0
rs151181975	40993744	G	A	0	1006	0	1008	0	694	0	978	1	1322
rs368924129	40993745	T	A	0	1006	1	1008	0	694	0	978	0	1322
rs140071764	40993772	G	C	0	1006	0	1008	0	694	0	978	6	1322
rs567222010	40993843	C	G	0	1006	0	1008	0	694	1	978	0	1322
rs537753170	40993844	A	T	0	1006	0	1008	0	694	1	978	0	1322
rs10426235	40993911	G	A	0	1006	0	1008	1	694	0	978	44	1322
rs77654948	40993957	A	G	9	1006	2	1008	5	694	18	978	34	1322
rs2014141	40994084	A	G	589	1006	665	1008	541	694	731	978	1247	1322
rs111700983	40994110	C	A	10	1006	0	1008	1	694	0	978	0	1322
rs8192710	40994139	C	T	0	1006	3	1008	0	694	1	978	1	1322
rs191276512	40994140	G	A	1	1006	0	1008	0	694	1	978	0	1322
rs16974703	40994144	A	G	9	1006	0	1008	5	694	17	978	33	1322
rs8192711	40994152	G	A	63	1006	45	1008	30	694	43	978	55	1322
rs185670000	40994207	G	A	1	1006	0	1008	0	694	0	978	0	1322
rs112815799	40994229	T	G	0	1006	0	1008	0	694	0	978	7	1322
rs533340317	40994235	G	A	0	1006	0	1008	0	694	0	978	2	1322
rs551521045	40994268	G	A	0	1006	0	1008	0	694	0	978	1	1322
rs115944946	40994272	T	C	9	1006	0	1008	5	694	17	978	34	1322
rs145282403	40994286	A	T	0	1006	2	1008	0	694	1	978	2	1322
rs8100458	40994308	T	C	341	1006	434	1008	244	694	342	978	163	1322
rs567132940	40994320	G	A	1	1006	0	1008	0	694	0	978	0	1322
rs537719983	40994325	C	T	1	1006	0	1008	1	694	0	978	0	1322
rs550027449	40994364	C	A	0	1006	0	1008	0	694	1	978	0	1322
rs8192712	40994395	T	C	111	1006	176	1008	108	694	158	978	43	1322
rs538618757	40994528	G	A	1	1006	0	1008	0	694	0	978	0	1322
rs146428713	40994531	G	A	0	1006	0	1008	0	694	0	978	2	1322
rs572058272	40994659	C	T	0	1006	0	1008	0	694	1	978	0	1322
rs536360274	40994680	A	G	0	1006	0	1008	0	694	0	978	1	1322
rs4803415	40994688	C	T	111	1006	176	1008	109	694	159	978	60	1322
rs140703188	40994705	G	A	0	1006	2	1008	0	694	0	978	0	1322
rs544850578	40994820	A	G	0	1006	0	1008	0	694	1	978	0	1322
rs563183673	40994928	G	A	0	1006	0	1008	1	694	0	978	0	1322
rs16974796	40995010	A	C	2	1006	0	1008	12	694	0	978	255	1322
rs545384897	40995055	G	A	0	1006	0	1008	0	694	0	978	1	1322
rs560290839	40995080	C	T	0	1006	2	1008	0	694	0	978	0	1322
rs190577922	40995101	A	G	2	1006	0	1008	0	694	0	978	0	1322
rs114957222	40995149	G	A	0	1006	0	1008	1	694	0	978	9	1322
rs145898770	40995164	A	G	1	1006	0	1008	3	694	0	978	31	1322
rs531385796	40995209	T	C	0	1006	0	1008	0	694	0	978	2	1322
rs117398851	40995216	G	A	14	1006	0	1008	8	694	6	978	1	1322
rs138265556	40995219	G	C	0	1006	0	1008	0	694	0	978	11	1322
rs149626357	40995229	A	G	0	1006	0	1008	3	694	0	978	12	1322
rs547326800	40995344	C	G	0	1006	0	1008	0	694	0	978	1	1322
rs143276579	40995351	C	A	8	1006	0	1008	2	694	17	978	1	1322
rs536327635	40995357	C	A	1	1006	0	1008	0	694	0	978	0	1322
rs554686331	40995387	G	A	0	1006	0	1008	1	694	0	978	0	1322
rs59243457	40995398	C	T	246	1006	231	1008	273	694	389	978	558	1322
rs538427272	40995417	C	T	0	1006	0	1008	0	694	0	978	1	1322
rs571718008	40995438	C	T	2	1006	0	1008	0	694	1	978	0	1322
rs373065231	40995451	T	C	0	1006	1	1008	1	694	0	978	0	1322
rs545387530	40995491	G	C	0	1006	0	1008	0	694	1	978	0	1322
rs181789767	40995526	G	T	0	1006	0	1008	0	694	0	978	1	1322
rs148333299	40995574	A	G	0	1006	0	1008	0	694	0	978	4	1322
rs185171488	40995633	G	A	0	1006	0	1008	0	694	0	978	1	1322
rs60618718	40995635	G	T	2	1006	0	1008	19	694	0	978	445	1322
rs531736908	40995647	T	C	0	1006	0	1008	0	694	0	978	1	1322
rs549899589	40995666	G	T	0	1006	0	1008	0	694	0	978	1	1322
rs564939261	40995686	T	C	0	1006	0	1008	1	694	0	978	0	1322
rs532398286	40995701	A	T	0	1006	0	1008	0	694	1	978	0	1322
rs547394807	40995705	A	G	0	1006	0	1008	0	694	0	978	1	1322
rs143125733	40995724	G	A	1	1006	0	1008	3	694	0	978	33	1322
rs529701041	40995745	A	G	1	1006	0	1008	0	694	0	978	0	1322
rs1872123	40995754	G	T	245	1006	231	1008	272	694	385	978	556	1322
rs1872124	40995755	A	T	236	1006	229	1008	264	694	367	978	516	1322
chr19:41501699ATGATATT-A	40995794	ATGATATT	A	0	0	0	0	0	0	0	0	0	0
rs1872125	40995811	T	C	237	1006	229	1008	268	694	370	978	523	1322
rs556678724	40995813	C	G	0	1006	0	1008	0	694	0	978	1	1322
rs571763164	40995893	C	A	1	1006	0	1008	0	694	0	978	0	1322
rs567183178	40995910	A	G	1	1006	0	1008	0	694	0	978	0	1322
rs554028477	40995937	C	T	1	1006	0	1008	0	694	0	978	0	1322
rs548144843	40996064	C	T	0	1006	0	1008	1	694	9	978	0	1322
rs542608662	40996065	G	A	0	1006	0	1008	0	694	0	978	1	1322
rs188688874	40996124	T	A	0	1006	0	1008	3	694	0	978	12	1322
rs576440153	40996131	T	G	0	1006	0	1008	0	694	1	978	0	1322
rs147449932	40996157	T	C	8	1006	0	1008	2	694	17	978	1	1322
rs139874960	40996162	A	G	0	1006	0	1008	4	694	0	978	56	1322
rs143688463	40996175	G	A	0	1006	4	1008	0	694	0	978	0	1322
rs150599836	40996176	C	T	0	1006	0	1008	0	694	0	978	14	1322
rs181115812	40996260	A	G	0	1006	0	1008	1	694	0	978	0	1322
rs185664164	40996305	C	T	2	1006	0	1008	0	694	0	978	0	1322
rs190026991	40996371	G	C	1	1006	1	1008	0	694	2	978	0	1322
rs180779053	40996416	G	A	0	1006	0	1008	1	694	0	978	0	1322
rs139568824	40996444	T	C	0	1006	0	1008	0	694	0	978	1	1322
rs149726648	40996448	A	C	0	1006	0	1008	0	694	0	978	3	1322
rs570561887	40996511	G	A	0	1006	0	1008	0	694	23	978	0	1322
rs538848815	40996516	C	T	0	1006	1	1008	0	694	0	978	0	1322
rs553989874	40996519	A	G	0	1006	0	1008	0	694	1	978	0	1322
rs8101756	40996617	T	C	245	1006	231	1008	270	694	389	978	526	1322
rs192135895	40996671	C	G	0	1006	0	1008	0	694	0	978	10	1322
rs145504530	40996686	T	C	8	1006	0	1008	2	694	17	978	1	1322
chr19:41502594T-C	40996689	T	C	0	0	0	0	0	0	0	0	0	0
rs6508964	40996697	G	A	589	1006	666	1008	542	694	731	978	1247	1322
rs543824637	40996731	G	A	0	1006	0	1008	0	694	3	978	0	1322
rs558770151	40996737	C	T	0	1006	2	1008	0	694	0	978	0	1322
rs8104022	40996929	C	A	237	1006	230	1008	268	694	371	978	524	1322
rs144057284	40996955	G	A	0	1006	0	1008	0	694	0	978	2	1322
rs10409285	40997065	C	T	245	1006	231	1008	270	694	389	978	525	1322
rs529977747	40997082	G	C	0	1006	1	1008	0	694	0	978	0	1322
rs4803416	40997117	C	T	589	1006	665	1008	541	694	732	978	1247	1322
rs183519823	40997122	T	C	0	1006	1	1008	0	694	0	978	0	1322
rs143815674	40997234	G	T	0	1006	0	1008	3	694	0	978	12	1322
rs188509697	40997243	C	T	0	1006	0	1008	0	694	0	978	12	1322
rs190474758	40997251	G	T	1	1006	0	1008	0	694	0	978	39	1322
rs4802102	40997334	C	A	589	1006	666	1008	541	694	733	978	1243	1322
rs4802103	40997340	C	T	343	1006	434	1008	267	694	344	978	667	1322
rs62109048	40997352	T	C	237	1006	230	1008	268	694	371	978	524	1322
rs116960502	40997365	A	G	7	1006	0	1008	3	694	0	978	2	1322
rs548449434	40997403	C	T	0	1006	0	1008	0	694	6	978	0	1322
rs115724236	40997405	C	T	0	1006	0	1008	2	694	0	978	30	1322
rs537044115	40997410	G	T	0	1006	0	1008	0	694	0	978	1	1322
rs558958052	40997437	C	T	0	1006	1	1008	0	694	1	978	0	1322
rs577222639	40997457	T	C	0	1006	0	1008	0	694	0	978	1	1322
rs368980929	40997463	TA	T	0	1006	0	1008	2	694	0	978	26	1322
rs7250601	40997499	A	C	0	1006	49	1008	0	694	0	978	0	1322
rs7250601	40997499	A	T	0	1006	49	1008	0	694	0	978	0	1322
rs7251624	40997542	T	A	246	1006	231	1008	273	694	389	978	573	1322
rs7250745	40997555	C	T	245	1006	231	1008	270	694	389	978	526	1322
rs151123536	40997576	C	G	0	1006	0	1008	3	694	0	978	12	1322
rs575540531	40997651	A	C	0	1006	0	1008	1	694	0	978	0	1322
rs7250873	40997717	A	G	246	1006	231	1008	274	694	389	978	572	1322
rs182707038	40997751	G	A	0	1006	0	1008	1	694	0	978	3	1322
rs528138899	40997752	G	A	0	1006	1	1008	0	694	0	978	0	1322
rs7250991	40997803	A	C	246	1006	231	1008	273	694	389	978	572	1322
rs145754611	40997824	AGGTGGT	A	0	1006	0	1008	1	694	0	978	44	1322
rs186932764	40997830	T	G	0	1006	1	1008	0	694	0	978	0	1322
rs530213239	40997852	C	A	0	1006	0	1008	0	694	0	978	1	1322
rs548417386	40997864	C	G	0	1006	1	1008	0	694	0	978	0	1322
rs141034049	40997887	G	A	0	1006	1	1008	0	694	0	978	0	1322
rs537753969	40997912	C	A	0	1006	0	1008	0	694	0	978	1	1322
rs150235766	40997941	A	T	0	1006	0	1008	0	694	0	978	1	1322
rs138903679	40997971	A	T	0	1006	0	1008	3	694	0	978	11	1322
rs143061026	40997973	G	A	0	1006	0	1008	0	694	0	978	5	1322
rs553483243	40997996	G	T	0	1006	0	1008	0	694	2	978	0	1322
rs575022061	40998000	A	T	0	1006	0	1008	0	694	0	978	1	1322
rs117016364	40998058	C	T	6	1006	0	1008	1	694	0	978	0	1322
rs200588848	40998102	T	TA	4	1006	0	1008	3	694	1	978	46	1322
rs147064367	40998147	C	A	1	1006	0	1008	3	694	0	978	47	1322
rs191422549	40998148	G	A	1	1006	0	1008	0	694	0	978	0	1322
rs138285756	40998159	T	C	1	1006	0	1008	3	694	0	978	47	1322
rs143885299	40998166	G	T	1	1006	0	1008	3	694	0	978	47	1322
rs16974799	40998172	C	T	245	1006	231	1008	270	694	390	978	537	1322
rs539874566	40998193	G	A	0	1006	0	1008	0	694	4	978	0	1322
rs561440385	40998204	T	A	0	1006	1	1008	0	694	0	978	0	1322
rs529004298	40998226	C	G	0	1006	0	1008	0	694	0	978	1	1322
rs184311755	40998235	C	T	0	1006	0	1008	0	694	0	978	2	1322
rs373034051	40998236	G	A	0	1006	2	1008	0	694	0	978	0	1322
rs531077752	40998252	T	C	0	1006	1	1008	0	694	0	978	0	1322
rs552855691	40998255	T	C	0	1006	1	1008	1	694	0	978	0	1322
rs144121983	40998262	G	A	0	1006	0	1008	1	694	0	978	17	1322
rs79472458	40998266	A	G	29	1006	1	1008	6	694	2	978	3	1322
rs547063135	40998308	C	T	0	1006	0	1008	0	694	1	978	0	1322
rs62109049	40998344	T	C	245	1006	231	1008	270	694	389	978	529	1322
rs535962358	40998368	A	G	0	1006	1	1008	0	694	0	978	0	1322
rs556843383	40998372	G	A	0	1006	0	1008	0	694	1	978	0	1322
rs370980007	40998415	C	G	0	1006	0	1008	0	694	8	978	0	1322
rs373847107	40998426	T	C	0	1006	4	1008	0	694	1	978	0	1322
rs558014709	40998447	A	T	0	1006	0	1008	0	694	1	978	0	1322
rs57843722	40998489	C	T	2	1006	0	1008	19	694	0	978	445	1322
rs536923532	40998490	G	A	0	1006	0	1008	0	694	10	978	0	1322
rs112882426	40998572	C	G	0	0	0	0	0	0	0	0	0	0
rs554948308	40998583	C	T	0	1006	0	1008	1	694	0	978	3	1322
rs573364381	40998584	C	G	0	1006	0	1008	0	694	2	978	0	1322
rs188864339	40998606	A	G	111	1006	175	1008	108	694	158	978	38	1322
rs201798198	40998611	T	C	246	1006	231	1008	273	694	389	978	573	1322
rs531111560	40998634	T	C	0	1006	0	1008	0	694	1	978	0	1322
rs374007467	40998643	A	T	0	1006	10	1008	0	694	0	978	0	1322
rs141308123	40998678	G	GT	342	1006	431	1008	242	694	342	978	131	1322
rs199696183	40998693	C	A	246	1006	231	1008	273	694	387	978	570	1322
rs12709842	40998887	A	G	330	1006	374	1008	250	694	316	978	612	1322
rs10424026	40999066	C	T	237	1006	229	1008	267	694	371	978	529	1322
rs568481257	40999119	A	G	1	1006	0	1008	0	694	0	978	0	1322
rs529340757	40999211	C	A	0	1006	0	1008	0	694	4	978	0	1322
rs551028317	40999251	C	T	13	1006	0	1008	0	694	0	978	0	1322
rs569285587	40999280	C	G	0	1006	0	1008	0	694	0	978	1	1322
rs539608810	40999305	T	G	0	1006	0	1008	0	694	0	978	2	1322
rs374057663	40999324	C	T	1	1006	0	1008	3	694	0	978	30	1322
rs35177224	40999333	A	T	341	1006	433	1008	242	694	342	978	133	1322
rs533846962	40999345	C	T	0	1006	0	1008	1	694	0	978	4	1322
rs193207694	40999561	C	G	0	1006	0	1008	0	694	2	978	0	1322
rs11880631	40999562	G	A	2	1006	2	1008	19	694	1	978	445	1322
rs543895124	40999564	T	G	0	1006	0	1008	0	694	0	978	3	1322
rs556210077	40999595	G	C	0	1006	3	1008	0	694	0	978	0	1322
rs34801721	40999621	A	T	63	1006	45	1008	30	694	43	978	55	1322
rs546330553	40999623	C	A	0	1006	0	1008	0	694	1	978	0	1322
rs185205035	40999657	A	G	3	1006	0	1008	1	694	0	978	0	1322
rs139309628	40999716	T	A	16	1006	0	1008	2	694	1	978	1	1322
rs2873265	40999748	G	A	341	1006	434	1008	248	694	343	978	217	1322
rs562393632	40999792	G	C	0	1006	0	1008	0	694	1	978	0	1322
rs2873264	40999803	C	T	341	1006	434	1008	242	694	343	978	133	1322
rs146469747	40999884	C	T	0	1006	0	1008	0	694	2	978	8	1322
rs114224908	40999965	A	G	0	1006	0	1008	0	694	0	978	10	1322
rs115417829	40999980	A	C	1	1006	0	1008	3	694	0	978	29	1322
rs74833194	40999995	T	A	24	1006	1	1008	1	694	14	978	1	1322
rs149674832	41000010	C	T	0	1006	0	1008	0	694	0	978	25	1322
rs189231110	41000055	G	C	0	1006	1	1008	0	694	0	978	0	1322
rs548843834	41000064	G	A	0	1006	1	1008	0	694	0	978	0	1322
rs149210713	41000141	T	C	0	1006	0	1008	0	694	0	978	9	1322
rs537839836	41000144	G	T	0	1006	0	1008	0	694	0	978	2	1322
rs142458860	41000160	C	T	2	1006	0	1008	0	694	12	978	0	1322
rs577625324	41000254	G	A	0	1006	0	1008	0	694	0	978	1	1322
rs3786547	41000286	T	C	237	1006	230	1008	268	694	372	978	525	1322
rs181586398	41000328	G	A	0	1006	0	1008	2	694	0	978	0	1322
rs113200811	41000371	T	C	0	0	0	0	0	0	0	0	0	0
rs573452446	41000426	C	T	0	1006	0	1008	0	694	3	978	0	1322
rs540861232	41000429	C	G	0	1006	0	1008	0	694	1	978	0	1322
rs147918909	41000444	G	A	0	1006	0	1008	0	694	0	978	3	1322
rs574297836	41000457	G	A	1	1006	0	1008	0	694	1	978	0	1322
rs544550245	41000463	G	A	0	1006	0	1008	0	694	0	978	2	1322
rs79490588	41000503	G	T	0	1006	2	1008	0	694	1	978	0	1322
rs147061770	41000506	C	T	0	1006	0	1008	0	694	0	978	10	1322
rs138419830	41000537	A	G	0	1006	0	1008	0	694	0	978	14	1322
rs560241525	41000555	C	T	0	1006	1	1008	0	694	0	978	0	1322
rs527467943	41000578	C	T	0	1006	1	1008	0	694	0	978	0	1322
rs114554376	41000601	A	G	0	1006	0	1008	0	694	0	978	5	1322
rs184273051	41000652	T	C	0	1006	0	1008	0	694	0	978	7	1322
rs188606568	41000693	G	T	0	1006	1	1008	0	694	0	978	0	1322
rs549713955	41000721	A	G	0	1006	0	1008	1	694	0	978	1	1322
rs2200237	41000760	T	C	246	1006	232	1008	273	694	389	978	569	1322
rs118105452	41000829	G	A	17	1006	1	1008	5	694	7	978	2	1322
rs140927462	41000846	C	A	0	1006	1	1008	0	694	0	978	0	1322
rs185963139	41000862	A	G	0	1006	0	1008	1	694	0	978	5	1322
rs534388236	41000931	C	T	0	1006	1	1008	0	694	0	978	0	1322
rs150184453	41000934	G	A	0	1006	0	1008	0	694	0	978	8	1322
rs138734531	41000967	A	C	1	1006	0	1008	2	694	0	978	10	1322
rs544596529	41000969	G	A	0	1006	0	1008	0	694	0	978	1	1322
rs556496657	41000994	G	A	0	1006	0	1008	0	694	0	978	1	1322
rs113496319	41001015	G	A	0	1006	0	1008	2	694	0	978	30	1322
rs192003325	41001017	C	T	2	1006	0	1008	1	694	0	978	0	1322
rs560204952	41001024	A	G	0	1006	0	1008	0	694	0	978	1	1322
rs149312374	41001034	C	T	0	1006	0	1008	0	694	0	978	1	1322
rs542367377	41001042	A	T	0	1006	0	1008	0	694	0	978	1	1322
rs560940146	41001044	A	C	1	1006	0	1008	0	694	0	978	0	1322
rs10412702	41001048	C	A	589	1006	667	1008	532	694	732	978	1103	1322
rs549784809	41001049	C	A	0	1006	0	1008	0	694	0	978	2	1322
rs11881991	41001059	A	G	247	1006	231	1008	270	694	389	978	569	1322
rs182575435	41001064	C	A	1	1006	0	1008	0	694	1	978	0	1322
rs186252259	41001074	A	T	0	1006	0	1008	0	694	0	978	1	1322
rs111994957	41001100	G	A	10	1006	0	1008	3	694	0	978	0	1322
rs138018017	41001103	G	T	0	1006	0	1008	115	694	0	978	1	1322
rs555896930	41001105	A	C	0	1006	1	1008	0	694	0	978	0	1322
rs142589200	41001110	T	C	0	1006	0	1008	0	694	0	978	14	1322
rs538464067	41001119	T	C	0	1006	0	1008	0	694	0	978	1	1322
rs576225953	41001141	G	A	0	1006	0	1008	0	694	0	978	8	1322
rs145964215	41001152	C	T	10	1006	1	1008	6	694	22	978	0	1322
rs139845985	41001178	C	G	0	1006	2	1008	0	694	0	978	0	1322
rs190618046	41001207	T	G	0	1006	0	1008	0	694	0	978	4	1322
rs570193307	41001224	A	T	8	1006	1	1008	2	694	17	978	4	1322
rs182836510	41001225	T	G	8	1006	1	1008	2	694	17	978	4	1322
rs561460723	41001337	A	G	0	1006	0	1008	1	694	0	978	3	1322
rs531389469	41001359	T	A	0	1006	0	1008	1	694	0	978	0	1322
rs543640448	41001366	T	C	0	1006	0	1008	0	694	0	978	3	1322
rs538762309	41001368	A	G	0	1006	0	1008	0	694	1	978	0	1322
rs532448822	41001386	G	A	0	1006	2	1008	0	694	0	978	0	1322
rs142124407	41001400	G	A	0	1006	0	1008	0	694	0	978	7	1322
rs187075863	41001417	C	T	0	1006	2	1008	9	694	0	978	1	1322
rs189999481	41001418	A	G	0	1006	2	1008	9	694	0	978	1	1322
rs150706448	41001422	G	A	0	1006	2	1008	9	694	0	978	1	1322
rs139044778	41001438	C	T	0	1006	0	1008	1	694	0	978	19	1322
rs538046608	41001453	A	G	1	1006	0	1008	0	694	0	978	0	1322
rs556764417	41001522	G	A	0	1006	0	1008	0	694	0	978	1	1322
rs147969222	41001575	A	G	0	1006	0	1008	0	694	0	978	8	1322
rs34353716	41001601	G	A	23	1006	0	1008	7	694	9	978	3	1322
rs553720646	41001615	A	C	0	1006	0	1008	0	694	0	978	2	1322
rs572085767	41001616	T	C	0	1006	0	1008	0	694	0	978	1	1322
rs536683481	41001622	A	G	0	1006	0	1008	0	694	0	978	1	1322
rs554755597	41001632	T	C	0	1006	0	1008	0	694	1	978	0	1322
rs576524070	41001636	A	G	0	1006	1	1008	0	694	0	978	0	1322
rs141728245	41001654	G	A	1	1006	0	1008	0	694	1	978	1	1322
rs565081756	41001661	C	T	0	1006	1	1008	0	694	0	978	0	1322
rs145594100	41001662	C	T	0	1006	0	1008	0	694	0	978	12	1322
rs541361104	41001667	T	C	0	1006	1	1008	0	694	0	978	0	1322
rs559715037	41001698	A	G	0	1006	0	1008	0	694	0	978	0	1322
rs529701087	41001700	A	C	0	1006	0	1008	0	694	0	978	3	1322
rs548208637	41001701	A	G	0	1006	1	1008	0	694	0	978	0	1322
chr19:41507614G-A	41001709	G	A	0	0	0	0	0	0	0	0	0	0
rs147723616	41001717	C	G	0	1006	2	1008	0	694	0	978	0	1322
rs149157605	41001757	T	C	0	1006	0	1008	5	694	0	978	24	1322
rs143292752	41001784	C	T	0	1006	0	1008	0	694	0	978	2	1322
rs148289227	41001785	G	A	0	1006	0	1008	3	694	0	978	9	1322
rs538874398	41001792	G	T	0	1006	0	1008	0	694	0	978	1	1322
rs111481143	41001825	A	T	0	1006	0	1008	0	694	0	978	5	1322
rs566072001	41001847	G	C	0	1006	0	1008	0	694	0	978	1	1322
rs536245790	41001880	G	A	0	1006	0	1008	0	694	0	978	1	1322
rs74915357	41001915	T	C	0	1006	0	1008	0	694	0	978	10	1322
rs576416951	41001920	T	G	0	1006	0	1008	0	694	0	978	1	1322
rs537565915	41001935	T	C	0	1006	0	1008	0	694	0	978	10	1322
rs397827622	41001941	G	GT	579	1006	656	1008	521	694	702	978	1034	1322
rs200678201	41001951	C	T	0	0	0	0	0	0	0	0	0	0
rs558759045	41001959	A	G	0	1006	0	1008	0	694	0	978	8	1322
rs577093468	41001960	G	A	0	1006	0	1008	0	694	0	978	10	1322
rs138155779	41001988	T	A	0	1006	0	1008	0	694	0	978	10	1322
rs142676337	41001995	A	T	0	1006	15	1008	0	694	0	978	0	1322
rs574722784	41002010	C	T	0	1006	0	1008	0	694	1	978	10	1322
rs187712541	41002012	A	C	1	1006	0	1008	0	694	0	978	0	1322
rs111959737	41002030	A	G	0	0	0	0	0	0	0	0	0	0
rs145990608	41002034	G	A	0	1006	0	1008	0	694	0	978	1	1322
rs138673607	41002060	T	C	0	1006	3	1008	0	694	0	978	0	1322
rs35333063	41002088	G	T	0	1006	0	1008	0	694	0	978	29	1322
rs34240232	41002092	C	T	0	1006	0	1008	0	694	0	978	11	1322
rs532557103	41002098	G	A	0	1006	0	1008	0	694	1	978	0	1322
rs35405844	41002104	C	A	0	1006	5	1008	0	694	0	978	0	1322
rs4803417	41002115	C	A	591	1006	665	1008	532	694	729	978	1098	1322
rs536958495	41002133	T	A	0	1006	0	1008	1	694	0	978	0	1322
rs548252509	41002172	G	A	0	1006	1	1008	0	694	0	978	0	1322
rs570051761	41002189	T	G	0	1006	0	1008	0	694	1	978	0	1322
rs537080841	41002211	T	C	0	1006	0	1008	0	694	1	978	0	1322
rs142525808	41002215	C	G	0	1006	0	1008	0	694	0	978	11	1322
rs571001867	41002236	C	G	0	1006	0	1008	2	694	0	978	0	1322
rs77528739	41002306	C	A	0	1006	0	1008	0	694	0	978	11	1322
rs553208015	41002330	T	G	0	1006	0	1008	0	694	1	978	0	1322
rs140154941	41002383	G	A	0	1006	1	1008	0	694	0	978	11	1322
rs542123667	41002410	G	A	0	1006	0	1008	0	694	1	978	0	1322
rs557000824	41002421	T	C	0	1006	0	1008	1	694	4	978	0	1322
rs575160955	41002450	A	G	0	1006	0	1008	0	694	0	978	2	1322
rs145685670	41002453	G	A	0	1006	0	1008	0	694	0	978	11	1322
rs529798590	41002457	C	T	0	1006	0	1008	0	694	0	978	4	1322
rs147707961	41002458	G	A	0	1006	0	1008	1	694	0	978	11	1322
rs541183889	41002475	T	A	0	1006	0	1008	0	694	0	978	2	1322
rs139894261	41002490	A	G	0	1006	0	1008	0	694	0	978	11	1322
rs192279168	41002494	A	G	0	1006	0	1008	0	694	0	978	9	1322
rs548844422	41002501	A	G	0	1006	0	1008	0	694	0	978	11	1322
rs570290161	41002511	T	A	0	1006	0	1008	0	694	0	978	1	1322
rs149796493	41002530	T	G	0	1006	0	1008	0	694	0	978	11	1322
rs10500282	41002537	T	C	260	1006	224	1008	267	694	377	978	549	1322
rs570912111	41002553	T	C	0	1006	0	1008	0	694	1	978	0	1322
rs535133349	41002557	T	C	0	1006	3	1008	0	694	0	978	0	1322
rs145787183	41002560	G	C	0	1006	0	1008	0	694	0	978	4	1322
rs568268901	41002563	C	T	0	1006	0	1008	0	694	0	978	4	1322
rs184232100	41002574	A	G	1	1006	0	1008	2	694	0	978	10	1322
rs557209347	41002587	G	A	0	1006	0	1008	0	694	0	978	4	1322
rs145619502	41002593	G	A	0	1006	3	1008	0	694	0	978	0	1322
rs187805734	41002601	G	A	0	1006	16	1008	0	694	0	978	0	1322
rs557340481	41002611	T	A	0	1006	0	1008	0	694	0	978	1	1322
rs572568391	41002618	C	G	0	1006	0	1008	0	694	0	978	1	1322
rs539960818	41002633	C	T	0	1006	0	1008	1	694	0	978	1	1322
rs146552641	41002634	G	A	0	1006	1	1008	0	694	0	978	0	1322
rs530300458	41002673	C	T	0	1006	1	1008	0	694	0	978	5	1322
rs542099829	41002705	T	C	0	1006	0	1008	0	694	0	978	5	1322
rs564005997	41002721	G	T	0	1006	1	1008	0	694	0	978	0	1322
rs141063381	41002725	T	C	0	1006	15	1008	0	694	0	978	0	1322
rs552567189	41002755	G	C	0	1006	0	1008	0	694	0	978	2	1322
rs570877245	41002758	A	C	1	1006	0	1008	0	694	0	978	0	1322
rs528569889	41002794	G	A	0	1006	0	1008	0	694	0	978	10	1322
rs547099314	41002815	G	A	0	1006	0	1008	2	694	0	978	0	1322
rs11672911	41002839	G	A	317	1006	432	1008	239	694	333	978	125	1322
rs144892921	41002840	C	A	0	1006	0	1008	0	694	0	978	10	1322
rs550502319	41002912	C	T	0	1006	0	1008	0	694	0	978	1	1322
rs569092964	41002942	G	A	0	1006	0	1008	1	694	0	978	10	1322
rs539364290	41002951	T	A	0	1006	0	1008	0	694	0	978	1	1322
rs557301726	41002974	T	C	0	1006	0	1008	0	694	0	978	10	1322
rs75833439	41002985	A	G	5	1006	0	1008	0	694	0	978	0	1322
rs192288439	41002986	C	G	0	1006	0	1008	0	694	0	978	9	1322
rs555432457	41002989	G	T	0	1006	0	1008	0	694	0	978	10	1322
rs573701792	41002992	T	C	0	1006	0	1008	0	694	0	978	10	1322
rs184395385	41003000	G	C	0	1006	0	1008	0	694	0	978	4	1322
rs76960340	41003012	A	T	0	1006	0	1008	0	694	0	978	10	1322
rs575977593	41003016	T	C	0	1006	0	1008	0	694	2	978	0	1322
rs75711092	41003027	A	G	0	1006	0	1008	0	694	0	978	10	1322
rs141290615	41003051	G	A	0	1006	0	1008	0	694	0	978	10	1322
rs528483320	41003057	G	T	0	1006	0	1008	1	694	0	978	0	1322
rs546722370	41003102	G	T	0	1006	0	1008	0	694	0	978	10	1322
rs562163590	41003107	G	C	0	1006	0	1008	0	694	1	978	0	1322
rs1987236	41003128	G	A	580	1006	661	1008	518	694	709	978	1029	1322
rs550716818	41003134	T	G	1	1006	0	1008	1	694	1	978	0	1322
rs35281419	41003179	A	G	3	1006	3	1008	0	694	0	978	3	1322
rs189654204	41003189	G	A	0	1006	3	1008	0	694	0	978	0	1322
rs150317545	41003191	G	A	0	1006	0	1008	0	694	0	978	11	1322
rs138000923	41003192	G	A	0	1006	0	1008	0	694	0	978	11	1322
rs143541819	41003219	T	C	1	1006	0	1008	0	694	1	978	3	1322
rs34563028	41003228	C	G	1	1006	0	1008	0	694	0	978	2	1322
rs35658652	41003232	T	A	0	1006	0	1008	2	694	0	978	9	1322
rs35658652	41003232	T	G	0	1006	0	1008	2	694	0	978	9	1322
rs144055775	41003262	C	T	0	1006	0	1008	0	694	0	978	3	1322
rs35490259	41003267	T	C	2	1006	0	1008	12	694	0	978	305	1322
rs546458297	41003271	G	A	0	1006	0	1008	0	694	1	978	0	1322
rs147337157	41003273	G	A	0	1006	0	1008	0	694	0	978	10	1322
rs148770369	41003286	T	A	0	1006	0	1008	0	694	0	978	10	1322
rs564106878	41003287	CTT	C	0	1006	0	1008	0	694	0	978	8	1322
rs35992537	41003296	T	C	0	1006	0	1008	1	694	0	978	25	1322
rs151303627	41003300	A	G	10	1006	0	1008	3	694	3	978	0	1322
rs541009809	41003340	A	C	0	1006	2	1008	0	694	1	978	0	1322
rs368730915	41003360	G	A	2	1006	0	1008	0	694	21	978	0	1322
rs74379299	41003365	G	A	0	1006	0	1008	0	694	0	978	11	1322
rs532953449	41003367	G	C	0	1006	0	1008	0	694	5	978	0	1322
rs551209589	41003372	G	A	0	1006	0	1008	0	694	0	978	11	1322
rs553677446	41003398	A	G	0	1006	0	1008	0	694	3	978	0	1322
rs527600420	41003399	T	C	0	1006	0	1008	0	694	0	978	11	1322
rs548932512	41003441	G	A	0	1006	1	1008	0	694	0	978	0	1322
rs146534817	41003450	A	G	0	1006	0	1008	0	694	0	978	11	1322
rs114113516	41003465	C	T	0	1006	0	1008	0	694	0	978	3	1322
rs556279801	41003512	A	G	0	1006	1	1008	0	694	0	978	0	1322
rs180791497	41003526	C	G	3	1006	0	1008	4	694	0	978	0	1322
rs539989697	41003529	A	T	0	1006	0	1008	1	694	0	978	0	1322
rs10403955	41003533	T	G	260	1006	219	1008	258	694	383	978	494	1322
rs141257880	41003544	C	G	0	1006	0	1008	0	694	0	978	11	1322
rs540591928	41003598	A	C	1	1006	0	1008	0	694	0	978	0	1322
rs553859497	41003616	C	G	2	1006	0	1008	1	694	0	978	0	1322
rs145653842	41003628	A	T	0	1006	0	1008	0	694	0	978	11	1322
rs148872718	41003657	C	T	0	1006	0	1008	0	694	0	978	11	1322
rs562641454	41003685	T	C	0	1006	1	1008	0	694	0	978	0	1322
rs115786370	41003742	C	A	0	1006	0	1008	0	694	0	978	11	1322
rs116239924	41003750	G	A	0	1006	0	1008	0	694	0	978	11	1322
rs559933538	41003782	C	T	0	1006	0	1008	0	694	0	978	1	1322
rs186413120	41003790	G	A	0	1006	0	1008	0	694	0	978	10	1322
rs115519553	41003802	C	T	0	1006	0	1008	0	694	0	978	16	1322
rs189195985	41003831	C	T	0	1006	0	1008	2	694	0	978	7	1322
rs531203043	41003838	C	A	1	1006	0	1008	0	694	0	978	0	1322
rs549804083	41003839	A	G	0	1006	0	1008	0	694	0	978	9	1322
rs143532495	41003899	G	A	2	1006	0	1008	0	694	0	978	0	1322
rs538751271	41003907	C	G	0	1006	0	1008	0	694	1	978	0	1322
rs558355634	41003946	A	G	2	1006	0	1008	0	694	0	978	0	1322
rs566928645	41003976	C	T	0	1006	0	1008	0	694	0	978	2	1322
rs534437956	41004021	C	T	0	1006	0	1008	2	694	0	978	0	1322
rs555774283	41004022	G	A	1	1006	0	1008	0	694	0	978	0	1322
rs138264188	41004029	C	T	2	1006	0	1008	1	694	0	978	0	1322
rs142657251	41004030	G	A	0	1006	0	1008	0	694	0	978	3	1322
rs199704872	41004031	G	A	1	1006	0	1008	0	694	0	978	0	1322
rs577681802	41004038	T	C	0	1006	0	1008	1	694	0	978	0	1322
rs2279341	41004045	G	C	61	1006	49	1008	34	694	48	978	68	1322
rs376089701	41004051	C	T	0	1006	0	1008	0	694	0	978	1	1322
rs572134005	41004083	G	A	0	1006	0	1008	0	694	0	978	1	1322
rs183427203	41004121	C	T	0	1006	0	1008	1	694	0	978	3	1322
rs36060847	41004125	G	A	0	1006	0	1008	1	694	0	978	0	1322
rs142421637	41004154	C	T	0	1006	0	1008	0	694	0	978	3	1322
rs186335453	41004158	G	T	0	1006	0	1008	0	694	0	978	2	1322
rs373926269	41004165	T	C	0	1006	0	1008	0	694	0	978	1	1322
rs191133993	41004200	G	A	0	1006	0	1008	2	694	0	978	0	1322
rs2279342	41004222	A	T	119	1006	186	1008	118	694	161	978	58	1322
rs565806802	41004224	A	T	2	1006	0	1008	0	694	0	978	0	1322
rs534127590	41004250	T	C	0	1006	0	1008	0	694	2	978	0	1322
rs199887977	41004262	T	C	0	1006	0	1008	0	694	0	978	11	1322
rs202085737	41004266	A	G	0	1006	0	1008	0	694	0	978	11	1322
rs200259965	41004271	C	A	0	1006	0	1008	0	694	0	978	2	1322
rs182509919	41004283	C	G	4	1006	0	1008	0	694	1	978	0	1322
rs577597311	41004298	T	C	0	1006	0	1008	0	694	2	978	0	1322
rs139801276	41004303	T	C	0	1006	0	1008	0	694	0	978	11	1322
rs553968231	41004321	G	A	0	1006	0	1008	1	694	0	978	0	1322
rs572503795	41004352	C	A	0	1006	0	1008	0	694	0	978	1	1322
rs12721655	41004377	A	G	1	1006	0	1008	0	694	1	978	2	1322
rs535039125	41004380	C	T	0	1006	0	1008	1	694	0	978	0	1322
rs35773040	41004381	G	A	2	1006	0	1008	3	694	0	978	0	1322
rs117323987	41004392	G	T	1	1006	0	1008	0	694	0	978	0	1322
rs145884402	41004406	G	T	0	1006	0	1008	0	694	0	978	11	1322
rs138652715	41004427	G	A	0	1006	0	1008	0	694	0	978	11	1322
rs371614873	41004430	G	A	0	1006	0	1008	0	694	1	978	0	1322
rs183040778	41004434	C	T	1	1006	0	1008	0	694	0	978	0	1322
rs141666881	41004435	G	A	0	1006	0	1008	0	694	0	978	6	1322
rs187663304	41004506	A	G	0	1006	0	1008	0	694	0	978	2	1322
rs187663304	41004506	A	T	0	1006	0	1008	0	694	0	978	2	1322
rs35286118	41004507	C	T	0	1006	0	1008	0	694	0	978	11	1322
rs35189126	41004508	G	A	0	1006	0	1008	0	694	5	978	0	1322
rs114325615	41004527	G	A	0	1006	0	1008	0	694	0	978	10	1322
rs76456073	41004535	A	T	0	1006	0	1008	0	694	0	978	11	1322
rs192903015	41004555	C	T	0	1006	0	1008	0	694	0	978	6	1322
rs572413396	41004588	A	G	0	1006	0	1008	0	694	0	978	11	1322
rs536770196	41004595	G	A	0	1006	0	1008	1	694	0	978	0	1322
rs115371888	41004611	G	A	0	1006	0	1008	0	694	0	978	21	1322
rs115371888	41004611	G	T	0	1006	0	1008	0	694	0	978	21	1322
rs149435988	41004647	A	T	0	1006	0	1008	0	694	0	978	1	1322
rs558885996	41004684	A	T	0	1006	0	1008	0	694	0	978	11	1322
rs148561862	41004712	G	C	0	1006	0	1008	0	694	0	978	9	1322
rs540630272	41004720	G	C	0	1006	0	1008	0	694	2	978	0	1322
rs33912321	41004731	G	A	162	1006	240	1008	105	694	108	978	12	1322
rs1872121	41004757	G	A	1	1006	0	1008	15	694	1	978	309	1322
rs144282458	41004767	T	C	0	1006	0	1008	0	694	0	978	11	1322
rs563276630	41004792	C	T	0	1006	0	1008	1	694	0	978	0	1322
rs185003761	41004808	A	G	3	1006	0	1008	0	694	0	978	0	1322
rs146105463	41004832	T	C	0	1006	0	1008	0	694	0	978	11	1322
rs140013004	41004842	G	A	0	1006	0	1008	0	694	0	978	11	1322
rs532679727	41004856	G	A	0	1006	0	1008	0	694	1	978	0	1322
chr19:41510779C-A	41004874	C	A	0	0	0	0	0	0	0	0	0	0
rs547444777	41004906	A	G	0	1006	0	1008	0	694	0	978	1	1322
rs546077890	41004919	C	T	0	0	0	0	0	0	0	0	0	0
rs143625466	41004934	T	C	0	1006	0	1008	0	694	0	978	12	1322
rs536284142	41004946	G	A	0	1006	1	1008	0	694	0	978	0	1322
rs555037438	41004954	A	G	0	1006	0	1008	0	694	0	978	11	1322
rs528497145	41004995	T	TCAAA	0	1006	0	1008	0	694	0	978	11	1322
rs570208958	41005046	G	A	1	1006	0	1008	0	694	0	978	0	1322
rs34215198	41005049	T	C	0	1006	0	1008	0	694	0	978	3	1322
rs189516694	41005064	C	T	0	1006	1	1008	0	694	0	978	0	1322
rs192748835	41005065	G	A	0	1006	0	1008	2	694	0	978	0	1322
rs140372093	41005091	C	T	0	1006	0	1008	0	694	0	978	10	1322
rs553021382	41005177	G	C	0	1006	1	1008	0	694	0	978	0	1322
rs574360961	41005178	T	C	0	1006	0	1008	0	694	0	978	3	1322
rs114864618	41005187	C	T	0	1006	0	1008	0	694	1	978	2	1322
rs563043188	41005219	C	T	0	1006	0	1008	0	694	1	978	0	1322
rs149958642	41005229	T	C	0	1006	0	1008	0	694	0	978	11	1322
rs543573229	41005239	C	T	0	1006	0	1008	0	694	0	978	1	1322
rs183529797	41005258	A	G	0	1006	0	1008	0	694	0	978	11	1322
rs10416437	41005272	A	C	0	1006	0	1008	2	694	0	978	35	1322
rs189336108	41005275	G	T	0	1006	0	1008	2	694	0	978	0	1322
rs144979955	41005281	G	A	0	1006	0	1008	0	694	0	978	6	1322
rs142211955	41005287	C	T	0	1006	0	1008	0	694	0	978	6	1322
rs181753606	41005295	T	C	0	1006	0	1008	0	694	1	978	11	1322
rs570122385	41005309	G	A	0	1006	0	1008	0	694	4	978	0	1322
rs145870236	41005383	A	C	0	1006	0	1008	0	694	0	978	11	1322
rs558758954	41005387	A	T	0	1006	0	1008	0	694	1	978	0	1322
rs115994486	41005401	G	A	8	1006	0	1008	2	694	17	978	16	1322
rs138755696	41005408	G	A	0	1006	0	1008	1	694	0	978	11	1322
rs141111696	41005451	A	G	0	1006	0	1008	0	694	0	978	11	1322
rs143429629	41005470	C	T	0	1006	0	1008	0	694	0	978	11	1322
rs186217409	41005474	T	C	0	1006	0	1008	0	694	0	978	11	1322
rs190421572	41005475	G	A	0	1006	0	1008	0	694	0	978	11	1322
rs55884100	41005501	G	A	2	1006	0	1008	16	694	0	978	346	1322
rs141553083	41005502	T	C	2	1006	0	1008	16	694	0	978	335	1322
rs60766920	41005507	T	C	2	1006	0	1008	16	694	0	978	338	1322
rs138409398	41005516	C	T	8	1006	0	1008	2	694	17	978	10	1322
rs541309506	41005535	C	G	0	1006	0	1008	0	694	0	978	1	1322
rs186704194	41005539	G	C	0	1006	1	1008	0	694	0	978	0	1322
rs142985643	41005546	T	C	8	1006	0	1008	2	694	17	978	10	1322
rs548568868	41005555	C	T	0	1006	1	1008	0	694	0	978	12	1322
rs10417572	41005556	G	A	2	1006	0	1008	18	694	0	978	383	1322
rs530956573	41005558	A	G	0	1006	0	1008	0	694	0	978	11	1322
rs552688971	41005565	G	C	0	1006	0	1008	0	694	2	978	0	1322
rs542870923	41005583	C	G	0	1006	0	1008	0	694	5	978	0	1322
rs534816032	41005606	C	T	0	1006	0	1008	0	694	0	978	6	1322
rs546483433	41005610	A	G	0	1006	0	1008	0	694	0	978	11	1322
rs568307004	41005614	G	C	0	1006	0	1008	0	694	0	978	11	1322
rs535404253	41005623	A	G	0	1006	0	1008	0	694	0	978	11	1322
rs556862244	41005641	C	T	0	1006	0	1008	0	694	0	978	11	1322
rs140058985	41005651	C	T	0	1006	1	1008	0	694	0	978	0	1322
rs149804347	41005678	G	A	0	1006	0	1008	0	694	0	978	11	1322
rs557426941	41005721	C	T	0	1006	1	1008	0	694	0	978	0	1322
rs572853819	41005723	G	A	0	1006	0	1008	0	694	0	978	1	1322
rs144654117	41005762	T	C	8	1006	0	1008	2	694	17	978	12	1322
rs559711639	41005787	T	A	1	1006	0	1008	0	694	0	978	0	1322
rs369230974	41005814	C	T	0	1006	0	1008	0	694	0	978	1	1322
rs542519824	41005887	A	G	0	1006	0	1008	0	694	0	978	2	1322
rs4803418	41005898	C	G	321	1006	438	1008	240	694	334	978	126	1322
rs530919723	41005906	C	G	0	1006	0	1008	0	694	0	978	6	1322
rs552652260	41005911	C	T	1	1006	0	1008	0	694	0	978	0	1322
rs111765762	41005928	A	C	4	1006	0	1008	2	694	2	978	0	1322
rs148510731	41005929	G	A	0	1006	0	1008	0	694	0	978	11	1322
rs112360234	41005934	A	G	0	0	0	0	0	0	0	0	0	0
rs78507348	41005977	A	G	0	1006	0	1008	0	694	0	978	24	1322
rs568137740	41006008	T	C	0	1006	1	1008	0	694	1	978	0	1322
rs535673413	41006045	T	C	0	1006	0	1008	0	694	0	978	10	1322
rs369327237	41006067	C	G	0	1006	0	1008	1	694	0	978	6	1322
rs142684420	41006072	T	C	0	1006	0	1008	0	694	0	978	10	1322
rs151022854	41006176	C	A	0	1006	0	1008	0	694	0	978	9	1322
rs142149749	41006177	G	A	1	1006	0	1008	0	694	0	978	2	1322
rs566526708	41006194	C	T	0	1006	0	1008	0	694	0	978	9	1322
rs182363834	41006253	T	A	0	1006	0	1008	0	694	0	978	11	1322
rs144451511	41006308	C	T	0	1006	0	1008	0	694	0	978	11	1322
rs147829185	41006312	C	T	0	1006	0	1008	0	694	0	978	24	1322
rs386389038	41006325	A	AT	479	1006	478	1008	246	694	355	978	479	1322
rs542483328	41006395	C	T	0	1006	0	1008	0	694	0	978	11	1322
rs557685664	41006403	A	C	0	1006	0	1008	0	694	0	978	11	1322
rs576013860	41006408	G	C	0	1006	1	1008	0	694	0	978	0	1322
rs373351308	41006414	G	A	0	1006	0	1008	0	694	0	978	11	1322
rs377491700	41006425	T	A	0	1006	23	1008	0	694	0	978	0	1322
rs12985017	41006472	T	C	61	1006	50	1008	34	694	48	978	79	1322
rs541860033	41006485	G	A	1	1006	0	1008	1	694	0	978	0	1322
rs12985269	41006510	T	C	61	1006	49	1008	34	694	48	978	79	1322
rs191062537	41006527	T	C	0	1006	0	1008	1	694	0	978	0	1322
rs527270670	41006556	T	G	0	1006	0	1008	0	694	0	978	2	1322
rs568769911	41006565	G	A	0	1006	0	1008	0	694	1	978	0	1322
rs8192714	41006570	G	T	0	1006	2	1008	0	694	0	978	0	1322
rs28399486	41006595	T	G	10	1006	3	1008	7	694	21	978	5	1322
rs183593804	41006603	T	G	0	1006	0	1008	0	694	0	978	11	1322
rs188699896	41006604	G	A	0	1006	0	1008	0	694	0	978	11	1322
rs555162053	41006626	C	T	0	1006	1	1008	0	694	0	978	0	1322
rs143805762	41006668	G	A	0	1006	0	1008	0	694	0	978	11	1322
rs536012403	41006675	G	T	0	1006	1	1008	0	694	0	978	0	1322
rs557599615	41006698	G	A	0	1006	1	1008	0	694	0	978	0	1322
rs138495424	41006708	A	G	0	1006	0	1008	0	694	0	978	11	1322
rs28399489	41006787	C	T	0	1006	0	1008	1	694	0	978	45	1322
rs558460703	41006825	A	G	1	1006	0	1008	0	694	0	978	1	1322
rs573144980	41006831	A	C	0	1006	0	1008	0	694	1	978	0	1322
rs540666742	41006840	T	C	0	1006	1	1008	0	694	0	978	0	1322
rs34909562	41006843	G	C	0	1006	0	1008	0	694	0	978	1	1322
rs28399490	41006882	C	G	0	1006	0	1008	7	694	0	978	110	1322
rs4803419	41006887	C	T	322	1006	439	1008	244	694	334	978	109	1322
rs3826711	41006919	C	G	0	1006	5	1008	0	694	0	978	0	1322
rs36056539	41006923	C	T	0	1006	0	1008	1	694	0	978	0	1322
rs3745274	41006936	G	T	237	1006	217	1008	259	694	373	978	495	1322
rs45459594	41006966	C	T	0	1006	0	1008	0	694	0	978	11	1322
rs58871670	41006967	G	A	3	1006	0	1008	0	694	0	978	4	1322
rs201793417	41006979	C	T	0	1006	0	1008	0	694	0	978	1	1322
rs144419100	41006981	A	C	0	1006	0	1008	0	694	0	978	3	1322
rs537957771	41006992	A	G	0	1006	0	1008	0	694	1	978	0	1322
rs36079186	41007013	T	C	0	1006	0	1008	0	694	1	978	3	1322
rs372844817	41007023	G	A	0	1006	0	1008	0	694	0	978	1	1322
rs140578107	41007027	T	C	0	1006	1	1008	0	694	0	978	0	1322
rs558163100	41007039	T	C	0	1006	0	1008	2	694	0	978	0	1322
rs201221511	41007041	A	G	0	1006	1	1008	0	694	0	978	0	1322
rs533900276	41007059	C	T	1	1006	0	1008	1	694	0	978	0	1322
rs371144901	41007077	G	A	0	1006	0	1008	0	694	1	978	0	1322
rs573769056	41007097	G	A	1	1006	0	1008	0	694	0	978	0	1322
rs28399491	41007099	G	A	0	1006	13	1008	0	694	0	978	0	1322
rs35266616	41007142	C	T	0	1006	0	1008	0	694	0	978	1	1322
rs531485470	41007229	C	T	0	1006	0	1008	0	694	7	978	9	1322
rs545237804	41007268	G	C	0	1006	0	1008	1	694	0	978	0	1322
rs147036163	41007328	AC	A	1	1006	0	1008	0	694	0	978	42	1322
rs150964647	41007342	A	G	0	1006	0	1008	0	694	0	978	31	1322
rs116156062	41007348	A	G	0	1006	0	1008	0	694	0	978	23	1322
rs548670181	41007413	C	T	0	1006	0	1008	0	694	1	978	1	1322
rs150078556	41007421	G	C	5	1006	0	1008	114	694	0	978	1	1322
rs531365295	41007455	T	A	0	1006	1	1008	0	694	0	978	0	1322
rs75846342	41007456	C	T	0	1006	4	1008	0	694	0	978	0	1322
rs78313984	41007480	C	T	237	1006	217	1008	261	694	373	978	535	1322
rs539597972	41007496	C	G	0	1006	0	1008	0	694	1	978	0	1322
rs374975888	41007499	T	C	0	1006	1	1008	0	694	0	978	0	1322
rs567016974	41007501	C	A	0	1006	0	1008	0	694	0	978	2	1322
rs534529020	41007502	A	G	0	1006	0	1008	0	694	0	978	2	1322
rs192541945	41007504	C	T	2	1006	0	1008	0	694	0	978	0	1322
rs573683585	41007512	T	C	0	1006	0	1008	0	694	0	978	5	1322
rs537889441	41007531	T	C	0	1006	0	1008	1	694	0	978	0	1322
rs183649027	41007539	C	A	0	1006	0	1008	0	694	0	978	5	1322
rs75446511	41007540	C	G	237	1006	217	1008	261	694	373	978	535	1322
rs544837028	41007543	C	T	0	1006	0	1008	0	694	0	978	4	1322
rs560312676	41007565	C	G	0	1006	0	1008	0	694	0	978	3	1322
rs572221737	41007595	C	A	1	1006	0	1008	0	694	0	978	0	1322
rs542889280	41007600	G	A	0	1006	1	1008	0	694	0	978	0	1322
rs535613311	41007624	ATT	AT	1	1006	2	1008	12	694	0	978	263	1322
rs535613311	41007624	ATT	A	1	1006	2	1008	12	694	0	978	263	1322
rs186801569	41007688	C	A	0	1006	0	1008	4	694	0	978	17	1322
rs531327134	41007707	C	A	0	1006	0	1008	1	694	0	978	0	1322
rs7257042	41007708	T	C	627	1006	706	1008	558	694	772	978	1099	1322
rs564931767	41007740	C	T	0	1006	0	1008	0	694	0	978	1	1322
rs145168181	41007768	C	T	0	1006	0	1008	4	694	0	978	46	1322
rs556357236	41007776	G	A	2	1006	0	1008	0	694	0	978	0	1322
rs567031801	41007813	A	G	0	1006	0	1008	0	694	0	978	1	1322
rs527913679	41007872	C	T	2	1006	0	1008	0	694	0	978	0	1322
rs549256924	41007877	C	G	0	1006	0	1008	0	694	1	978	0	1322
rs567666321	41007894	G	A	0	1006	0	1008	0	694	0	978	9	1322
rs537802363	41007924	A	C	0	1006	0	1008	0	694	0	978	9	1322
rs556148590	41007930	T	C	0	1006	0	1008	0	694	0	978	9	1322
rs138959250	41007978	C	T	0	1006	0	1008	0	694	0	978	9	1322
rs111688353	41007981	A	G	19	1006	1	1008	6	694	8	978	1	1322
rs554005083	41008023	T	C	0	1006	0	1008	0	694	0	978	2	1322
rs542172870	41008036	T	C	0	1006	0	1008	1	694	0	978	0	1322
rs542886569	41008042	C	T	0	1006	0	1008	0	694	0	978	9	1322
rs569499506	41008048	CCTCT	C	0	1006	0	1008	8	694	0	978	149	1322
rs375577888	41008052	TGTG	T	0	0	0	0	0	0	0	0	0	0
rs554854176	41008075	C	G	0	1006	0	1008	0	694	0	978	4	1322
rs576411732	41008102	T	C	0	1006	0	1008	0	694	3	978	0	1322
rs7260538	41008135	T	G	565	1006	657	1008	523	694	723	978	999	1322
rs191267868	41008161	A	G	8	1006	0	1008	4	694	0	978	0	1322
rs532038405	41008172	A	G	0	1006	0	1008	1	694	0	978	0	1322
rs143699099	41008197	T	G	0	1006	0	1008	0	694	0	978	9	1322
chr19:41514115T-TTTG	41008210	T	TTTG	0	0	0	0	0	0	0	0	0	0
rs184801529	41008270	A	G	4	1006	0	1008	9	694	18	978	0	1322
rs527883553	41008271	G	C	0	1006	0	1008	0	694	0	978	2	1322
rs190318689	41008324	G	A	0	1006	1	1008	0	694	0	978	0	1322
rs10425865	41008340	C	T	175	1006	156	1008	215	694	298	978	341	1322
rs10425866	41008344	C	T	175	1006	156	1008	215	694	298	978	341	1322
rs8113196	41008447	A	C	589	1006	686	1008	535	694	756	978	978	1322
rs8113200	41008458	A	G	589	1006	687	1008	539	694	757	978	1017	1322
rs10401737	41008518	T	C	220	1006	189	1008	247	694	362	978	530	1322
rs10426663	41008519	G	A	241	1006	217	1008	249	694	372	978	535	1322
rs566040995	41008523	G	A	0	1006	0	1008	0	694	1	978	0	1322
rs35554011	41008534	G	A	1	1006	0	1008	11	694	0	978	303	1322
rs34265963	41008549	G	T	0	1006	0	1008	0	694	0	978	1	1322
rs182038308	41008551	C	T	0	1006	2	1008	0	694	0	978	0	1322
rs147232236	41008564	C	T	0	1006	0	1008	4	694	0	978	17	1322
rs35392384	41008580	C	A	0	1006	0	1008	0	694	0	978	7	1322
rs140720618	41008608	G	A	0	1006	0	1008	1	694	0	978	16	1322
rs540717444	41008617	A	G	0	1006	0	1008	0	694	1	978	0	1322
rs185051847	41008642	C	A	0	1006	0	1008	0	694	0	978	2	1322
rs529762801	41008788	C	T	0	1006	1	1008	0	694	0	978	0	1322
rs2873263	41008789	G	A	1	1006	1	1008	1	694	0	978	32	1322
rs147442917	41008792	G	A	0	1006	0	1008	0	694	0	978	4	1322
rs28399492	41008827	A	T	1	1006	0	1008	1	694	0	978	32	1322
rs550049302	41008839	A	G	1	1006	0	1008	0	694	0	978	0	1322
rs4061282	41008871	T	A	0	1006	0	1008	0	694	1	978	4	1322
rs540107939	41008885	G	GAA	0	1006	5	1008	0	694	0	978	0	1322
rs4061281	41008915	T	C	244	1006	219	1008	258	694	372	978	497	1322
rs181108567	41008975	G	A	1	1006	0	1008	11	694	0	978	273	1322
rs566129457	41009043	G	C	0	1006	0	1008	4	694	0	978	38	1322
rs58425034	41009060	G	C	1	1006	0	1008	11	694	1	978	293	1322
rs548727107	41009108	G	C	0	1006	0	1008	0	694	0	978	13	1322
rs202050252	41009113	G	A	244	1006	215	1008	257	694	369	978	492	1322
rs537282794	41009146	C	T	0	1006	0	1008	0	694	0	978	1	1322
rs558811641	41009154	C	G	0	1006	3	1008	0	694	0	978	12	1322
rs577066304	41009155	G	A	0	1006	0	1008	1	694	0	978	1	1322
rs534571728	41009170	C	T	0	1006	0	1008	0	694	1	978	0	1322
rs371145482	41009191	A	G	0	1006	0	1008	0	694	0	978	4	1322
rs374699944	41009197	C	T	0	1006	0	1008	1	694	0	978	6	1322
rs12721646	41009202	C	T	1	1006	0	1008	11	694	0	978	293	1322
rs563079673	41009248	A	T	0	1006	2	1008	0	694	0	978	0	1322
rs35349987	41009296	C	A	0	1006	0	1008	1	694	0	978	4	1322
rs12721645	41009305	C	T	5	1006	0	1008	1	694	2	978	0	1322
rs565530668	41009330	C	T	0	1006	1	1008	0	694	1	978	0	1322
rs34646544	41009342	G	A	0	1006	0	1008	0	694	0	978	8	1322
rs45482602	41009350	C	A	0	1006	0	1008	0	694	0	978	3	1322
rs45482602	41009350	C	T	0	1006	0	1008	0	694	0	978	3	1322
rs189970623	41009368	C	T	2	1006	0	1008	3	694	0	978	0	1322
rs558502540	41009412	GA	G	0	1006	0	1008	0	694	0	978	11	1322
rs180811860	41009419	G	A	0	1006	0	1008	0	694	0	978	11	1322
rs372377643	41009430	G	C	2	1006	0	1008	0	694	0	978	0	1322
rs140257232	41009432	G	A	0	1006	0	1008	0	694	0	978	8	1322
rs187473439	41009439	C	T	0	1006	0	1008	1	694	0	978	0	1322
rs34155858	41009471	G	C	0	1006	33	1008	1	694	0	978	0	1322
rs534634863	41009482	G	T	0	1006	0	1008	0	694	1	978	0	1322
rs553261903	41009504	G	A	0	1006	0	1008	0	694	1	978	0	1322
rs574081781	41009540	G	A	0	1006	0	1008	0	694	3	978	0	1322
rs535123118	41009563	G	T	1	1006	0	1008	0	694	0	978	0	1322
rs2279344	41009578	G	A	629	1006	700	1008	562	694	772	978	1151	1322
rs79478319	41009744	G	T	8	1006	0	1008	3	694	1	978	1	1322
rs35227191	41009785	T	G	1	1006	0	1008	0	694	0	978	0	1322
rs183697690	41009786	A	G	0	1006	4	1008	0	694	0	978	0	1322
rs2279345	41009797	T	C	626	1006	700	1008	555	694	772	978	1027	1322
rs541345681	41009827	G	A	0	1006	0	1008	1	694	0	978	0	1322
rs560128211	41009841	C	T	0	1006	1	1008	0	694	0	978	0	1322
rs530114280	41009842	G	A	1	1006	0	1008	0	694	0	978	0	1322
rs542247973	41009849	T	C	0	1006	0	1008	0	694	0	978	9	1322
rs563731806	41009850	G	A	0	1006	0	1008	0	694	0	978	9	1322
rs530940905	41009851	T	G	0	1006	0	1008	0	694	0	978	9	1322
rs552326033	41009874	C	T	0	1006	0	1008	0	694	3	978	0	1322
rs8192717	41009883	A	G	0	1006	1	1008	0	694	0	978	0	1322
rs528302435	41009896	C	T	0	1006	0	1008	0	694	0	978	1	1322
rs73933725	41009902	G	C	0	1006	0	1008	0	694	0	978	5	1322
rs112120974	41009908	C	T	0	1006	0	1008	0	694	0	978	1	1322
rs8192718	41009909	G	A	11	1006	58	1008	5	694	25	978	0	1322
rs12721649	41009932	G	A	1	1006	0	1008	12	694	0	978	309	1322
rs568591825	41009937	C	G	0	1006	0	1008	1	694	0	978	6	1322
rs199898682	41009977	C	T	0	1006	0	1008	0	694	0	978	11	1322
rs200340276	41010004	A	G	0	1006	1	1008	0	694	0	978	0	1322
rs139029625	41010006	G	C	0	1006	0	1008	0	694	0	978	16	1322
rs190463703	41010027	C	T	0	1006	0	1008	0	694	0	978	2	1322
rs34277950	41010038	C	G	1	1006	0	1008	0	694	0	978	0	1322
rs112848152	41010047	G	T	0	1006	0	1008	0	694	0	978	1	1322
rs34698757	41010088	C	G	0	1006	0	1008	0	694	0	978	1	1322
rs373559488	41010093	C	T	1	1006	0	1008	0	694	0	978	0	1322
rs35468935	41010104	C	T	2	1006	2	1008	1	694	0	978	25	1322
rs200503668	41010177	T	G	0	1006	0	1008	0	694	0	978	11	1322
rs35622401	41010217	G	C	0	1006	0	1008	0	694	0	978	1	1322
rs2306606	41010277	C	T	243	1006	218	1008	264	694	373	978	544	1322
rs186924306	41010278	C	T	0	1006	0	1008	1	694	0	978	1	1322
rs191412550	41010294	G	A	1	1006	0	1008	0	694	0	978	0	1322
rs529181274	41010296	G	A	0	1006	0	1008	2	694	0	978	0	1322
rs147426833	41010307	T	C	1	1006	0	1008	0	694	0	978	11	1322
rs148051284	41010328	C	T	0	1006	0	1008	0	694	9	978	11	1322
rs539428659	41010329	G	C	0	1006	1	1008	0	694	0	978	0	1322
rs141799106	41010362	T	A	0	1006	0	1008	0	694	0	978	11	1322
rs566609445	41010395	T	C	1	1006	0	1008	0	694	0	978	0	1322
rs60549239	41010402	T	G	3	1006	1	1008	5	694	1	978	166	1322
rs553637607	41010405	T	G	0	1006	0	1008	0	694	0	978	1	1322
rs575164004	41010409	G	T	2	1006	0	1008	1	694	1	978	13	1322
rs71334958	41010409	G	GT	82	1006	86	1008	61	694	86	978	242	1322
rs542511774	41010440	G	A	0	1006	0	1008	0	694	0	978	1	1322
rs34906003	41010444	C	T	243	1006	218	1008	264	694	373	978	543	1322
rs575506681	41010448	C	G	0	1006	0	1008	0	694	0	978	11	1322
rs546179746	41010453	A	G	0	1006	0	1008	0	694	0	978	11	1322
rs564417556	41010468	C	T	0	1006	0	1008	0	694	0	978	1	1322
rs146227786	41010487	T	C	0	1006	0	1008	0	694	0	978	19	1322
rs183506021	41010498	T	C	0	1006	0	1008	0	694	0	978	8	1322
rs561520323	41010502	T	C	0	1006	0	1008	0	694	0	978	1	1322
rs529070661	41010513	A	G	0	1006	0	1008	0	694	0	978	1	1322
rs550421675	41010516	C	T	0	1006	0	1008	0	694	1	978	0	1322
rs35051166	41010538	C	A	0	1006	0	1008	0	694	0	978	1	1322
rs34027040	41010539	G	A	0	1006	0	1008	4	694	0	978	37	1322
rs34842746	41010541	G	T	8	1006	0	1008	2	694	17	978	12	1322
rs566429492	41010558	C	T	0	1006	1	1008	0	694	0	978	0	1322
rs34094522	41010611	A	C	0	1006	0	1008	0	694	0	978	11	1322
rs149000595	41010615	A	G	0	1006	0	1008	0	694	0	978	11	1322
rs568634169	41010693	C	T	0	1006	0	1008	0	694	2	978	0	1322
rs114807742	41010698	G	T	0	1006	0	1008	0	694	0	978	9	1322
rs557638532	41010726	A	G	0	1006	0	1008	0	694	0	978	1	1322
rs189134301	41010742	A	C	0	1006	0	1008	0	694	0	978	2	1322
rs142978769	41010754	T	G	0	1006	0	1008	0	694	0	978	11	1322
rs113535769	41010756	GTACCCA	G	0	0	0	0	0	0	0	0	0	0
rs533785957	41010759	CCCATTAA	C	0	1006	0	1008	0	694	0	978	10	1322
rs555115209	41010767	GT	G	0	1006	0	1008	0	694	0	978	10	1322
rs151086735	41010789	C	A	0	1006	0	1008	0	694	0	978	11	1322
rs151086735	41010789	C	T	0	1006	0	1008	0	694	0	978	11	1322
rs11882424	41010817	T	C	58	1006	54	1008	34	694	48	978	68	1322
rs142583125	41010879	G	T	0	1006	0	1008	0	694	0	978	1	1322
rs146504460	41010887	A	G	0	1006	0	1008	0	694	0	978	11	1322
rs544049455	41010890	C	G	0	1006	0	1008	0	694	2	978	0	1322
rs139175533	41010913	C	G	0	1006	0	1008	0	694	0	978	5	1322
rs78633574	41010941	A	T	0	1006	0	1008	0	694	0	978	11	1322
rs147028723	41010983	T	C	0	1006	0	1008	0	694	0	978	11	1322
rs193002414	41010995	C	A	0	1006	1	1008	0	694	0	978	0	1322
rs185314452	41011027	T	C	0	1006	1	1008	0	694	0	978	0	1322
rs138148974	41011030	C	A	0	1006	0	1008	0	694	0	978	11	1322
rs34830389	41011041	T	G	243	1006	218	1008	264	694	373	978	544	1322
rs536049819	41011043	G	A	1	1006	0	1008	0	694	0	978	0	1322
rs35185769	41011045	AT	A	243	1006	218	1008	259	694	373	978	493	1322
rs149525861	41011069	T	C	0	1006	0	1008	0	694	0	978	11	1322
rs181535627	41011081	G	A	0	1006	0	1008	0	694	0	978	11	1322
rs540100794	41011093	A	G	0	1006	0	1008	1	694	0	978	0	1322
rs558185524	41011145	C	T	0	1006	2	1008	0	694	0	978	0	1322
rs566820335	41011149	C	T	0	1006	0	1008	0	694	3	978	0	1322
rs533935901	41011186	A	T	0	1006	0	1008	1	694	0	978	0	1322
chr19:41517101T-C	41011196	T	C	0	0	0	0	0	0	0	0	0	0
rs527314502	41011221	A	C	0	1006	0	1008	0	694	2	978	0	1322
rs547437501	41011226	C	T	0	1006	0	1008	0	694	1	978	0	1322
rs543987247	41011265	G	A	0	1006	1	1008	0	694	0	978	0	1322
rs556351630	41011271	C	T	0	1006	0	1008	0	694	0	978	11	1322
rs577783041	41011288	C	T	0	1006	0	1008	0	694	0	978	11	1322
rs544003828	41011300	TC	T	0	1006	0	1008	0	694	0	978	8	1322
rs562316055	41011328	TAATTA	T	0	1006	0	1008	0	694	3	978	0	1322
rs184300895	41011349	A	G	0	1006	0	1008	1	694	0	978	0	1322
rs144187439	41011354	T	A	0	1006	0	1008	0	694	0	978	11	1322
rs527237116	41011366	T	A	0	1006	1	1008	0	694	0	978	0	1322
rs542689998	41011368	T	C	0	1006	0	1008	0	694	0	978	9	1322
rs141777693	41011407	T	A	0	1006	0	1008	0	694	0	978	9	1322
rs146209463	41011411	T	C	0	1006	0	1008	0	694	0	978	9	1322
rs139165206	41011440	A	G	4	1006	0	1008	1	694	1	978	0	1322
rs144057168	41011444	A	G	9	1006	0	1008	3	694	6	978	0	1322
rs533373872	41011466	A	G	0	1006	0	1008	0	694	0	978	3	1322
rs552006150	41011497	T	C	0	1006	0	1008	0	694	0	978	11	1322
rs566871611	41011500	A	G	0	1006	1	1008	0	694	0	978	0	1322
rs533924075	41011501	T	C	0	1006	0	1008	0	694	0	978	11	1322
rs555376772	41011502	C	A	0	1006	0	1008	0	694	0	978	11	1322
rs567400360	41011556	G	C	0	1006	0	1008	0	694	0	978	11	1322
rs538309273	41011563	A	G	0	1006	0	1008	0	694	0	978	11	1322
rs35679971	41011568	A	C	58	1006	54	1008	34	694	48	978	68	1322
rs139483077	41011572	A	G	0	1006	0	1008	2	694	0	978	12	1322
rs544877654	41011613	G	T	0	1006	0	1008	0	694	1	978	0	1322
rs554029399	41011616	T	C	0	1006	0	1008	0	694	2	978	0	1322
rs188553954	41011621	A	C	0	1006	0	1008	0	694	0	978	11	1322
rs180957989	41011631	A	G	0	1006	0	1008	0	694	0	978	11	1322
rs185769140	41011638	A	G	0	1006	0	1008	0	694	0	978	11	1322
rs35750328	41011664	T	A	0	1006	2	1008	0	694	0	978	0	1322
rs145421204	41011687	G	A	0	1006	0	1008	0	694	0	978	11	1322
rs142520983	41011694	G	A	0	1006	0	1008	1	694	0	978	15	1322
rs35110193	41011702	T	C	0	1006	0	1008	1	694	0	978	15	1322
rs147935844	41011706	T	C	0	1006	0	1008	0	694	0	978	11	1322
rs566809149	41011733	G	A	1	1006	0	1008	0	694	0	978	0	1322
rs528007856	41011757	G	A	0	1006	1	1008	0	694	0	978	0	1322
rs549287621	41011768	T	C	0	1006	1	1008	0	694	0	978	0	1322
rs6508965	41011783	T	C	625	1006	700	1008	555	694	772	978	1027	1322
rs537859316	41011818	T	A	0	1006	0	1008	0	694	2	978	0	1322
rs550201227	41011821	T	C	1	1006	0	1008	0	694	0	978	0	1322
rs141600685	41011832	C	A	0	1006	0	1008	0	694	0	978	11	1322
rs538816556	41011842	C	T	0	1006	1	1008	0	694	0	978	0	1322
rs192331300	41011926	T	C	0	1006	0	1008	0	694	0	978	10	1322
rs143715176	41011945	T	A	3	1006	17	1008	1	694	6	978	1	1322
rs536519288	41011946	A	T	0	1006	0	1008	0	694	0	978	1	1322
rs554916072	41011951	A	T	0	1006	0	1008	0	694	0	978	1	1322
rs35323827	41011952	A	T	59	1006	54	1008	35	694	47	978	70	1322
rs543100259	41011994	T	G	0	1006	0	1008	0	694	0	978	11	1322
rs577431726	41012001	TGCAGTG	T	0	1006	2	1008	2	694	0	978	0	1322
rs564983738	41012017	C	T	0	1006	1	1008	0	694	0	978	0	1322
rs148084550	41012036	C	T	0	1006	0	1008	0	694	0	978	2	1322
rs545562729	41012038	T	G	0	1006	0	1008	0	694	1	978	0	1322
rs560285564	41012068	C	T	0	1006	1	1008	0	694	0	978	0	1322
rs527894855	41012093	T	C	0	1006	0	1008	0	694	0	978	11	1322
rs549224158	41012094	G	A	0	1006	0	1008	0	694	0	978	11	1322
rs561248251	41012097	C	T	0	1006	0	1008	0	694	0	978	1	1322
rs6508966	41012102	G	C	625	1006	700	1008	555	694	772	978	1027	1322
rs549946333	41012108	C	A	0	1006	0	1008	0	694	3	978	0	1322
rs140962193	41012127	T	C	0	1006	0	1008	0	694	0	978	11	1322
rs182308442	41012136	G	A	0	1006	0	1008	3	694	0	978	6	1322
rs111484395	41012137	A	G	0	1006	0	1008	0	694	0	978	2	1322
rs565842464	41012138	C	T	0	1006	0	1008	1	694	1	978	0	1322
rs138778161	41012139	G	A	0	1006	0	1008	0	694	0	978	11	1322
rs7246456	41012173	C	T	243	1006	218	1008	259	694	374	978	492	1322
rs141870459	41012175	C	G	0	1006	0	1008	0	694	0	978	11	1322
rs145425445	41012228	G	A	2	1006	0	1008	2	694	1	978	0	1322
rs558297896	41012230	A	C	0	1006	0	1008	0	694	0	978	9	1322
rs544864145	41012230	A	ATGAGCCACCATGCCTGGCC	0	1006	0	1008	0	694	0	978	9	1322
rs35457549	41012264	A	C	0	1006	2	1008	0	694	0	978	0	1322
rs201961061	41012279	G	C	0	1006	1	1008	0	694	0	978	0	1322
rs201023426	41012280	G	A	0	1006	1	1008	0	694	0	978	0	1322
rs187378204	41012299	G	C	2	1006	0	1008	0	694	0	978	0	1322
rs28399499	41012316	T	C	0	1006	0	1008	7	694	0	978	109	1322
rs34826503	41012339	C	T	0	1006	1	1008	0	694	0	978	4	1322
rs567219326	41012340	G	C	0	1006	1	1008	0	694	0	978	0	1322
rs550123822	41012343	C	T	0	1006	0	1008	0	694	1	978	0	1322
rs565104467	41012349	A	C	0	1006	0	1008	0	694	0	978	11	1322
rs142806708	41012350	G	A	0	1006	0	1008	0	694	0	978	11	1322
rs138030127	41012354	C	G	0	1006	0	1008	0	694	0	978	11	1322
rs553658831	41012355	A	G	0	1006	0	1008	1	694	0	978	0	1322
rs142442992	41012377	C	T	1	1006	0	1008	0	694	0	978	0	1322
rs377135658	41012383	G	T	0	1006	0	1008	0	694	3	978	0	1322
rs140830969	41012413	C	T	0	1006	0	1008	3	694	0	978	0	1322
rs143979776	41012432	G	T	0	1006	0	1008	0	694	0	978	11	1322
rs558830117	41012444	G	T	0	1006	0	1008	1	694	0	978	0	1322
rs201500445	41012471	T	C	0	1006	1	1008	0	694	0	978	0	1322
rs200238771	41012478	T	A	0	1006	2	1008	0	694	0	978	0	1322
rs148605404	41012493	C	A	0	1006	0	1008	0	694	0	978	9	1322
rs148605404	41012493	C	T	0	1006	0	1008	0	694	0	978	9	1322
rs12721656	41012508	A	G	14	1006	0	1008	5	694	0	978	3	1322
rs199700704	41012523	G	A	0	1006	0	1008	0	694	0	978	1	1322
rs576595667	41012583	G	C	0	1006	0	1008	0	694	0	978	1	1322
rs543719298	41012592	G	T	2	1006	0	1008	2	694	0	978	2	1322
rs565577961	41012612	G	A	1	1006	0	1008	0	694	0	978	0	1322
rs201721014	41012638	A	G	1	1006	0	1008	0	694	0	978	0	1322
rs35449271	41012668	C	T	13	1006	0	1008	1	694	0	978	2	1322
rs140993284	41012674	G	T	0	1006	1	1008	0	694	0	978	0	1322
rs530338921	41012689	C	A	0	1006	0	1008	0	694	1	978	0	1322
rs35979566	41012693	T	A	5	1006	0	1008	3	694	0	978	1	1322
rs569717498	41012704	G	A	0	1006	0	1008	0	694	1	978	0	1322
rs150072531	41012711	A	G	0	1006	0	1008	0	694	0	978	2	1322
rs35661880	41012739	C	T	0	1006	1	1008	0	694	0	978	0	1322
rs17411404	41012789	C	A	0	1006	0	1008	0	694	0	978	4	1322
rs145114902	41012811	C	T	0	1006	0	1008	0	694	0	978	6	1322
rs35010579	41012822	T	C	0	1006	0	1008	1	694	0	978	13	1322
rs8192719	41012868	C	T	243	1006	218	1008	258	694	373	978	495	1322
rs185532059	41012886	C	T	0	1006	1	1008	0	694	0	978	4	1322
rs550406491	41012933	C	T	0	1006	0	1008	0	694	1	978	0	1322
rs34116594	41012968	A	G	9	1006	0	1008	3	694	4	978	11	1322
rs34677607	41012992	T	G	8	1006	0	1008	3	694	4	978	1	1322
rs184078964	41013023	G	A	0	1006	0	1008	0	694	0	978	2	1322
rs577648227	41013059	G	C	0	1006	1	1008	0	694	0	978	0	1322
rs541416249	41013063	G	A	0	1006	0	1008	0	694	0	978	9	1322
rs187840212	41013100	A	G	0	1006	3	1008	0	694	0	978	0	1322
rs528483635	41013121	TG	T	0	1006	0	1008	0	694	0	978	3	1322
rs149134672	41013190	C	T	0	1006	0	1008	2	694	0	978	11	1322
rs143220996	41013197	G	A	0	1006	0	1008	0	694	0	978	1	1322
rs146794320	41013203	T	C	0	1006	0	1008	2	694	0	978	13	1322
rs192235683	41013205	G	A	0	1006	0	1008	2	694	0	978	0	1322
rs73933726	41013218	T	C	0	1006	0	1008	7	694	0	978	109	1322
rs184435928	41013236	C	T	0	1006	0	1008	2	694	0	978	1	1322
rs188692866	41013248	A	G	0	1006	1	1008	1	694	0	978	0	1322
rs546510774	41013287	G	A	0	1006	0	1008	0	694	0	978	11	1322
rs567682545	41013341	C	A	1	1006	0	1008	0	694	4	978	0	1322
rs191644501	41013385	A	G	0	1006	0	1008	0	694	0	978	6	1322
rs550402306	41013395	G	C	0	1006	0	1008	0	694	1	978	0	1322
rs36118214	41013401	G	A	1	1006	0	1008	17	694	0	978	332	1322
rs184853378	41013441	C	T	4	1006	0	1008	0	694	1	978	0	1322
chr19:41519360A-G	41013455	A	G	0	0	0	0	0	0	0	0	0	0
chr19:41519363A-G	41013458	A	G	0	0	0	0	0	0	0	0	0	0
rs559135131	41013518	G	C	0	1006	0	1008	0	694	0	978	11	1322
rs577534933	41013568	C	A	0	1006	0	1008	1	694	0	978	0	1322
rs138423652	41013569	C	A	0	1006	0	1008	0	694	0	978	11	1322
rs553713418	41013588	A	G	0	1006	1	1008	0	694	0	978	9	1322
rs574838427	41013591	A	G	0	1006	0	1008	0	694	0	978	2	1322
rs542255069	41013605	G	A	0	1006	0	1008	0	694	5	978	0	1322
rs33967301	41013663	T	C	58	1006	54	1008	35	694	48	978	79	1322
rs575727617	41013667	A	T	0	1006	2	1008	0	694	0	978	0	1322
rs545655435	41013716	C	T	0	1006	3	1008	0	694	1	978	0	1322
rs149276822	41013735	A	G	0	1006	0	1008	0	694	0	978	9	1322
rs34899123	41013787	C	G	0	1006	0	1008	1	694	0	978	0	1322
rs546447304	41013793	A	G	0	1006	0	1008	0	694	0	978	3	1322
rs561696274	41013798	T	C	0	1006	0	1008	1	694	0	978	0	1322
rs11671243	41013810	A	C	625	1006	698	1008	555	694	771	978	1030	1322
rs528544294	41013818	G	A	3	1006	0	1008	0	694	0	978	0	1322
rs180797111	41013819	T	G	0	1006	2	1008	0	694	0	978	2	1322
rs539492320	41013841	C	T	0	1006	0	1008	0	694	1	978	0	1322
rs551204216	41013861	A	G	0	1006	0	1008	0	694	0	978	1	1322
rs571018402	41013891	T	A	1	1006	1	1008	0	694	1	978	10	1322
rs535235967	41013999	A	C	0	1006	1	1008	0	694	0	978	0	1322
rs35506180	41014034	A	G	8	1006	0	1008	2	694	17	978	1	1322
rs575247043	41014072	G	A	0	1006	0	1008	0	694	0	978	8	1322
rs535465222	41014080	C	T	0	1006	0	1008	0	694	0	978	8	1322
rs557349952	41014084	A	C	0	1006	0	1008	0	694	0	978	8	1322
rs142942032	41014117	A	G	0	1006	1	1008	0	694	0	978	0	1322
rs187351814	41014163	A	C	0	1006	0	1008	0	694	0	978	7	1322
rs564248106	41014180	C	T	0	1006	0	1008	0	694	0	978	1	1322
rs572700937	41014188	C	T	0	1006	0	1008	0	694	0	978	1	1322
rs151094499	41014189	C	T	0	1006	0	1008	0	694	0	978	10	1322
rs561635999	41014190	G	A	0	1006	1	1008	0	694	0	978	9	1322
rs189193601	41014197	C	T	0	1006	0	1008	0	694	0	978	7	1322
rs181606977	41014199	C	G	0	1006	0	1008	0	694	0	978	7	1322
rs11882450	41014237	A	G	58	1006	54	1008	34	694	48	978	67	1322
rs374895074	41014238	A	G	0	1006	0	1008	0	694	0	978	1	1322
rs116986838	41014276	T	C	0	1006	31	1008	1	694	2	978	0	1322
rs566617149	41014304	T	C	0	1006	0	1008	1	694	0	978	0	1322
rs185672913	41014329	G	A	0	1006	0	1008	1	694	0	978	7	1322
rs35412065	41014355	G	A	0	1006	0	1008	0	694	0	978	2	1322
rs568637622	41014369	G	A	0	1006	0	1008	1	694	0	978	0	1322
rs7255561	41014392	G	C	243	1006	219	1008	258	694	373	978	501	1322
rs557382948	41014401	G	T	2	1006	0	1008	0	694	0	978	0	1322
rs569190095	41014422	C	T	0	1006	0	1008	1	694	0	978	0	1322
rs554906888	41014430	C	T	0	1006	0	1008	0	694	1	978	0	1322
rs557822936	41014431	G	A	0	1006	0	1008	1	694	1	978	0	1322
rs7255374	41014446	C	T	301	1006	274	1008	292	694	421	978	568	1322
rs534444682	41014447	G	A	0	1006	0	1008	1	694	0	978	0	1322
rs555118434	41014450	C	T	0	1006	0	1008	0	694	0	978	2	1322
rs573770608	41014457	C	T	0	1006	0	1008	0	694	1	978	0	1322
rs544454262	41014472	T	A	0	1006	0	1008	0	694	0	978	1	1322
rs562644346	41014479	T	G	0	1006	0	1008	0	694	0	978	1	1322
rs532940123	41014495	C	T	0	1006	0	1008	0	694	0	978	2	1322
rs545062157	41014496	T	G	0	1006	0	1008	0	694	0	978	2	1322
rs560272194	41014506	C	T	0	1006	0	1008	0	694	0	978	3	1322
rs527411077	41014510	T	C	0	1006	0	1008	0	694	1	978	0	1322
rs549121384	41014520	T	C	1	1006	0	1008	0	694	0	978	0	1322
rs568602931	41014522	G	A	0	1006	1	1008	0	694	0	978	0	1322
rs529472387	41014527	G	C	0	1006	0	1008	0	694	1	978	0	1322
rs551206921	41014539	T	C	0	1006	0	1008	0	694	0	978	8	1322
rs569492584	41014560	T	C	0	1006	0	1008	0	694	0	978	8	1322
rs140557362	41014596	C	T	1	1006	0	1008	1	694	0	978	9	1322
rs557761414	41014600	T	C	0	1006	0	1008	0	694	0	978	9	1322
rs566551321	41014675	T	G	0	1006	0	1008	0	694	1	978	0	1322
rs190130873	41014708	G	A	0	1006	0	1008	0	694	0	978	6	1322
rs145533669	41014779	A	T	11	1006	0	1008	2	694	1	978	1	1322
rs573735204	41014798	G	C	0	1006	2	1008	0	694	0	978	0	1322
rs544126055	41014814	C	T	0	1006	0	1008	0	694	0	978	1	1322
rs556412984	41014815	G	A	1	1006	0	1008	0	694	0	978	3	1322
rs577892831	41014844	G	A	0	1006	0	1008	0	694	0	978	10	1322
rs544998819	41014855	G	T	0	1006	0	1008	1	694	0	978	7	1322
rs560162669	41014893	G	A	0	1006	0	1008	0	694	0	978	0	1322
rs572084286	41014925	A	G	0	1006	0	1008	0	694	0	978	3	1322
rs79200488	41014928	G	C	0	1006	0	1008	1	694	0	978	15	1322
rs11673270	41014939	A	C	245	1006	219	1008	267	694	373	978	646	1322
rs183166787	41014944	G	C	1	1006	0	1008	0	694	0	978	0	1322
rs149115556	41014974	A	G	0	1006	0	1008	0	694	0	978	1	1322
rs563177438	41014975	T	A	0	1006	0	1008	0	694	5	978	0	1322
rs186522185	41015016	A	T	0	1006	0	1008	1	694	0	978	0	1322
rs551675589	41015039	T	C	0	1006	0	1008	0	694	7	978	0	1322
rs566489763	41015040	A	T	0	1006	0	1008	0	694	0	978	5	1322
rs533935705	41015043	T	C	0	1006	0	1008	0	694	0	978	5	1322
rs549454330	41015044	G	A	0	1006	0	1008	0	694	0	978	5	1322
rs567695599	41015070	A	G	0	1006	3	1008	0	694	0	978	0	1322
rs529452961	41015077	C	CA	0	1006	0	1008	2	694	0	978	14	1322
rs534763126	41015091	G	A	0	1006	0	1008	1	694	1	978	0	1322
rs556112874	41015101	A	G	0	1006	0	1008	0	694	0	978	8	1322
rs577933321	41015103	A	C	0	1006	0	1008	0	694	0	978	8	1322
rs538901413	41015104	G	A	0	1006	0	1008	0	694	0	978	8	1322
rs554115403	41015106	T	A	0	1006	0	1008	0	694	0	978	8	1322
rs143116023	41015124	A	G	0	1006	0	1008	2	694	0	978	14	1322
rs542690109	41015140	G	A	0	1006	1	1008	0	694	0	978	0	1322
rs202244557	41015192	C	CT	8	1006	0	1008	2	694	17	978	2	1322
rs190924304	41015209	C	T	0	1006	0	1008	0	694	0	978	2	1322
rs576087874	41015212	A	G	0	1006	0	1008	0	694	0	978	3	1322
rs35295514	41015228	C	T	58	1006	55	1008	34	694	48	978	79	1322
rs562909383	41015259	G	A	0	1006	0	1008	1	694	0	978	0	1322
rs28706875	41015287	A	G	1	1006	0	1008	4	694	1	978	59	1322
rs551613111	41015288	A	G	0	1006	0	1008	0	694	0	978	9	1322
rs560497284	41015292	T	C	0	1006	0	1008	0	694	0	978	9	1322
rs527670867	41015293	G	A	0	1006	0	1008	0	694	0	978	9	1322
rs549142820	41015296	A	G	0	1006	0	1008	0	694	0	978	10	1322
rs567725661	41015308	G	T	0	1006	0	1008	0	694	0	978	10	1322
rs187991044	41015313	A	G	0	1006	0	1008	0	694	0	978	1	1322
rs550264556	41015315	A	G	0	1006	0	1008	1	694	0	978	0	1322
rs571424024	41015323	A	C	0	1006	0	1008	0	694	0	978	10	1322
rs538837582	41015324	G	A	0	1006	0	1008	0	694	0	978	10	1322
rs192368661	41015338	C	A	0	1006	0	1008	0	694	0	978	2	1322
rs140153967	41015343	T	C	0	1006	0	1008	0	694	0	978	10	1322
rs536224364	41015359	C	T	0	1006	0	1008	1	694	0	978	0	1322
rs554241020	41015364	C	T	0	1006	0	1008	0	694	0	978	9	1322
rs576006683	41015371	G	A	0	1006	0	1008	0	694	0	978	9	1322
rs183068891	41015373	A	G	0	1006	0	1008	0	694	0	978	9	1322
rs187656229	41015391	C	A	2	1006	0	1008	0	694	0	978	0	1322
rs577813657	41015404	A	G	0	1006	0	1008	0	694	0	978	1	1322
rs137883746	41015412	A	G	0	1006	0	1008	0	694	0	978	9	1322
rs193152757	41015467	C	A	0	1006	0	1008	0	694	0	978	1	1322
rs143466902	41015542	G	C	0	1006	7	1008	1	694	0	978	17	1322
rs184891365	41015558	C	T	2	1006	0	1008	0	694	0	978	0	1322
rs147533588	41015563	G	T	0	1006	0	1008	0	694	0	978	10	1322
rs531739655	41015587	G	A	0	1006	0	1008	0	694	0	978	1	1322
rs549956785	41015605	G	T	0	1006	1	1008	0	694	0	978	0	1322
rs4802104	41015622	A	G	315	1006	425	1008	243	694	334	978	100	1322
rs7259965	41015627	C	T	243	1006	219	1008	258	694	373	978	501	1322
rs547642185	41015628	A	G	0	1006	0	1008	0	694	0	978	1	1322
rs138304197	41015657	T	C	0	1006	0	1008	1	694	0	978	9	1322
rs193051960	41015659	C	T	3	1006	0	1008	1	694	0	978	9	1322
rs554861087	41015660	G	A	0	1006	0	1008	0	694	0	978	2	1322
rs548608592	41015695	CT	C	0	1006	0	1008	0	694	0	978	10	1322
rs569503517	41015711	C	A	0	1006	0	1008	0	694	0	978	1	1322
rs7260329	41015733	G	A	323	1006	425	1008	248	694	350	978	160	1322
rs189779493	41015762	C	A	0	1006	0	1008	0	694	0	978	7	1322
rs576565381	41015764	G	C	0	1006	0	1008	0	694	0	978	7	1322
rs545173256	41015795	C	G	0	1006	0	1008	0	694	0	978	8	1322
rs545173256	41015795	C	T	0	1006	0	1008	0	694	0	978	8	1322
rs3786548	41015799	C	G	280	1006	377	1008	210	694	291	978	80	1322
rs3837929	41015802	A	AC	271	1006	364	1008	202	694	261	978	58	1322
rs3786549	41015824	A	G	274	1006	376	1008	208	694	289	978	72	1322
rs3786550	41015825	G	A	275	1006	376	1008	208	694	289	978	72	1322
rs144322226	41015828	A	G	0	1006	2	1008	0	694	0	978	0	1322
rs3786551	41015841	C	G	304	1006	400	1008	237	694	322	978	91	1322
rs3786552	41015852	C	G	309	1006	420	1008	241	694	327	978	95	1322
rs532626331	41015864	T	C	0	1006	0	1008	0	694	1	978	0	1322
rs547929902	41015865	A	G	0	1006	0	1008	0	694	0	978	10	1322
rs565842374	41015965	G	A	0	1006	0	1008	1	694	0	978	0	1322
rs183525325	41016032	A	G	0	1006	0	1008	0	694	0	978	10	1322
rs10853744	41016034	G	T	252	1006	219	1008	261	694	391	978	505	1322
rs148773915	41016036	G	T	0	1006	0	1008	0	694	0	978	27	1322
rs536628511	41016045	C	A	0	1006	0	1008	0	694	0	978	1	1322
rs558160406	41016047	C	T	1	1006	0	1008	0	694	0	978	0	1322
rs189333959	41016049	G	A	0	1006	0	1008	1	694	0	978	11	1322
rs534379587	41016058	A	G	0	1006	0	1008	0	694	0	978	10	1322
rs181741473	41016062	A	G	0	1006	0	1008	0	694	0	978	1	1322
rs142324620	41016118	G	A	0	1006	7	1008	0	694	0	978	0	1322
rs146347104	41016124	T	C	0	1006	0	1008	0	694	0	978	11	1322
rs8109848	41016164	G	C	314	1006	425	1008	242	694	333	978	77	1322
rs576705503	41016166	C	T	0	1006	0	1008	0	694	0	978	10	1322
rs544151520	41016167	A	G	0	1006	0	1008	0	694	0	978	10	1322
rs565248025	41016200	A	G	0	1006	0	1008	0	694	0	978	2	1322
rs577322480	41016212	A	G	0	1006	0	1008	0	694	1	978	0	1322
rs186209203	41016257	C	T	0	1006	0	1008	0	694	1	978	10	1322
rs139508439	41016258	G	A	0	1006	3	1008	1	694	0	978	0	1322
rs529840118	41016275	T	C	0	1006	0	1008	1	694	0	978	0	1322
rs548400130	41016292	T	G	0	1006	1	1008	0	694	0	978	3	1322
rs112387691	41016342	G	T	2	1006	0	1008	5	694	0	978	85	1322
rs71337576	41016433	A	G	625	1006	700	1008	543	694	634	978	1071	1322
rs552068041	41016453	C	T	0	1006	0	1008	0	694	1	978	0	1322
rs140868874	41016477	G	T	14	1006	0	1008	1	694	33	978	2	1322
rs189113708	41016521	T	C	0	1006	0	1008	1	694	0	978	0	1322
rs35799596	41016524	G	T	0	1006	9	1008	0	694	0	978	0	1322
rs796553275	41016536	T	G	0	0	0	0	0	0	0	0	0	0
rs2291287	41016546	A	G	58	1006	54	1008	34	694	48	978	66	1322
rs536428142	41016559	G	A	0	1006	1	1008	0	694	0	978	0	1322
rs371613060	41016584	A	G	0	1006	7	1008	0	694	3	978	0	1322
rs576578621	41016594	G	A	0	1006	1	1008	0	694	0	978	7	1322
rs537701423	41016606	C	T	0	1006	0	1008	0	694	1	978	0	1322
rs559298344	41016673	T	C	0	1006	0	1008	1	694	0	978	0	1322
rs143488417	41016674	C	T	0	1006	0	1008	0	694	0	978	2	1322
rs541481501	41016675	G	C	0	1006	0	1008	0	694	4	978	0	1322
rs147991149	41016678	C	T	0	1006	0	1008	0	694	2	978	0	1322
rs368451099	41016682	C	T	0	1006	0	1008	0	694	2	978	0	1322
rs146956370	41016686	A	G	0	1006	0	1008	0	694	0	978	3	1322
rs3211369	41016726	A	G	0	1006	2	1008	0	694	1	978	0	1322
rs201028567	41016727	T	C	0	1006	0	1008	1	694	0	978	0	1322
rs117872433	41016741	G	A	0	1006	4	1008	0	694	0	978	0	1322
rs564083989	41016778	G	A	0	1006	1	1008	0	694	0	978	0	1322
rs3211371	41016810	C	T	113	1006	3	1008	50	694	87	978	15	1322
rs148520554	41016823	G	A	0	1006	0	1008	0	694	1	978	0	1322
rs28399501	41016853	G	A	14	1006	0	1008	0	694	0	978	0	1322
rs377238819	41016877	C	T	1	1006	0	1008	1	694	0	978	0	1322
rs3211372	41016878	G	A	0	1006	1	1008	0	694	0	978	0	1322
rs34749331	41016899	G	A	0	1006	0	1008	2	694	0	978	39	1322
rs138053056	41016906	C	T	0	1006	0	1008	0	694	4	978	8	1322
rs3211374	41016935	A	G	0	1006	3	1008	0	694	2	978	10	1322
rs571199677	41016949	T	C	0	1006	0	1008	0	694	0	978	1	1322
rs534996226	41016954	C	T	0	1006	0	1008	0	694	1	978	0	1322
rs28399502	41016965	C	A	0	1006	0	1008	1	694	0	978	52	1322
rs3211375	41016980	A	G	0	1006	0	1008	0	694	0	978	7	1322
rs3211376	41016983	T	G	0	1006	0	1008	0	694	0	978	7	1322
rs557175888	41016985	G	T	0	1006	0	1008	0	694	0	978	7	1322
rs575089628	41017000	A	C	0	1006	0	1008	0	694	0	978	7	1322
rs545633584	41017012	G	A	0	1006	0	1008	1	694	0	978	0	1322
rs139818840	41017033	C	CAT	86	1006	5	1008	27	694	12	978	6	1322
rs186436005	41017059	T	C	0	1006	0	1008	1	694	0	978	0	1322
rs528397773	41017084	C	T	0	1006	0	1008	0	694	0	978	2	1322
rs191323958	41017086	A	G	0	1006	0	1008	0	694	0	978	8	1322
rs142073892	41017102	G	A	0	1006	2	1008	0	694	0	978	0	1322
rs528886765	41017103	C	T	0	1006	0	1008	0	694	1	978	3	1322
rs3181842	41017111	C	T	623	1006	714	1008	553	694	768	978	983	1322
rs569014214	41017113	G	T	0	1006	0	1008	0	694	0	978	1	1322
rs531113945	41017139	A	T	2	1006	0	1008	0	694	0	978	1	1322
rs28969414	41017171	T	A	37	1006	0	1008	10	694	5	978	3	1322
rs28969415	41017172	A	G	37	1006	0	1008	10	694	5	978	3	1322
rs535303145	41017183	C	T	1	1006	0	1008	0	694	0	978	0	1322
rs553398143	41017187	C	T	1	1006	0	1008	1	694	0	978	0	1322
rs28969416	41017188	A	G	1	1006	0	1008	1	694	0	978	12	1322
rs535525152	41017191	C	T	1	1006	0	1008	1	694	0	978	0	1322
rs373029731	41017199	C	T	0	1006	1	1008	0	694	12	978	0	1322
rs35764087	41017200	G	A	9	1006	0	1008	2	694	8	978	12	1322
rs150701000	41017208	A	G	0	1006	0	1008	1	694	0	978	20	1322
rs180880929	41017215	G	C	0	1006	1	1008	0	694	0	978	0	1322
rs572715430	41017237	T	C	0	1006	0	1008	0	694	0	978	2	1322
rs554556199	41017242	T	C	0	0	0	0	0	0	0	0	0	0
rs138892132	41017247	A	T	0	1006	0	1008	1	694	1	978	4	1322
rs185153760	41017249	G	A	2	1006	0	1008	2	694	0	978	0	1322
chr19:41523227C-A	41017322	C	A	0	0	0	0	0	0	0	0	0	0
rs142189613	41017333	G	A	1	1006	2	1008	0	694	0	978	4	1322
rs199643221	41017339	A	G	0	1006	1	1008	0	694	0	978	11	1322
rs189811422	41017347	A	G	0	1006	0	1008	0	694	0	978	11	1322
rs7260525	41017349	A	G	152	1006	287	1008	116	694	152	978	15	1322
rs551518259	41017351	A	T	0	1006	2	1008	0	694	0	978	0	1322
rs571014533	41017376	A	G	0	1006	0	1008	0	694	2	978	0	1322
rs183567477	41017379	C	T	0	1006	0	1008	0	694	0	978	11	1322
rs7246465	41017398	T	C	623	1006	693	1008	551	694	781	978	1049	1322
rs568697064	41017423	C	T	0	1006	0	1008	0	694	0	978	2	1322
rs567510121	41017424	G	C	3	1006	0	1008	0	694	0	978	0	1322
rs550589489	41017429	G	A	0	1006	0	1008	0	694	1	978	8	1322
rs568931151	41017448	C	T	0	1006	1	1008	0	694	0	978	0	1322
rs28969419	41017452	C	G	0	1006	4	1008	0	694	0	978	0	1322
rs557834987	41017492	T	C	0	1006	1	1008	0	694	0	978	0	1322
rs572699046	41017518	C	G	0	1006	1	1008	0	694	0	978	0	1322
rs187812230	41017565	G	A	0	1006	0	1008	0	694	0	978	11	1322
rs35263810	41017570	A	G	0	1006	25	1008	0	694	0	978	0	1322
rs183512933	41017571	G	A	0	1006	0	1008	0	694	0	978	11	1322
rs188066595	41017579	C	T	0	1006	0	1008	0	694	0	978	11	1322
rs192819475	41017605	T	G	0	1006	0	1008	0	694	0	978	11	1322
rs35584276	41017615	G	A	0	1006	0	1008	1	694	0	978	14	1322
rs146050194	41017619	C	T	0	1006	0	1008	0	694	0	978	12	1322
rs148726498	41017626	C	T	0	1006	0	1008	0	694	0	978	12	1322
rs4803420	41017655	G	T	118	1006	202	1008	116	694	158	978	120	1322
rs142209151	41017661	A	C	0	1006	0	1008	0	694	0	978	11	1322
rs151234181	41017689	C	T	0	1006	0	1008	1	694	0	978	14	1322
rs529532024	41017703	A	G	0	1006	0	1008	0	694	0	978	1	1322
rs550877759	41017720	A	G	0	1006	0	1008	0	694	2	978	0	1322
rs568870601	41017743	C	T	0	1006	0	1008	0	694	1	978	0	1322
rs34404077	41017745	C	G	0	1006	2	1008	0	694	0	978	0	1322
rs551452851	41017754	C	A	1	1006	0	1008	0	694	0	978	0	1322
rs140285717	41017775	G	A	0	1006	0	1008	0	694	0	978	11	1322
rs533970043	41017786	A	G	0	1006	0	1008	0	694	0	978	2	1322
rs536159430	41017791	G	T	1	1006	0	1008	0	694	4	978	0	1322
rs186785036	41017793	T	A	0	1006	0	1008	0	694	0	978	11	1322
rs35742808	41017800	A	G	1	1006	0	1008	0	694	0	978	39	1322
rs145192043	41017812	C	T	0	1006	0	1008	0	694	0	978	11	1322
rs147615361	41017815	A	G	0	1006	0	1008	0	694	0	978	11	1322
rs556419034	41017822	A	T	0	1006	0	1008	0	694	1	978	0	1322
rs560270263	41017828	C	T	0	1006	0	1008	0	694	0	978	1	1322
rs191261816	41017830	C	T	0	1006	0	1008	0	694	0	978	11	1322
rs34128717	41017847	A	G	0	1006	0	1008	9	694	0	978	141	1322
rs562106212	41017852	T	C	0	1006	0	1008	0	694	0	978	11	1322
rs58455448	41017855	AT	A	621	1006	664	1008	535	694	741	978	1119	1322
rs28969420	41017899	G	T	60	1006	37	1008	41	694	87	978	265	1322
rs145886420	41017910	A	G	0	1006	0	1008	0	694	0	978	11	1322
rs145450819	41017916	C	G	0	1006	0	1008	5	694	0	978	46	1322
rs184792641	41017923	T	G	0	1006	0	1008	0	694	0	978	11	1322
rs35462975	41017960	T	C	0	1006	0	1008	1	694	0	978	4	1322
rs566882504	41017987	G	A	0	1006	0	1008	0	694	0	978	4	1322
rs181813498	41017999	T	G	0	1006	0	1008	0	694	0	978	10	1322
rs549468301	41018002	A	G	0	1006	0	1008	0	694	0	978	10	1322
rs567303715	41018016	C	G	0	1006	0	1008	0	694	0	978	2	1322
rs185107217	41018028	T	C	0	1006	2	1008	0	694	0	978	0	1322
rs556485800	41018030	G	T	0	1006	0	1008	0	694	0	978	10	1322
rs189628814	41018043	C	T	0	1006	0	1008	0	694	0	978	10	1322
rs181570789	41018044	A	G	0	1006	0	1008	0	694	0	978	10	1322
rs553461265	41018048	T	C	0	1006	0	1008	0	694	0	978	11	1322
rs3211391	41018061	G	C	0	1006	0	1008	0	694	0	978	11	1322
rs28969421	41018082	G	A	0	1006	0	1008	4	694	0	978	55	1322
rs554650767	41018096	A	G	0	1006	0	1008	0	694	0	978	1	1322
rs3211394	41018101	T	C	0	1006	0	1008	0	694	0	978	11	1322
rs1038376	41018104	A	T	279	1006	164	1008	311	694	362	978	447	1322
rs142251563	41018112	G	A	0	1006	0	1008	0	694	0	978	11	1322
rs138429170	41018126	A	G	0	1006	0	1008	0	694	0	978	11	1322
rs545313171	41018135	T	C	1	1006	0	1008	0	694	0	978	0	1322
rs142839741	41018148	G	T	0	1006	0	1008	0	694	0	978	11	1322
rs527690358	41018165	T	C	0	1006	0	1008	1	694	0	978	0	1322
rs707265	41018182	A	G	617	1006	679	1008	554	694	772	978	1083	1322
rs150648484	41018223	C	T	0	1006	0	1008	0	694	0	978	11	1322
rs12979270	41018226	A	C	210	1006	304	1008	103	694	234	978	309	1322
rs12979898	41018227	G	A	212	1006	306	1008	104	694	235	978	323	1322
rs1042389	41018248	T	C	212	1006	307	1008	104	694	235	978	313	1322
rs538901499	41018270	A	G	0	1006	0	1008	0	694	0	978	7	1322
rs61365636	41018298	G	C	0	1006	0	1008	0	694	0	978	10	1322
rs149361248	41018301	G	A	0	1006	0	1008	0	694	0	978	10	1322
rs536285951	41018312	C	A	0	1006	1	1008	0	694	0	978	0	1322
rs185691524	41018337	T	C	0	1006	0	1008	0	694	0	978	11	1322
rs144683195	41018345	C	T	0	1006	0	1008	0	694	0	978	11	1322
rs189966711	41018351	T	C	0	1006	0	1008	0	694	0	978	11	1322
rs544494883	41018393	C	T	0	1006	0	1008	1	694	0	978	0	1322
rs577828117	41018418	T	C	0	1006	0	1008	0	694	3	978	0	1322
rs545332016	41018419	G	T	0	1006	0	1008	0	694	1	978	0	1322
rs35218075	41018421	G	A	0	1006	0	1008	1	694	0	978	13	1322
rs573438564	41018439	C	T	1	1006	1	1008	0	694	0	978	0	1322
rs543040654	41018446	C	G	0	1006	0	1008	0	694	1	978	0	1322
rs112856484	41018459	T	G	0	0	0	0	0	0	0	0	0	0
rs561200247	41018486	T	C	1	1006	0	1008	0	694	0	978	0	1322
rs531808637	41018487	C	G	0	1006	0	1008	0	694	0	978	4	1322
rs34119267	41018489	C	A	0	1006	0	1008	3	694	0	978	32	1322
rs147605262	41018513	G	C	0	1006	0	1008	0	694	0	978	11	1322
rs532348990	41018549	A	G	0	1006	1	1008	0	694	0	978	0	1322
rs186484294	41018556	G	A	3	1006	0	1008	0	694	0	978	0	1322
rs566000734	41018604	T	C	0	1006	0	1008	0	694	4	978	0	1322
rs535852188	41018615	A	G	0	1006	0	1008	0	694	1	978	0	1322
rs533069320	41018624	C	T	0	1006	0	1008	0	694	10	978	0	1322
rs192168707	41018626	C	A	0	1006	1	1008	0	694	0	978	0	1322
rs536710922	41018644	C	T	0	1006	0	1008	0	694	0	978	1	1322
rs558236070	41018737	C	T	0	1006	0	1008	0	694	0	978	7	1322
rs577815628	41018741	G	T	0	1006	0	1008	0	694	0	978	7	1322
rs539260063	41018742	A	G	0	1006	0	1008	0	694	0	978	7	1322
rs552004328	41018749	C	CA	0	1006	0	1008	0	694	0	978	5	1322
rs140539841	41018771	C	T	0	1006	0	1008	0	694	0	978	5	1322
rs572723300	41018776	C	G	0	1006	0	1008	0	694	0	978	7	1322
rs542971463	41018801	A	G	0	1006	0	1008	0	694	0	978	7	1322
rs183440871	41018806	G	C	1	1006	0	1008	0	694	0	978	0	1322
rs576514197	41018812	C	A	0	1006	0	1008	0	694	0	978	7	1322
rs34789700	41018828	G	T	0	1006	0	1008	16	694	0	978	259	1322
rs565424970	41018860	G	A	0	1006	0	1008	0	694	0	978	8	1322
rs532331601	41018862	G	A	1	1006	1	1008	0	694	0	978	2	1322
rs113714320	41018871	T	C	5	1006	0	1008	1	694	2	978	0	1322
rs188497549	41018900	G	A	0	1006	0	1008	0	694	0	978	9	1322
rs151180819	41018904	C	T	0	1006	1	1008	0	694	0	978	0	1322
rs548199735	41018923	C	A	1	1006	0	1008	1	694	0	978	0	1322
rs569266178	41018931	C	G	0	1006	0	1008	0	694	0	978	7	1322
rs536696327	41018932	G	A	0	1006	0	1008	0	694	0	978	7	1322
rs551848003	41018939	G	A	0	1006	0	1008	1	694	0	978	0	1322
rs191532945	41018952	A	G	0	1006	1	1008	0	694	0	978	0	1322
rs538834469	41018957	A	C	1	1006	0	1008	0	694	0	978	0	1322
rs554311442	41018960	C	T	0	1006	0	1008	0	694	1	978	0	1322
rs572564873	41018965	T	C	0	1006	0	1008	0	694	0	978	7	1322
rs536910474	41018978	G	T	0	1006	1	1008	0	694	0	978	0	1322
rs182690298	41018982	C	A	0	1006	0	1008	0	694	0	978	14	1322
rs576500574	41018985	C	A	0	1006	0	1008	0	694	0	978	4	1322
rs543877624	41018991	C	G	0	1006	0	1008	0	694	0	978	4	1322
rs544344126	41018994	G	A	0	1006	0	1008	0	694	0	978	1	1322
rs577242284	41018997	C	T	0	1006	0	1008	0	694	0	978	4	1322
rs541183031	41018998	A	G	0	1006	0	1008	0	694	0	978	4	1322
rs559459152	41018999	T	A	0	1006	0	1008	0	694	0	978	4	1322
rs529854434	41019005	T	C	0	1006	0	1008	0	694	0	978	4	1322
rs541720211	41019011	T	C	0	1006	0	1008	0	694	1	978	4	1322
rs566151044	41019016	A	T	0	0	0	0	0	0	0	0	0	0
rs563285592	41019058	A	G	0	1006	0	1008	0	694	1	978	0	1322
rs10415419	41019131	C	T	1	1006	0	1008	5	694	0	978	98	1322
rs112675486	41019136	C	CATAA	0	1006	11	1008	1	694	0	978	2	1322
rs551782203	41019193	C	T	0	1006	0	1008	0	694	1	978	0	1322
rs35394535	41019241	T	G	0	1006	0	1008	1	694	0	978	39	1322
rs549473187	41019257	TG	T	0	1006	6	1008	0	694	0	978	0	1322
rs528151721	41019258	G	A	0	1006	0	1008	0	694	0	978	1	1322
rs546387053	41019298	C	T	0	1006	0	1008	1	694	2	978	0	1322
rs566217573	41019311	G	A	0	1006	1	1008	0	694	0	978	0	1322
rs536491216	41019369	C	T	0	1006	0	1008	0	694	0	978	3	1322
rs555291774	41019375	G	A	0	1006	0	1008	0	694	1	978	0	1322
rs570392438	41019431	C	T	0	1006	0	1008	0	694	1	978	0	1322
rs188796036	41019446	C	T	0	1006	0	1008	0	694	0	978	2	1322
rs56777936	41019464	C	G	117	1006	208	1008	122	694	157	978	102	1322
rs1552219	41019469	A	G	618	1006	679	1008	567	694	772	978	1300	1322
rs58312733	41019502	C	T	115	1006	208	1008	145	694	135	978	419	1322
rs61073883	41019505	C	T	115	1006	208	1008	144	694	135	978	407	1322
rs574569265	41019529	C	T	0	1006	0	1008	0	694	0	978	10	1322
rs36002231	41019535	T	C	59	1006	37	1008	36	694	87	978	210	1322
rs34299754	41019538	T	G	59	1006	37	1008	36	694	87	978	210	1322
rs530685980	41019543	G	A	1	1006	0	1008	0	694	15	978	0	1322
rs545705284	41019561	G	C	0	1006	0	1008	1	694	0	978	0	1322
rs564067246	41019577	A	G	0	1006	0	1008	1	694	0	978	0	1322
rs28576095	41019606	G	A	0	1006	0	1008	2	694	0	978	41	1322
rs546669968	41019700	C	T	1	1006	0	1008	0	694	0	978	0	1322
rs568103545	41019727	A	G	0	1006	0	1008	0	694	2	978	0	1322
rs112435200	41019737	G	A	0	1006	0	1008	1	694	0	978	26	1322
rs1552220	41019750	G	A	277	1006	478	1008	207	694	322	978	413	1322
rs1552221	41019752	T	C	277	1006	480	1008	208	694	322	978	413	1322
rs193215789	41019772	A	G	0	1006	0	1008	0	694	0	978	11	1322
rs559297910	41019878	G	A	0	1006	1	1008	0	694	0	978	0	1322
rs570824248	41019900	C	T	0	1006	0	1008	0	694	3	978	0	1322
rs76892629	41019906	A	G	0	1006	0	1008	0	694	0	978	11	1322
rs185520245	41019913	G	A	0	1006	0	1008	0	694	0	978	11	1322
rs190421965	41019949	A	G	0	1006	0	1008	0	694	0	978	9	1322
rs140699835	41019983	C	T	0	1006	0	1008	0	694	0	978	11	1322
rs556702607	41019993	T	G	0	1006	0	1008	0	694	0	978	10	1322
rs1552222	41019999	T	A	151	1006	270	1008	85	694	147	978	317	1322
rs545645665	41020013	T	C	0	1006	0	1008	0	694	0	978	11	1322
rs564269564	41020033	A	G	0	1006	6	1008	0	694	0	978	0	1322
rs572788316	41020034	T	C	0	1006	0	1008	1	694	0	978	0	1322
rs1552223	41020047	G	A	618	1006	679	1008	564	694	772	978	1300	1322
rs561746776	41020054	A	T	0	1006	0	1008	0	694	1	978	0	1322
rs145914604	41020102	G	A	10	1006	0	1008	2	694	17	978	1	1322
rs550705386	41020130	C	G	0	1006	1	1008	0	694	0	978	0	1322
rs563826682	41020158	T	G	0	1006	0	1008	0	694	0	978	1	1322
rs531178956	41020169	C	T	1	1006	0	1008	0	694	0	978	0	1322
rs552827064	41020193	G	T	1	1006	0	1008	0	694	0	978	0	1322
rs571095663	41020194	C	T	0	1006	0	1008	0	694	1	978	0	1322
rs35131519	41020239	T	C	399	1006	372	1008	443	694	521	978	735	1322
rs181534227	41020280	C	T	1	1006	0	1008	0	694	0	978	0	1322
rs201783190	41020318	CA	C	2	1006	0	1008	5	694	0	978	71	1322
rs77484259	41020333	C	G	117	1006	208	1008	118	694	159	978	56	1322
rs10423004	41020334	A	G	399	1006	372	1008	443	694	521	978	735	1322
rs557036013	41020347	T	C	0	1006	0	1008	1	694	0	978	0	1322
rs575091597	41020382	C	T	0	1006	0	1008	0	694	2	978	0	1322
rs561172346	41020383	G	A	1	1006	0	1008	0	694	0	978	0	1322
rs558016614	41020432	G	A	0	1006	0	1008	0	694	1	978	0	1322
rs573081953	41020442	A	G	0	1006	0	1008	0	694	0	978	1	1322
rs112042459	41020448	G	A	1	1006	0	1008	4	694	0	978	70	1322
rs112609366	41020472	A	C	1	1006	0	1008	4	694	0	978	70	1322
rs184297497	41020512	G	T	0	1006	0	1008	1	694	0	978	0	1322
rs544323048	41020516	T	C	0	1006	0	1008	0	694	0	978	1	1322
rs188537687	41020522	T	C	2	1006	0	1008	1	694	0	978	0	1322
rs73559297	41020528	C	T	59	1006	37	1008	34	694	87	978	228	1322
rs545202427	41020555	T	C	0	1006	0	1008	0	694	2	978	0	1322
rs564722710	41020563	A	G	0	1006	0	1008	0	694	1	978	0	1322
rs528743258	41020587	T	G	0	1006	3	1008	0	694	0	978	0	1322
rs180946514	41020610	C	A	0	1006	0	1008	1	694	0	978	4	1322
rs568065225	41020616	C	T	1	1006	0	1008	0	694	0	978	0	1322
rs190424090	41020696	G	A	0	1006	2	1008	0	694	0	978	4	1322
rs200228879	41020713	CAA	C	0	1006	4	1008	0	694	0	978	0	1322
rs150816865	41020728	C	T	0	1006	0	1008	0	694	6	978	10	1322
rs58380651	41020754	A	G	117	1006	208	1008	118	694	158	978	56	1322
rs539597280	41020787	T	C	0	1006	0	1008	1	694	0	978	0	1322
rs557633541	41020796	A	T	0	1006	0	1008	0	694	0	978	8	1322
rs566667921	41020814	T	C	0	1006	0	1008	0	694	0	978	11	1322
rs533800821	41020816	G	A	0	1006	1	1008	0	694	0	978	0	1322
rs555681755	41020818	A	G	0	1006	0	1008	0	694	0	978	8	1322
rs573672452	41020856	A	C	0	1006	0	1008	0	694	1	978	0	1322
rs143713657	41020930	C	T	0	1006	11	1008	0	694	2	978	0	1322
rs182548671	41021002	T	C	0	1006	1	1008	0	694	0	978	0	1322
rs577787917	41021029	A	T	0	1006	1	1008	1	694	0	978	2	1322
rs187163766	41021058	G	A	3	1006	0	1008	0	694	3	978	2	1322
rs564479969	41021080	G	A	0	1006	1	1008	0	694	0	978	0	1322
