ID	POS	REF	ALT	AFR_L_AMR	AFR_G_AMR	AFR_T_AMR	AFR_L_EUR	AFR_G_EUR	AFR_T_EUR	AFR_L_EAS	AFR_G_EAS	AFR_T_EAS	AFR_L_SAS	AFR_G_SAS	AFR_T_SAS
rs543836249	40842851	A	C												
rs562332230	40842865	A	G				0.0	0.0	0.0						
rs533300583	40842866	T	C	0.0	0.0	0.0									
rs551384469	40843111	C	T	0.0	0.0	0.0									
rs2259217	40843328	A	G	inf	inf	inf	0.15155185465556398	0.15155185465556398	0.15155185465556398				0.14731264193792581	0.14731264193792581	0.14731264193792581
rs2259219	40843345	C	G	4.0487254901960785	4.0487254901960785	4.0487254901960785	1.1159126984126984	1.1159126984126984	1.1159126984126984				1.8104487179487179	1.8104487179487179	1.8104487179487179
rs2431412	40843354	A	G	1.633861551292744	1.633861551292744	1.633861551292744	0.6733618867853537	0.6733618867853537	0.6733618867853537				0.8621126579842177	0.8621126579842177	0.8621126579842177
rs183581274	40843383	A	T				0.0	0.0	0.0						
rs72549453	40843438	T	C	0.2619227857683573	0.2619227857683573	0.2619227857683573	0.05363901805991132	0.05363901805991132	0.05363901805991132				0.0815039111784002	0.0815039111784002	0.0815039111784002
rs146895354	40843446	C	G												
rs138956819	40843507	G	A												
rs569152950	40843552	G	A												
rs192752442	40843567	C	G	0.0	0.0	0.0	0.0	0.0	0.0						
rs558177610	40843603	C	T				0.0	0.0	0.0						
rs573167674	40843628	T	C												
rs8192733	40843645	G	C	0.3091571171977791	0.3091571171977791	0.3091571171977791	0.35801921327624076	0.35801921327624076	0.35801921327624076				0.4884405838439241	0.4884405838439241	0.4884405838439241
chr19:41349573T-C	40843668	T	C												
rs28399481	40843693	C	G	0.07412100095026924	0.07412100095026924	0.07412100095026924	0.24624395212630507	0.24624395212630507	0.24624395212630507				0.1467261391360063	0.1467261391360063	0.1467261391360063
rs142901606	40843696	T	C	inf	inf	inf	inf	inf	inf				inf	inf	inf
rs28399480	40843698	C	T	0.07412100095026924	0.07412100095026924	0.07412100095026924	0.24624395212630507	0.24624395212630507	0.24624395212630507				0.14183059587471353	0.14183059587471353	0.14183059587471353
rs28399479	40843700	G	C	0.07412100095026924	0.07412100095026924	0.07412100095026924	0.24624395212630507	0.24624395212630507	0.24624395212630507				0.1467261391360063	0.1467261391360063	0.1467261391360063
rs28399478	40843707	G	T	0.07412100095026924	0.07412100095026924	0.07412100095026924	0.22794572374404307	0.22794572374404307	0.22794572374404307				0.14423951398741314	0.14423951398741314	0.14423951398741314
rs7248240	40843735	G	C	2.062376505039305	2.062376505039305	2.062376505039305	3.69616317065458	3.69616317065458	3.69616317065458				3.8258200121688146	3.8258200121688146	3.8258200121688146
rs560208518	40843748	C	G	0.05492527274705492	0.05492527274705492	0.05492527274705492	0.2021048258672021	0.2021048258672021	0.2021048258672021				0.12459119215088929	0.12459119215088929	0.12459119215088929
rs527558515	40843756	C	T	inf	inf	inf	inf	inf	inf				inf	inf	inf
rs776763346	40843773	A	C												
rs72549450	40843841	A	G												
rs6413474	40843854	T	C	0.0	0.0	0.0	0.0	0.0	0.0				0.0	0.0	0.0
rs561053481	40843858	G	A										0.0	0.0	0.0
rs529455023	40843868	A	G												
rs550797906	40843871	G	A												
rs569294454	40843907	C	T												
rs539466327	40843961	G	A	inf	inf	inf	inf	inf	inf				inf	inf	inf
rs143731390	40843969	T	A												
rs551723740	40843983	G	T	inf	inf	inf	inf	inf	inf				inf	inf	inf
rs370819234	40844037	A	G	2.106544901065449	2.106544901065449	2.106544901065449	6.1187214611872145	6.1187214611872145	6.1187214611872145				inf	inf	inf
rs373949046	40844038	G	C	1.6809684684684685	1.6809684684684685	1.6809684684684685	0.8687684533272768	0.8687684533272768	0.8687684533272768				0.6695829450139795	0.6695829450139795	0.6695829450139795
rs555584221	40844042	C	A	inf	inf	inf	inf	inf	inf				inf	inf	inf
rs573895636	40844065	A	G												
rs2431413	40844073	A	G	1.5046848928250545	1.5046848928250545	1.5046848928250545	2.330985324947589	2.330985324947589	2.330985324947589				0.8925109666508113	0.8925109666508113	0.8925109666508113
rs527665782	40844093	G	A										0.0	0.0	0.0
rs577637465	40844099	G	C				0.0	0.0	0.0						
rs544703198	40844129	C	T	0.0	0.0	0.0									
rs560172971	40844151	A	T												
rs572409121	40844181	T	C				0.0	0.0	0.0						
rs542939658	40844193	A	G	inf	inf	inf	inf	inf	inf				inf	inf	inf
rs561117972	40844268	A	T										0.0	0.0	0.0
rs531414040	40844286	G	T	inf	inf	inf	inf	inf	inf				inf	inf	inf
rs549914213	40844306	A	G				0.0	0.0	0.0						
rs145026630	40844312	G	A	inf	inf	inf	inf	inf	inf				inf	inf	inf
rs533443716	40844367	A	G	0.0	0.0	0.0	0.0	0.0	0.0				0.0	0.0	0.0
rs551519233	40844379	G	C	0.0	0.0	0.0									
rs566521623	40844444	A	C	0.0	0.0	0.0	0.0	0.0	0.0				0.0	0.0	0.0
rs534270874	40844534	T	G	0.0	0.0	0.0	0.0	0.0	0.0						
rs186833314	40844543	A	T	0.0	0.0	0.0									
rs567580611	40844555	C	T												
rs72549446	40844570	A	T	inf	inf	inf	inf	inf	inf				1.483969465648855	1.483969465648855	1.483969465648855
rs2002975	40844584	C	G	3.3295081967213114	3.3295081967213114	3.3295081967213114	0.9297452103495951	0.9297452103495951	0.9297452103495951				1.256839559258264	1.256839559258264	1.256839559258264
rs571285801	40844597	A	C										0.0	0.0	0.0
rs113368210	40844600	C	A	inf	inf	inf	1.5227272727272727	1.5227272727272727	1.5227272727272727				inf	inf	inf
rs56164728	40844602	T	C	15.443837832372864	15.443837832372864	15.443837832372864	inf	inf	inf				inf	inf	inf
rs2002976	40844604	G	A	0.1412226893652216	0.1412226893652216	0.1412226893652216	0.02995226857734733	0.02995226857734733	0.02995226857734733				0.04945607137189908	0.04945607137189908	0.04945607137189908
rs373592802	40844622	G	C	inf	inf	inf	inf	inf	inf				inf	inf	inf
rs554920226	40844670	G	T	inf	inf	inf	inf	inf	inf				inf	inf	inf
rs28399463	40844682	T	C	9.40947940947941	9.40947940947941	9.40947940947941	inf	inf	inf				26.56954156954157	26.56954156954157	26.56954156954157
rs2002977	40844689	G	A	4.581104768753652	4.581104768753652	4.581104768753652	1.415375543898174	1.415375543898174	1.415375543898174				2.008554183734024	2.008554183734024	2.008554183734024
rs143336165	40844695	G	A												
rs371553133	40844706	C	A												
rs28399462	40844710	G	A	6.535437014775858	6.535437014775858	6.535437014775858	9.569747057350364	9.569747057350364	9.569747057350364				20.711111111111112	20.711111111111112	20.711111111111112
rs56314118	40844725	A	G	0.1743628564219026	0.1743628564219026	0.1743628564219026	0.10803503839082945	0.10803503839082945	0.10803503839082945				inf	inf	inf
rs560168395	40844740	C	T				0.0	0.0	0.0						
rs28399461	40844743	A	G	6.1839768159297	6.1839768159297	6.1839768159297	15.745196189245922	15.745196189245922	15.745196189245922				24.145648312611012	24.145648312611012	24.145648312611012
rs1809810	40844759	T	A	0.37802684378026846	0.37802684378026846	0.37802684378026846	0.3767123287671233	0.3767123287671233	0.3767123287671233				0.2645634426456344	0.2645634426456344	0.2645634426456344
rs59389036	40844767	G	A				0.0	0.0	0.0						
rs369346633	40844777	T	G										0.0	0.0	0.0
rs550145221	40844791	T	G												
rs571807591	40844793	G	T										0.0	0.0	0.0
rs538809590	40844795	G	A										0.0	0.0	0.0
rs553913513	40844799	G	A												
rs565746276	40844806	A	C	inf	inf	inf	inf	inf	inf				0.7393939393939394	0.7393939393939394	0.7393939393939394
rs536276517	40844807	G	A	inf	inf	inf	inf	inf	inf				0.7393939393939394	0.7393939393939394	0.7393939393939394
rs554585461	40844811	C	T	inf	inf	inf	inf	inf	inf				1.109931766489765	1.109931766489765	1.109931766489765
rs555413545	40844812	G	A	inf	inf	inf	inf	inf	inf				0.7393939393939394	0.7393939393939394	0.7393939393939394
rs543693586	40844813	G	C										0.0	0.0	0.0
rs574299338	40844841	G	C				0.0	0.0	0.0						
rs576973328	40844845	G	C				0.0	0.0	0.0						
rs150455365	40844854	T	G	inf	inf	inf	inf	inf	inf				2.2221379833206973	2.2221379833206973	2.2221379833206973
rs560231157	40844874	G	A	0.0	0.0	0.0									
rs527756545	40844877	G	T	inf	inf	inf	inf	inf	inf				inf	inf	inf
rs28399459	40844882	C	G	0.0	0.0	0.0	0.0	0.0	0.0				0.0	0.0	0.0
rs28399458	40844902	C	G										0.0	0.0	0.0
rs28399457	40844906	T	A										0.0	0.0	0.0
rs372178313	40844922	G	A	0.0	0.0	0.0									
rs185273084	40844930	G	A	inf	inf	inf	inf	inf	inf				inf	inf	inf
rs376822239	40844936	A	G												
rs28399456	40844990	G	A										0.0	0.0	0.0
rs565809820	40845016	C	G	0.0	0.0	0.0									
rs536337801	40845019	T	C				0.0	0.0	0.0						
rs548247947	40845035	G	T	inf	inf	inf	inf	inf	inf				inf	inf	inf
rs190125323	40845073	G	A	0.0	0.0	0.0	0.0	0.0	0.0				0.0	0.0	0.0
rs8192729	40845091	C	T	3.6502161558264925	3.6502161558264925	3.6502161558264925	1.006075262474932	1.006075262474932	1.006075262474932				1.5684007707129095	1.5684007707129095	1.5684007707129095
rs558825772	40845137	G	C												
rs577031756	40845145	G	A												
rs181329462	40845151	C	T												
rs552730967	40845165	G	A												
rs572245201	40845167	G	A	inf	inf	inf	inf	inf	inf				inf	inf	inf
rs542707063	40845186	T	A										0.0	0.0	0.0
rs561177628	40845197	G	C										0.0	0.0	0.0
rs576392235	40845242	A	C												
rs4803380	40845264	C	T	6.1980312680949625	6.1980312680949625	6.1980312680949625	9.5175267559253	9.5175267559253	9.5175267559253				19.641856232939034	19.641856232939034	19.641856232939034
rs60286635	40845265	G	A	28.3748031496063	28.3748031496063	28.3748031496063	inf	inf	inf				inf	inf	inf
rs532833480	40845273	G	C	inf	inf	inf	inf	inf	inf				inf	inf	inf
rs150586234	40845306	G	A	0.0	0.0	0.0	0.0	0.0	0.0						
rs185304177	40845321	G	C	0.0	0.0	0.0									
rs114558780	40845322	G	A	inf	inf	inf	inf	inf	inf				inf	inf	inf
rs59992959	40845339	G	A	inf	inf	inf	inf	inf	inf				inf	inf	inf
rs145036049	40845340	C	T	inf	inf	inf	inf	inf	inf				inf	inf	inf
rs28399454	40845362	C	T	22.911311053984576	22.911311053984576	22.911311053984576	inf	inf	inf				inf	inf	inf
rs143841823	40845400	A	G				0.0	0.0	0.0						
rs150247689	40845439	C	T				0.0	0.0	0.0						
rs138932530	40845450	G	A	inf	inf	inf	inf	inf	inf				inf	inf	inf
rs61605570	40845458	T	A	inf	inf	inf	inf	inf	inf				inf	inf	inf
rs137904044	40845465	C	A	inf	inf	inf	inf	inf	inf				inf	inf	inf
rs535231886	40845471	A	G										0.0	0.0	0.0
rs188167379	40845488	G	A	0.0	0.0	0.0									
rs28399453	40845495	G	A	0.32555049354593774	0.32555049354593774	0.32555049354593774	0.056827084161936096	0.056827084161936096	0.056827084161936096				0.5266297863108798	0.5266297863108798	0.5266297863108798
rs148057229	40845524	A	C												
rs528694759	40845531	G	A										0.0	0.0	0.0
rs577654198	40845543	C	T										0.0	0.0	0.0
rs2388874	40845551	C	T	1.5801526717557253	1.5801526717557253	1.5801526717557253	1.5267175572519085	1.5267175572519085	1.5267175572519085				2.230534351145038	2.230534351145038	2.230534351145038
rs4001931	40845556	T	C	1.5801526717557253	1.5801526717557253	1.5801526717557253	3.0625954198473284	3.0625954198473284	3.0625954198473284				2.9770992366412212	2.9770992366412212	2.9770992366412212
rs4001929	40845591	A	G										0.0	0.0	0.0
rs8192728	40845633	G	T	inf	inf	inf	inf	inf	inf				0.4009082748059355	0.4009082748059355	0.4009082748059355
rs563421126	40845639	G	A												
rs530503863	40845649	G	A	inf	inf	inf	inf	inf	inf				inf	inf	inf
rs144437384	40845658	G	A	15.62843295638126	15.62843295638126	15.62843295638126	inf	inf	inf				inf	inf	inf
rs55971367	40845709	G	A	3.3387848765207258	3.3387848765207258	3.3387848765207258	3.6913403199117485	3.6913403199117485	3.6913403199117485				11.46256504952157	11.46256504952157	11.46256504952157
rs181001074	40845727	C	T												
rs56048590	40845746	A	C	8.582945736434109	8.582945736434109	8.582945736434109	inf	inf	inf				inf	inf	inf
rs567978574	40845752	G	A										0.0	0.0	0.0
rs535660414	40845777	T	G	inf	inf	inf	inf	inf	inf				inf	inf	inf
rs72549445	40845791	T	G	inf	inf	inf	inf	inf	inf				inf	inf	inf
rs149876040	40845842	A	C	0.348989898989899	0.348989898989899	0.348989898989899	0.16784511784511785	0.16784511784511785	0.16784511784511785				1.4803030303030302	1.4803030303030302	1.4803030303030302
rs537139773	40845850	T	G										0.0	0.0	0.0
rs558957904	40845853	C	T												
rs4997555	40845866	C	T	inf	inf	inf	inf	inf	inf				inf	inf	inf
rs185020627	40845867	G	T	0.0	0.0	0.0									
rs553719688	40845900	C	T	0.0	0.0	0.0									
rs375518878	40845926	C	T	inf	inf	inf	inf	inf	inf				inf	inf	inf
rs202130720	40845931	C	T												
rs563718868	40845937	C	T	inf	inf	inf	inf	inf	inf				inf	inf	inf
rs72549444	40845938	G	A	6.1980312680949625	6.1980312680949625	6.1980312680949625	9.5175267559253	9.5175267559253	9.5175267559253				19.641856232939034	19.641856232939034	19.641856232939034
rs545581940	40845972	C	T										0.0	0.0	0.0
rs58571639	40845998	G	A	inf	inf	inf	inf	inf	inf				inf	inf	inf
rs528089983	40846003	G	A	inf	inf	inf	inf	inf	inf				inf	inf	inf
rs2644907	40846014	G	C	inf	inf	inf	inf	inf	inf				inf	inf	inf
rs148693084	40846030	A	G	0.0	0.0	0.0									
rs4997557	40846048	G	C	inf	inf	inf	inf	inf	inf				inf	inf	inf
rs2644906	40846055	C	T	inf	inf	inf	inf	inf	inf				inf	inf	inf
rs28399450	40846077	C	T	3.538146441372248	3.538146441372248	3.538146441372248	inf	inf	inf				inf	inf	inf
rs201027514	40846078	G	A				0.0	0.0	0.0						
rs559104970	40846102	A	G	inf	inf	inf	inf	inf	inf				inf	inf	inf
rs55845874	40846144	A	G	0.0	0.0	0.0	0.0	0.0	0.0				0.0	0.0	0.0
rs535042041	40846188	T	C	inf	inf	inf	inf	inf	inf				inf	inf	inf
rs149001480	40846230	C	T	inf	inf	inf	inf	inf	inf				inf	inf	inf
rs570054380	40846234	C	G	0.0	0.0	0.0	0.0	0.0	0.0				0.0	0.0	0.0
rs570054380	40846234	C	T	0.0	0.0	0.0	0.0	0.0	0.0				0.0	0.0	0.0
rs557584513	40846250	G	T										0.0	0.0	0.0
rs199808813	40846301	C	G	inf	inf	inf	inf	inf	inf				inf	inf	inf
rs546342800	40846312	T	A												
rs72549443	40846352	GT	G	2.7660107100875093	2.7660107100875093	2.7660107100875093	4.226239714397666	4.226239714397666	4.226239714397666				2.341035417953331	2.341035417953331	2.341035417953331
chr19:41352257G-T	40846352	G	T												
rs4514794	40846358	T	G	3.758180755746007	3.758180755746007	3.758180755746007	1.0358325449385053	1.0358325449385053	1.0358325449385053				1.5537488174077578	1.5537488174077578	1.5537488174077578
rs528152143	40846368	T	C	0.0	0.0	0.0									
rs539876412	40846467	C	A	inf	inf	inf	inf	inf	inf				inf	inf	inf
rs561338846	40846468	G	A	inf	inf	inf	inf	inf	inf				inf	inf	inf
rs529234878	40846521	C	G	inf	inf	inf	inf	inf	inf				inf	inf	inf
rs550606305	40846528	C	T												
rs562763156	40846546	A	G	inf	inf	inf	0.25309109260661117	0.25309109260661117	0.25309109260661117				inf	inf	inf
rs72549442	40846555	C	T	inf	inf	inf	inf	inf	inf				inf	inf	inf
chr19:41352497C-G	40846592	C	G												
rs551576716	40846596	C	T				0.0	0.0	0.0				0.0	0.0	0.0
rs570989597	40846633	A	G										0.0	0.0	0.0
rs535108140	40846639	G	A	inf	inf	inf	inf	inf	inf				0.7395912187736563	0.7395912187736563	0.7395912187736563
rs547061178	40846652	G	A												
rs568362425	40846669	C	G										0.0	0.0	0.0
rs535800169	40846670	G	A				0.0	0.0	0.0						
rs557383130	40846701	C	T	0.0	0.0	0.0									
rs575865729	40846712	A	G	0.0	0.0	0.0									
rs539671336	40846718	G	A	inf	inf	inf	inf	inf	inf				inf	inf	inf
rs553581029	40846743	A	G	inf	inf	inf	inf	inf	inf				inf	inf	inf
rs572642295	40846768	T	G												
rs191677607	40846775	G	A	0.5242424242424243	0.5242424242424243	0.5242424242424243	inf	inf	inf				inf	inf	inf
rs561775706	40846845	C	T	inf	inf	inf	inf	inf	inf				inf	inf	inf
rs4079369	40846857	G	C	3.449443109849312	3.449443109849312	3.449443109849312	1.0256402918872514	1.0256402918872514	1.0256402918872514				1.4855601659751037	1.4855601659751037	1.4855601659751037
rs544162826	40846878	C	T	inf	inf	inf	inf	inf	inf				inf	inf	inf
rs111869995	40846881	C	A	0.5246025738077215	0.5246025738077215	0.5246025738077215	inf	inf	inf				inf	inf	inf
rs58062848	40846884	G	T	inf	inf	inf	inf	inf	inf				inf	inf	inf
rs551638939	40846890	G	A										0.0	0.0	0.0
rs560382680	40846897	G	A										0.0	0.0	0.0
rs55805386	40846902	A	G												
rs527434101	40846911	C	A	inf	inf	inf	inf	inf	inf				inf	inf	inf
rs58720852	40846933	G	T	inf	inf	inf	inf	inf	inf				inf	inf	inf
rs1809811	40846935	G	A	3.542785153600155	3.542785153600155	3.542785153600155	1.0297364085667216	1.0297364085667216	1.0297364085667216				1.6170171528248862	1.6170171528248862	1.6170171528248862
rs145157460	40846937	G	A	0.0	0.0	0.0									
rs533216061	40846940	G	T												
rs550929967	40846977	C	G										0.0	0.0	0.0
rs138978736	40846991	G	T	1.05	1.05	1.05	1.5227272727272727	1.5227272727272727	1.5227272727272727				inf	inf	inf
rs539734599	40846996	G	C	inf	inf	inf	inf	inf	inf				inf	inf	inf
rs557976670	40847015	G	A	inf	inf	inf	inf	inf	inf				inf	inf	inf
rs28399448	40847031	C	T	0.15898214077273257	0.15898214077273257	0.15898214077273257	0.13574286108428749	0.13574286108428749	0.13574286108428749				0.29377845220030346	0.29377845220030346	0.29377845220030346
rs111033610	40847036	A	G												
rs555186829	40847091	G	C												
rs201792681	40847095	C	T										0.0	0.0	0.0
rs138844279	40847112	G	A	inf	inf	inf	inf	inf	inf				inf	inf	inf
rs562491463	40847145	T	G										0.0	0.0	0.0
rs75047183	40847197	G	C	2.3716679360243718	2.3716679360243718	2.3716679360243718	inf	inf	inf				inf	inf	inf
rs56113850	40847202	T	C	0.30532103918496944	0.30532103918496944	0.30532103918496944	0.3973186397783153	0.3973186397783153	0.3973186397783153				0.7835408459614113	0.7835408459614113	0.7835408459614113
rs560445731	40847204	T	C				0.0	0.0	0.0						
rs527495675	40847231	C	G	2.103186646433991	2.103186646433991	2.103186646433991	inf	inf	inf				inf	inf	inf
rs542814609	40847240	C	T										0.0	0.0	0.0
rs56006279	40847241	G	A												
rs529372394	40847247	G	A	0.0	0.0	0.0									
rs559914206	40847271	A	G	inf	inf	inf	1.5227272727272727	1.5227272727272727	1.5227272727272727				1.4803030303030302	1.4803030303030302	1.4803030303030302
rs569231510	40847292	A	G												
rs193119488	40847299	C	T												
rs551667439	40847342	G	A										0.0	0.0	0.0
rs566790786	40847411	T	G	0.0	0.0	0.0	0.0	0.0	0.0						
rs56267346	40847433	A	G	3.8535960123427486	3.8535960123427486	3.8535960123427486	3.423035841443152	3.423035841443152	3.423035841443152				2.5606324340005804	2.5606324340005804	2.5606324340005804
rs56100930	40847506	C	T	3.90297049052179	3.90297049052179	3.90297049052179	1.0757395981648474	1.0757395981648474	1.0757395981648474				1.6447296889157355	1.6447296889157355	1.6447296889157355
rs112253660	40847658	ATC	A												
rs567286959	40847662	G	A										0.0	0.0	0.0
rs537939928	40847700	G	C	inf	inf	inf	inf	inf	inf				inf	inf	inf
rs72549440	40847706	C	T	inf	inf	inf	inf	inf	inf				inf	inf	inf
rs199999881	40847719	AT	A	0.0	0.0	0.0									
rs577720071	40847725	G	T												
rs544984580	40847752	G	C	inf	inf	inf	inf	inf	inf				inf	inf	inf
rs554129636	40847822	C	T	inf	inf	inf	inf	inf	inf				inf	inf	inf
rs572348346	40847838	A	G	0.0	0.0	0.0									
rs542490761	40847939	G	A												
rs2388868	40847944	C	T	0.6270437999761308	0.6270437999761308	0.6270437999761308	0.9783192067864144	0.9783192067864144	0.9783192067864144				1.3007598869377917	1.3007598869377917	1.3007598869377917
rs55921593	40847992	G	T	0.0	0.0	0.0	0.0	0.0	0.0				0.0	0.0	0.0
rs56256033	40848014	T	A	4.50727969348659	4.50727969348659	4.50727969348659	inf	inf	inf				inf	inf	inf
rs562603344	40848018	G	C				0.0	0.0	0.0						
rs533171831	40848130	C	G	inf	inf	inf	1.5227272727272727	1.5227272727272727	1.5227272727272727				inf	inf	inf
rs72549439	40848131	G	A	inf	inf	inf	inf	inf	inf				inf	inf	inf
rs771986786	40848221	G	C												
rs185545560	40848238	G	C				0.0	0.0	0.0						
rs527966463	40848247	A	C										0.0	0.0	0.0
rs561452609	40848263	TG	T	inf	inf	inf	inf	inf	inf				inf	inf	inf
rs145393137	40848265	C	T	inf	inf	inf	inf	inf	inf				inf	inf	inf
rs56256500	40848266	G	A	inf	inf	inf	inf	inf	inf				inf	inf	inf
rs538011777	40848277	A	G				0.0	0.0	0.0						
rs568811809	40848284	CTT	C	inf	inf	inf	inf	inf	inf				inf	inf	inf
rs199916117	40848293	T	C												
rs571335587	40848304	C	A										0.0	0.0	0.0
rs201227951	40848353	G	A												
rs150091942	40848366	A	C				0.0	0.0	0.0				0.0	0.0	0.0
rs572409006	40848384	G	C	0.0	0.0	0.0									
rs542903833	40848388	A	G				0.0	0.0	0.0						
rs554520787	40848392	C	A												
rs372381649	40848395	G	A	inf	inf	inf	inf	inf	inf				inf	inf	inf
rs28399443	40848401	G	A	0.0	0.0	0.0	0.0	0.0	0.0				0.0	0.0	0.0
rs572206869	40848439	G	A	0.0	0.0	0.0									
rs577696506	40848513	C	T	inf	inf	inf	inf	inf	inf				inf	inf	inf
rs57607700	40848537	C	G	1.5532177186932548	1.5532177186932548	1.5532177186932548	0.8926556819922838	0.8926556819922838	0.8926556819922838				1.2008085372571353	1.2008085372571353	1.2008085372571353
rs560107238	40848539	A	C										0.0	0.0	0.0
rs28399442	40848553	C	A	0.0	0.0	0.0	0.0	0.0	0.0				0.0	0.0	0.0
rs374657291	40848569	G	T										0.0	0.0	0.0
rs8192726	40848591	C	A	1.9690280065897858	1.9690280065897858	1.9690280065897858	1.2080796504548386	1.2080796504548386	1.2080796504548386				0.5907640032948929	0.5907640032948929	0.5907640032948929
rs1801272	40848628	A	T	0.10431491294473884	0.10431491294473884	0.10431491294473884	0.021641359041724186	0.021641359041724186	0.021641359041724186				0.12263436790310371	0.12263436790310371	0.12263436790310371
rs28399441	40848648	C	T	15.443837832372864	15.443837832372864	15.443837832372864	inf	inf	inf				inf	inf	inf
rs2545783	40848650	C	A	inf	inf	inf	inf	inf	inf				inf	inf	inf
rs60996254	40848656	C	T				0.0	0.0	0.0						
rs200793736	40848671	C	T				0.0	0.0	0.0						
rs59552350	40848716	A	C	inf	inf	inf	inf	inf	inf				inf	inf	inf
rs535832503	40848717	G	A	inf	inf	inf	inf	inf	inf				inf	inf	inf
rs554865113	40848721	C	G	inf	inf	inf	inf	inf	inf				inf	inf	inf
rs4986891	40848724	C	A	inf	inf	inf	inf	inf	inf				inf	inf	inf
rs537280653	40848729	C	T	inf	inf	inf	inf	inf	inf				inf	inf	inf
rs28399440	40848755	A	G	inf	inf	inf	inf	inf	inf				inf	inf	inf
rs577758165	40848777	C	T	inf	inf	inf	inf	inf	inf				inf	inf	inf
rs371146023	40848794	G	A										0.0	0.0	0.0
rs200390640	40848797	A	G				0.0	0.0	0.0						
rs572417875	40848799	G	T										0.0	0.0	0.0
rs8192725	40848807	A	G	0.893228190435388	0.893228190435388	0.893228190435388	1.1666861655454812	1.1666861655454812	1.1666861655454812				1.9764791801910415	1.9764791801910415	1.9764791801910415
rs561651970	40848821	A	T	inf	inf	inf	inf	inf	inf				inf	inf	inf
rs567115644	40848827	TCCAAGGGGCTCC	T	0.2619227857683573	0.2619227857683573	0.2619227857683573	inf	inf	inf				inf	inf	inf
rs531895004	40848868	T	G	inf	inf	inf	inf	inf	inf				0.36941710825132473	0.36941710825132473	0.36941710825132473
rs67032351	40848940	TAGAG	T	0.35205152841535886	0.35205152841535886	0.35205152841535886	0.4066013532497801	0.4066013532497801	0.4066013532497801				0.6265477246748679	0.6265477246748679	0.6265477246748679
chr19:41354873G-GA	40848968	G	GA												
chr19:41354881GA-G	40848976	GA	G												
rs368499260	40849026	G	GAC	0.6840589569160997	0.6840589569160997	0.6840589569160997	1.0922689075630252	1.0922689075630252	1.0922689075630252				0.5119738276990186	0.5119738276990186	0.5119738276990186
rs200110220	40849036	A	G	0.37529761904761905	0.37529761904761905	0.37529761904761905	0.557919092401851	0.557919092401851	0.557919092401851				0.838047528171574	0.838047528171574	0.838047528171574
rs201245811	40849037	G	A	0.37529761904761905	0.37529761904761905	0.37529761904761905	0.557919092401851	0.557919092401851	0.557919092401851				0.838047528171574	0.838047528171574	0.838047528171574
rs72549437	40849088	G	C	inf	inf	inf	inf	inf	inf				3.478593272171254	3.478593272171254	3.478593272171254
rs114114578	40849103	A	C	23.414948453608247	23.414948453608247	23.414948453608247	inf	inf	inf				inf	inf	inf
rs565605333	40849119	A	G				0.0	0.0	0.0						
rs536267403	40849150	A	G												
rs547855533	40849160	A	G	inf	inf	inf	inf	inf	inf				inf	inf	inf
rs569969411	40849161	G	T												
rs536649338	40849174	A	G				0.0	0.0	0.0						
rs148948768	40849215	T	A	inf	inf	inf	inf	inf	inf				5.9785604900459415	5.9785604900459415	5.9785604900459415
rs576524900	40849271	G	T	0.0	0.0	0.0									
rs534449205	40849276	T	C												
rs553928000	40849279	A	C										0.0	0.0	0.0
rs7250713	40849290	G	C	0.17779618669596342	0.17779618669596342	0.17779618669596342	0.2581301991373934	0.2581301991373934	0.2581301991373934				0.2768108494570803	0.2768108494570803	0.2768108494570803
rs543272794	40849304	G	A										0.0	0.0	0.0
rs554973769	40849354	G	T	inf	inf	inf	inf	inf	inf				inf	inf	inf
rs547078508	40849386	A	G												
rs543835444	40849394	G	C												
rs571687041	40849400	G	A												
rs569849001	40849448	G	A										0.0	0.0	0.0
rs188681749	40849480	C	G	0.0	0.0	0.0	0.0	0.0	0.0						
rs559469574	40849485	A	C	inf	inf	inf	inf	inf	inf				inf	inf	inf
rs140911924	40849513	A	G	1.576194086429113	1.576194086429113	1.576194086429113	inf	inf	inf				0.31549875446767034	0.31549875446767034	0.31549875446767034
rs55768417	40849514	A	G	15.443837832372864	15.443837832372864	15.443837832372864	inf	inf	inf				inf	inf	inf
rs56014815	40849521	C	T	0.0	0.0	0.0	0.0	0.0	0.0				0.0	0.0	0.0
rs530757847	40849553	A	G												
rs551743511	40849605	G	A										0.0	0.0	0.0
rs185167383	40849610	A	C	inf	inf	inf	inf	inf	inf				inf	inf	inf
rs534388084	40849630	G	C	inf	inf	inf	inf	inf	inf				inf	inf	inf
rs552811042	40849650	G	A												
rs138920918	40849659	T	A										0.0	0.0	0.0
rs138920918	40849659	T	C										0.0	0.0	0.0
rs540630208	40849660	A	G										0.0	0.0	0.0
rs552926611	40849665	T	G												
rs142944774	40849677	A	G	inf	inf	inf	inf	inf	inf				inf	inf	inf
rs55930143	40849678	A	G	5.314900153609831	5.314900153609831	5.314900153609831	5.135688684075781	5.135688684075781	5.135688684075781				0.7000219442615756	0.7000219442615756	0.7000219442615756
rs56145769	40849707	C	T	10.56909282700422	10.56909282700422	10.56909282700422	23.03481012658228	23.03481012658228	23.03481012658228				inf	inf	inf
rs189326843	40849708	T	A	inf	inf	inf	inf	inf	inf				inf	inf	inf
rs559599283	40849715	T	C										0.0	0.0	0.0
rs577714014	40849719	C	A										0.0	0.0	0.0
rs541653514	40849731	G	C	inf	inf	inf	inf	inf	inf				inf	inf	inf
rs370779055	40849733	T	G	inf	inf	inf	inf	inf	inf				0.29484848484848486	0.29484848484848486	0.29484848484848486
rs568284749	40849749	G	A										0.0	0.0	0.0
rs368498743	40849755	G	T												
rs552078193	40849760	G	C	inf	inf	inf	inf	inf	inf				inf	inf	inf
rs72549436	40849771	C	A	8.582945736434109	8.582945736434109	8.582945736434109	inf	inf	inf				inf	inf	inf
rs377137055	40849776	G	A	inf	inf	inf	inf	inf	inf				inf	inf	inf
rs546628995	40849796	C	T	inf	inf	inf	inf	inf	inf				inf	inf	inf
rs28399439	40849808	AC	A	15.029186795491142	15.029186795491142	15.029186795491142	inf	inf	inf				inf	inf	inf
rs182169150	40849819	A	G				0.0	0.0	0.0						
rs72549435	40849833	C	G	7.41743119266055	7.41743119266055	7.41743119266055	inf	inf	inf				inf	inf	inf
rs72549434	40849849	T	C	4.238897396630934	4.238897396630934	4.238897396630934	inf	inf	inf				inf	inf	inf
rs199545200	40849860	G	A												
rs28609092	40849870	C	T	27.24056603773585	27.24056603773585	27.24056603773585	inf	inf	inf				inf	inf	inf
rs145308399	40849872	C	T	1.05	1.05	1.05	1.5227272727272727	1.5227272727272727	1.5227272727272727				0.06904761904761905	0.06904761904761905	0.06904761904761905
rs577267650	40849881	G	T										0.0	0.0	0.0
rs143067113	40849902	C	T	inf	inf	inf	inf	inf	inf				inf	inf	inf
rs201250423	40849931	C	A	0.0	0.0	0.0									
rs201833760	40849933	C	A				0.0	0.0	0.0						
rs143690364	40849959	C	T	inf	inf	inf	inf	inf	inf				inf	inf	inf
rs72549433	40849960	G	A	inf	inf	inf	inf	inf	inf				inf	inf	inf
rs199515342	40849971	G	A	0.0	0.0	0.0	0.0	0.0	0.0				0.0	0.0	0.0
rs545654135	40850004	T	C										0.0	0.0	0.0
rs28399438	40850014	A	C	15.194595684613834	15.194595684613834	15.194595684613834	200.63520871143376	200.63520871143376	200.63520871143376				195.0453720508167	195.0453720508167	195.0453720508167
rs28399437	40850039	G	C	inf	inf	inf	inf	inf	inf				inf	inf	inf
rs546270627	40850073	C	G	inf	inf	inf	inf	inf	inf				inf	inf	inf
rs141128348	40850144	A	C	27.24056603773585	27.24056603773585	27.24056603773585	inf	inf	inf				inf	inf	inf
rs8192723	40850149	C	T												
rs191965231	40850150	T	C	inf	inf	inf	inf	inf	inf				inf	inf	inf
rs570229222	40850175	C	T										0.0	0.0	0.0
rs28399436	40850190	C	T												
rs140179029	40850217	C	T	inf	inf	inf	inf	inf	inf				inf	inf	inf
rs8192722	40850218	G	A	15.194595684613834	15.194595684613834	15.194595684613834	inf	inf	inf				inf	inf	inf
rs535366981	40850227	A	G												
rs553074588	40850229	C	T	inf	inf	inf	inf	inf	inf				inf	inf	inf
rs369561609	40850233	C	G				0.0	0.0	0.0						
rs56283800	40850283	C	T	3.3848602450617014	3.3848602450617014	3.3848602450617014	1.0192481840426966	1.0192481840426966	1.0192481840426966				1.5989304812834224	1.5989304812834224	1.5989304812834224
rs139344949	40850292	G	A	0.0	0.0	0.0	0.0	0.0	0.0						
rs575050301	40850299	A	G				0.0	0.0	0.0						
rs28399435	40850341	C	T	0.12926459438968915	0.12926459438968915	0.12926459438968915	0.0670618236956372	0.0670618236956372	0.0670618236956372				0.09883520573437177	0.09883520573437177	0.09883520573437177
rs563981730	40850348	T	C										0.0	0.0	0.0
rs572785621	40850369	A	G										0.0	0.0	0.0
rs1137115	40850376	T	C	0.8024401971390792	0.8024401971390792	0.8024401971390792	1.0260366904434701	1.0260366904434701	1.0260366904434701				1.7729127432517262	1.7729127432517262	1.7729127432517262
rs151097223	40850385	G	A				0.0	0.0	0.0						
rs373993802	40850389	A	G										0.0	0.0	0.0
rs8192720	40850405	G	A	inf	inf	inf	4.932502596053998	4.932502596053998	4.932502596053998				7.206386292834891	7.206386292834891	7.206386292834891
rs72549432	40850411	T	G	inf	inf	inf	inf	inf	inf				inf	inf	inf
rs28399434	40850414	C	T												
rs201793905	40850453	C	T												
rs28399433	40850474	A	C	0.8139479312281205	0.8139479312281205	0.8139479312281205	1.1656819639094989	1.1656819639094989	1.1656819639094989				0.4921463395991548	0.4921463395991548	0.4921463395991548
rs528755675	40850518	T	C				0.0	0.0	0.0						
rs547290288	40850520	C	T				0.0	0.0	0.0						
rs183167151	40850537	A	G	0.0	0.0	0.0									
rs535847711	40850665	C	T												
rs556984751	40850684	G	A										0.0	0.0	0.0
rs569002462	40850685	A	T	inf	inf	inf	inf	inf	inf				inf	inf	inf
rs539580985	40850695	A	C	inf	inf	inf	inf	inf	inf				inf	inf	inf
rs186024388	40850784	C	T				0.0	0.0	0.0						
rs573015936	40850797	C	T	inf	inf	inf	inf	inf	inf				inf	inf	inf
rs190348643	40850802	G	T	5.814645308924485	5.814645308924485	5.814645308924485	8.4324942791762	8.4324942791762	8.4324942791762				inf	inf	inf
rs182566222	40850803	G	A	inf	inf	inf	inf	inf	inf				inf	inf	inf
rs569889026	40850809	G	A	inf	inf	inf	inf	inf	inf				inf	inf	inf
rs67568271	40850821	C	T				0.0	0.0	0.0						
rs562506201	40850832	G	A	0.0	0.0	0.0							0.0	0.0	0.0
rs10418304	40850846	A	G	14.946706887883359	14.946706887883359	14.946706887883359	inf	inf	inf				inf	inf	inf
rs192552732	40850853	A	G	inf	inf	inf	inf	inf	inf				inf	inf	inf
rs564640438	40850863	T	C	inf	inf	inf	inf	inf	inf				inf	inf	inf
rs528697338	40850871	G	T										0.0	0.0	0.0
rs562381560	40850895	AGGGTT	A	inf	inf	inf	inf	inf	inf				inf	inf	inf
rs546932947	40850901	A	C	inf	inf	inf	inf	inf	inf				inf	inf	inf
rs115421560	40850903	G	A	inf	inf	inf	inf	inf	inf				inf	inf	inf
rs529600600	40850904	G	A	inf	inf	inf	inf	inf	inf				inf	inf	inf
rs550546868	40850905	G	T	inf	inf	inf	inf	inf	inf				inf	inf	inf
rs567179885	40850907	CT	C	inf	inf	inf	inf	inf	inf				inf	inf	inf
rs568939213	40850917	G	T	inf	inf	inf	inf	inf	inf				inf	inf	inf
rs539519931	40850948	G	A	0.0	0.0	0.0									
rs147001205	40851013	G	A	inf	inf	inf	0.024627807216754984	0.024627807216754984	0.024627807216754984				0.0665473814603262	0.0665473814603262	0.0665473814603262
rs566507807	40851015	G	A										0.0	0.0	0.0
rs533992650	40851076	T	G	inf	inf	inf	inf	inf	inf				inf	inf	inf
rs555319006	40851116	A	C	0.0	0.0	0.0	0.0	0.0	0.0				0.0	0.0	0.0
