sample_name,dataset,file,reference_genome
HG00096,1000G,1000g.vcf.gz,GRCh37
HG00097,1000G,,GRCh37
HG00099,1000G,,GRCh37
HG00100,1000G,,GRCh37
HG00101,1000G,,GRCh37
HG00102,1000G,,GRCh37
HG00103,1000G,,GRCh37
HG00105,1000G,,GRCh37
HG00106,1000G,,GRCh37
HG00107,1000G,,GRCh37
HG00108,1000G,,GRCh37
HG00109,1000G,,GRCh37
HG00110,1000G,,GRCh37
HG00111,1000G,,GRCh37
HG00112,1000G,,GRCh37
HG00113,1000G,,GRCh37
HG00114,1000G,,GRCh37
HG00115,1000G,,GRCh37
HG00116,1000G,,GRCh37
HG00117,1000G,,GRCh37
HG00118,1000G,,GRCh37
HG00119,1000G,,GRCh37
HG00120,1000G,,GRCh37
HG00121,1000G,,GRCh37
HG00122,1000G,,GRCh37
HG00123,1000G,,GRCh37
HG00125,1000G,,GRCh37
HG00126,1000G,,GRCh37
HG00127,1000G,,GRCh37
HG00128,1000G,,GRCh37
HG00129,1000G,,GRCh37
HG00130,1000G,,GRCh37
HG00131,1000G,,GRCh37
HG00132,1000G,,GRCh37
HG00133,1000G,,GRCh37
HG00136,1000G,,GRCh37
HG00137,1000G,,GRCh37
HG00138,1000G,,GRCh37
HG00139,1000G,,GRCh37
HG00140,1000G,,GRCh37
HG00141,1000G,,GRCh37
HG00142,1000G,,GRCh37
HG00143,1000G,,GRCh37
HG00145,1000G,,GRCh37
HG00146,1000G,,GRCh37
HG00148,1000G,,GRCh37
HG00149,1000G,,GRCh37
HG00150,1000G,,GRCh37
HG00151,1000G,,GRCh37
HG00154,1000G,,GRCh37
HG00155,1000G,,GRCh37
HG00157,1000G,,GRCh37
HG00158,1000G,,GRCh37
HG00159,1000G,,GRCh37
HG00160,1000G,,GRCh37
HG00171,1000G,,GRCh37
HG00173,1000G,,GRCh37
HG00174,1000G,,GRCh37
HG00176,1000G,,GRCh37
HG00177,1000G,,GRCh37
HG00178,1000G,,GRCh37
HG00179,1000G,,GRCh37
HG00180,1000G,,GRCh37
HG00181,1000G,,GRCh37
HG00182,1000G,,GRCh37
HG00183,1000G,,GRCh37
HG00185,1000G,,GRCh37
HG00186,1000G,,GRCh37
HG00187,1000G,,GRCh37
HG00188,1000G,,GRCh37
HG00189,1000G,,GRCh37
HG00190,1000G,,GRCh37
HG00231,1000G,,GRCh37
HG00232,1000G,,GRCh37
HG00233,1000G,,GRCh37
HG00234,1000G,,GRCh37
HG00235,1000G,,GRCh37
HG00236,1000G,,GRCh37
HG00237,1000G,,GRCh37
HG00238,1000G,,GRCh37
HG00239,1000G,,GRCh37
HG00240,1000G,,GRCh37
HG00242,1000G,,GRCh37
HG00243,1000G,,GRCh37
HG00244,1000G,,GRCh37
HG00245,1000G,,GRCh37
HG00246,1000G,,GRCh37
HG00250,1000G,,GRCh37
HG00251,1000G,,GRCh37
HG00252,1000G,,GRCh37
HG00253,1000G,,GRCh37
HG00254,1000G,,GRCh37
HG00255,1000G,,GRCh37
HG00256,1000G,,GRCh37
HG00257,1000G,,GRCh37
HG00258,1000G,,GRCh37
HG00259,1000G,,GRCh37
HG00260,1000G,,GRCh37
HG00261,1000G,,GRCh37
HG00262,1000G,,GRCh37
HG00263,1000G,,GRCh37
HG00264,1000G,,GRCh37
HG00265,1000G,,GRCh37
HG00266,1000G,,GRCh37
HG00267,1000G,,GRCh37
HG00268,1000G,,GRCh37
HG00269,1000G,,GRCh37
HG00271,1000G,,GRCh37
HG00272,1000G,,GRCh37
HG00273,1000G,,GRCh37
HG00274,1000G,,GRCh37
HG00275,1000G,,GRCh37
HG00276,1000G,,GRCh37
HG00277,1000G,,GRCh37
HG00278,1000G,,GRCh37
HG00280,1000G,,GRCh37
HG00281,1000G,,GRCh37
HG00282,1000G,,GRCh37
HG00284,1000G,,GRCh37
HG00285,1000G,,GRCh37
HG00288,1000G,,GRCh37
HG00290,1000G,,GRCh37
HG00304,1000G,,GRCh37
HG00306,1000G,,GRCh37
HG00308,1000G,,GRCh37
HG00309,1000G,,GRCh37
HG00310,1000G,,GRCh37
HG00311,1000G,,GRCh37
HG00313,1000G,,GRCh37
HG00315,1000G,,GRCh37
HG00318,1000G,,GRCh37
HG00319,1000G,,GRCh37
HG00320,1000G,,GRCh37
HG00321,1000G,,GRCh37
HG00323,1000G,,GRCh37
HG00324,1000G,,GRCh37
HG00325,1000G,,GRCh37
HG00326,1000G,,GRCh37
HG00327,1000G,,GRCh37
HG00328,1000G,,GRCh37
HG00329,1000G,,GRCh37
HG00330,1000G,,GRCh37
HG00331,1000G,,GRCh37
HG00332,1000G,,GRCh37
HG00334,1000G,,GRCh37
HG00335,1000G,,GRCh37
HG00336,1000G,,GRCh37
HG00337,1000G,,GRCh37
HG00338,1000G,,GRCh37
HG00339,1000G,,GRCh37
HG00341,1000G,,GRCh37
HG00342,1000G,,GRCh37
HG00343,1000G,,GRCh37
HG00344,1000G,,GRCh37
HG00345,1000G,,GRCh37
HG00346,1000G,,GRCh37
HG00349,1000G,,GRCh37
HG00350,1000G,,GRCh37
HG00351,1000G,,GRCh37
HG00353,1000G,,GRCh37
HG00355,1000G,,GRCh37
HG00356,1000G,,GRCh37
HG00357,1000G,,GRCh37
HG00358,1000G,,GRCh37
HG00360,1000G,,GRCh37
HG00361,1000G,,GRCh37
HG00362,1000G,,GRCh37
HG00364,1000G,,GRCh37
HG00365,1000G,,GRCh37
HG00366,1000G,,GRCh37
HG00367,1000G,,GRCh37
HG00368,1000G,,GRCh37
HG00369,1000G,,GRCh37
HG00371,1000G,,GRCh37
HG00372,1000G,,GRCh37
HG00373,1000G,,GRCh37
HG00375,1000G,,GRCh37
HG00376,1000G,,GRCh37
HG00378,1000G,,GRCh37
HG00379,1000G,,GRCh37
HG00380,1000G,,GRCh37
HG00381,1000G,,GRCh37
HG00382,1000G,,GRCh37
HG00383,1000G,,GRCh37
HG00384,1000G,,GRCh37
HG00403,1000G,,GRCh37
HG00404,1000G,,GRCh37
HG00406,1000G,,GRCh37
HG00407,1000G,,GRCh37
HG00409,1000G,,GRCh37
HG00410,1000G,,GRCh37
HG00419,1000G,,GRCh37
HG00421,1000G,,GRCh37
HG00422,1000G,,GRCh37
HG00428,1000G,,GRCh37
HG00436,1000G,,GRCh37
HG00437,1000G,,GRCh37
HG00442,1000G,,GRCh37
HG00443,1000G,,GRCh37
HG00445,1000G,,GRCh37
HG00446,1000G,,GRCh37
HG00448,1000G,,GRCh37
HG00449,1000G,,GRCh37
HG00451,1000G,,GRCh37
HG00452,1000G,,GRCh37
HG00457,1000G,,GRCh37
HG00458,1000G,,GRCh37
HG00463,1000G,,GRCh37
HG00464,1000G,,GRCh37
HG00472,1000G,,GRCh37
HG00473,1000G,,GRCh37
HG00475,1000G,,GRCh37
HG00476,1000G,,GRCh37
HG00478,1000G,,GRCh37
HG00479,1000G,,GRCh37
HG00500,1000G,,GRCh37
HG00513,1000G,,GRCh37
HG00524,1000G,,GRCh37
HG00525,1000G,,GRCh37
HG00530,1000G,,GRCh37
HG00531,1000G,,GRCh37
HG00533,1000G,,GRCh37
HG00534,1000G,,GRCh37
HG00536,1000G,,GRCh37
HG00537,1000G,,GRCh37
HG00542,1000G,,GRCh37
HG00543,1000G,,GRCh37
HG00551,1000G,,GRCh37
HG00553,1000G,,GRCh37
HG00554,1000G,,GRCh37
HG00556,1000G,,GRCh37
HG00557,1000G,,GRCh37
HG00559,1000G,,GRCh37
HG00560,1000G,,GRCh37
HG00565,1000G,,GRCh37
HG00566,1000G,,GRCh37
HG00580,1000G,,GRCh37
HG00581,1000G,,GRCh37
HG00583,1000G,,GRCh37
HG00584,1000G,,GRCh37
HG00589,1000G,,GRCh37
HG00590,1000G,,GRCh37
HG00592,1000G,,GRCh37
HG00593,1000G,,GRCh37
HG00595,1000G,,GRCh37
HG00596,1000G,,GRCh37
HG00598,1000G,,GRCh37
HG00599,1000G,,GRCh37
HG00607,1000G,,GRCh37
HG00608,1000G,,GRCh37
HG00610,1000G,,GRCh37
HG00611,1000G,,GRCh37
HG00613,1000G,,GRCh37
HG00614,1000G,,GRCh37
HG00619,1000G,,GRCh37
HG00620,1000G,,GRCh37
HG00622,1000G,,GRCh37
HG00623,1000G,,GRCh37
HG00625,1000G,,GRCh37
HG00626,1000G,,GRCh37
HG00628,1000G,,GRCh37
HG00629,1000G,,GRCh37
HG00631,1000G,,GRCh37
HG00632,1000G,,GRCh37
HG00634,1000G,,GRCh37
HG00637,1000G,,GRCh37
HG00638,1000G,,GRCh37
HG00640,1000G,,GRCh37
HG00641,1000G,,GRCh37
HG00650,1000G,,GRCh37
HG00651,1000G,,GRCh37
HG00653,1000G,,GRCh37
HG00654,1000G,,GRCh37
HG00656,1000G,,GRCh37
HG00657,1000G,,GRCh37
HG00662,1000G,,GRCh37
HG00663,1000G,,GRCh37
HG00671,1000G,,GRCh37
HG00672,1000G,,GRCh37
HG00674,1000G,,GRCh37
HG00675,1000G,,GRCh37
HG00683,1000G,,GRCh37
HG00684,1000G,,GRCh37
HG00689,1000G,,GRCh37
HG00690,1000G,,GRCh37
HG00692,1000G,,GRCh37
HG00693,1000G,,GRCh37
HG00698,1000G,,GRCh37
HG00699,1000G,,GRCh37
HG00701,1000G,,GRCh37
HG00704,1000G,,GRCh37
HG00705,1000G,,GRCh37
HG00707,1000G,,GRCh37
HG00708,1000G,,GRCh37
HG00717,1000G,,GRCh37
HG00728,1000G,,GRCh37
HG00729,1000G,,GRCh37
HG00731,1000G,,GRCh37
HG00732,1000G,,GRCh37
HG00734,1000G,,GRCh37
HG00736,1000G,,GRCh37
HG00737,1000G,,GRCh37
HG00739,1000G,,GRCh37
HG00740,1000G,,GRCh37
HG00742,1000G,,GRCh37
HG00743,1000G,,GRCh37
HG00759,1000G,,GRCh37
HG00766,1000G,,GRCh37
HG00844,1000G,,GRCh37
HG00851,1000G,,GRCh37
HG00864,1000G,,GRCh37
HG00867,1000G,,GRCh37
HG00879,1000G,,GRCh37
HG00881,1000G,,GRCh37
HG00956,1000G,,GRCh37
HG00978,1000G,,GRCh37
HG00982,1000G,,GRCh37
HG01028,1000G,,GRCh37
HG01029,1000G,,GRCh37
HG01031,1000G,,GRCh37
HG01046,1000G,,GRCh37
HG01047,1000G,,GRCh37
HG01048,1000G,,GRCh37
HG01049,1000G,,GRCh37
HG01051,1000G,,GRCh37
HG01052,1000G,,GRCh37
HG01054,1000G,,GRCh37
HG01055,1000G,,GRCh37
HG01058,1000G,,GRCh37
HG01060,1000G,,GRCh37
HG01061,1000G,,GRCh37
HG01063,1000G,,GRCh37
HG01064,1000G,,GRCh37
HG01066,1000G,,GRCh37
HG01067,1000G,,GRCh37
HG01069,1000G,,GRCh37
HG01070,1000G,,GRCh37
HG01072,1000G,,GRCh37
HG01073,1000G,,GRCh37
HG01075,1000G,,GRCh37
HG01077,1000G,,GRCh37
HG01079,1000G,,GRCh37
HG01080,1000G,,GRCh37
HG01082,1000G,,GRCh37
HG01083,1000G,,GRCh37
HG01085,1000G,,GRCh37
HG01086,1000G,,GRCh37
HG01088,1000G,,GRCh37
HG01089,1000G,,GRCh37
HG01092,1000G,,GRCh37
HG01094,1000G,,GRCh37
HG01095,1000G,,GRCh37
HG01097,1000G,,GRCh37
HG01098,1000G,,GRCh37
HG01101,1000G,,GRCh37
HG01102,1000G,,GRCh37
HG01104,1000G,,GRCh37
HG01105,1000G,,GRCh37
HG01107,1000G,,GRCh37
HG01108,1000G,,GRCh37
HG01110,1000G,,GRCh37
HG01111,1000G,,GRCh37
HG01112,1000G,,GRCh37
HG01113,1000G,,GRCh37
HG01119,1000G,,GRCh37
HG01121,1000G,,GRCh37
HG01122,1000G,,GRCh37
HG01124,1000G,,GRCh37
HG01125,1000G,,GRCh37
HG01130,1000G,,GRCh37
HG01131,1000G,,GRCh37
HG01133,1000G,,GRCh37
HG01134,1000G,,GRCh37
HG01136,1000G,,GRCh37
HG01137,1000G,,GRCh37
HG01139,1000G,,GRCh37
HG01140,1000G,,GRCh37
HG01142,1000G,,GRCh37
HG01148,1000G,,GRCh37
HG01149,1000G,,GRCh37
HG01161,1000G,,GRCh37
HG01162,1000G,,GRCh37
HG01164,1000G,,GRCh37
HG01167,1000G,,GRCh37
HG01168,1000G,,GRCh37
HG01170,1000G,,GRCh37
HG01171,1000G,,GRCh37
HG01173,1000G,,GRCh37
HG01174,1000G,,GRCh37
HG01176,1000G,,GRCh37
HG01177,1000G,,GRCh37
HG01182,1000G,,GRCh37
HG01183,1000G,,GRCh37
HG01187,1000G,,GRCh37
HG01188,1000G,,GRCh37
HG01190,1000G,,GRCh37
HG01191,1000G,,GRCh37
HG01197,1000G,,GRCh37
HG01198,1000G,,GRCh37
HG01200,1000G,,GRCh37
HG01204,1000G,,GRCh37
HG01205,1000G,,GRCh37
HG01241,1000G,,GRCh37
HG01242,1000G,,GRCh37
HG01247,1000G,,GRCh37
HG01248,1000G,,GRCh37
HG01250,1000G,,GRCh37
HG01251,1000G,,GRCh37
HG01253,1000G,,GRCh37
HG01254,1000G,,GRCh37
HG01256,1000G,,GRCh37
HG01257,1000G,,GRCh37
HG01259,1000G,,GRCh37
HG01260,1000G,,GRCh37
HG01269,1000G,,GRCh37
HG01271,1000G,,GRCh37
HG01272,1000G,,GRCh37
HG01275,1000G,,GRCh37
HG01277,1000G,,GRCh37
HG01280,1000G,,GRCh37
HG01281,1000G,,GRCh37
HG01284,1000G,,GRCh37
HG01286,1000G,,GRCh37
HG01302,1000G,,GRCh37
HG01303,1000G,,GRCh37
HG01305,1000G,,GRCh37
HG01308,1000G,,GRCh37
HG01311,1000G,,GRCh37
HG01312,1000G,,GRCh37
HG01323,1000G,,GRCh37
HG01325,1000G,,GRCh37
HG01326,1000G,,GRCh37
HG01334,1000G,,GRCh37
HG01341,1000G,,GRCh37
HG01342,1000G,,GRCh37
HG01344,1000G,,GRCh37
HG01345,1000G,,GRCh37
HG01348,1000G,,GRCh37
HG01350,1000G,,GRCh37
HG01351,1000G,,GRCh37
HG01353,1000G,,GRCh37
HG01354,1000G,,GRCh37
HG01356,1000G,,GRCh37
HG01357,1000G,,GRCh37
HG01359,1000G,,GRCh37
HG01360,1000G,,GRCh37
HG01362,1000G,,GRCh37
HG01363,1000G,,GRCh37
HG01365,1000G,,GRCh37
HG01366,1000G,,GRCh37
HG01369,1000G,,GRCh37
HG01372,1000G,,GRCh37
HG01374,1000G,,GRCh37
HG01375,1000G,,GRCh37
HG01377,1000G,,GRCh37
HG01378,1000G,,GRCh37
HG01383,1000G,,GRCh37
HG01384,1000G,,GRCh37
HG01389,1000G,,GRCh37
HG01390,1000G,,GRCh37
HG01392,1000G,,GRCh37
HG01393,1000G,,GRCh37
HG01395,1000G,,GRCh37
HG01396,1000G,,GRCh37
HG01398,1000G,,GRCh37
HG01402,1000G,,GRCh37
HG01403,1000G,,GRCh37
HG01405,1000G,,GRCh37
HG01412,1000G,,GRCh37
HG01413,1000G,,GRCh37
HG01414,1000G,,GRCh37
HG01431,1000G,,GRCh37
HG01432,1000G,,GRCh37
HG01435,1000G,,GRCh37
HG01437,1000G,,GRCh37
HG01438,1000G,,GRCh37
HG01440,1000G,,GRCh37
HG01441,1000G,,GRCh37
HG01443,1000G,,GRCh37
HG01444,1000G,,GRCh37
HG01447,1000G,,GRCh37
HG01455,1000G,,GRCh37
HG01456,1000G,,GRCh37
HG01459,1000G,,GRCh37
HG01461,1000G,,GRCh37
HG01462,1000G,,GRCh37
HG01464,1000G,,GRCh37
HG01465,1000G,,GRCh37
HG01468,1000G,,GRCh37
HG01474,1000G,,GRCh37
HG01479,1000G,,GRCh37
HG01485,1000G,,GRCh37
HG01486,1000G,,GRCh37
HG01488,1000G,,GRCh37
HG01489,1000G,,GRCh37
HG01491,1000G,,GRCh37
HG01492,1000G,,GRCh37
HG01494,1000G,,GRCh37
HG01495,1000G,,GRCh37
HG01497,1000G,,GRCh37
HG01498,1000G,,GRCh37
HG01500,1000G,,GRCh37
HG01501,1000G,,GRCh37
HG01503,1000G,,GRCh37
HG01504,1000G,,GRCh37
HG01506,1000G,,GRCh37
HG01507,1000G,,GRCh37
HG01509,1000G,,GRCh37
HG01510,1000G,,GRCh37
HG01512,1000G,,GRCh37
HG01513,1000G,,GRCh37
HG01515,1000G,,GRCh37
HG01516,1000G,,GRCh37
HG01518,1000G,,GRCh37
HG01519,1000G,,GRCh37
HG01521,1000G,,GRCh37
HG01522,1000G,,GRCh37
HG01524,1000G,,GRCh37
HG01525,1000G,,GRCh37
HG01527,1000G,,GRCh37
HG01528,1000G,,GRCh37
HG01530,1000G,,GRCh37
HG01531,1000G,,GRCh37
HG01536,1000G,,GRCh37
HG01537,1000G,,GRCh37
HG01550,1000G,,GRCh37
HG01551,1000G,,GRCh37
HG01556,1000G,,GRCh37
HG01565,1000G,,GRCh37
HG01566,1000G,,GRCh37
HG01571,1000G,,GRCh37
HG01572,1000G,,GRCh37
HG01577,1000G,,GRCh37
HG01578,1000G,,GRCh37
HG01583,1000G,,GRCh37
HG01586,1000G,,GRCh37
HG01589,1000G,,GRCh37
HG01593,1000G,,GRCh37
HG01595,1000G,,GRCh37
HG01596,1000G,,GRCh37
HG01597,1000G,,GRCh37
HG01598,1000G,,GRCh37
HG01599,1000G,,GRCh37
HG01600,1000G,,GRCh37
HG01602,1000G,,GRCh37
HG01603,1000G,,GRCh37
HG01605,1000G,,GRCh37
HG01606,1000G,,GRCh37
HG01607,1000G,,GRCh37
HG01608,1000G,,GRCh37
HG01610,1000G,,GRCh37
HG01612,1000G,,GRCh37
HG01613,1000G,,GRCh37
HG01615,1000G,,GRCh37
HG01617,1000G,,GRCh37
HG01618,1000G,,GRCh37
HG01619,1000G,,GRCh37
HG01620,1000G,,GRCh37
HG01623,1000G,,GRCh37
HG01624,1000G,,GRCh37
HG01625,1000G,,GRCh37
HG01626,1000G,,GRCh37
HG01628,1000G,,GRCh37
HG01630,1000G,,GRCh37
HG01631,1000G,,GRCh37
HG01632,1000G,,GRCh37
HG01668,1000G,,GRCh37
HG01669,1000G,,GRCh37
HG01670,1000G,,GRCh37
HG01672,1000G,,GRCh37
HG01673,1000G,,GRCh37
HG01675,1000G,,GRCh37
HG01676,1000G,,GRCh37
HG01678,1000G,,GRCh37
HG01679,1000G,,GRCh37
HG01680,1000G,,GRCh37
HG01682,1000G,,GRCh37
HG01684,1000G,,GRCh37
HG01685,1000G,,GRCh37
HG01686,1000G,,GRCh37
HG01694,1000G,,GRCh37
HG01695,1000G,,GRCh37
HG01697,1000G,,GRCh37
HG01699,1000G,,GRCh37
HG01700,1000G,,GRCh37
HG01702,1000G,,GRCh37
HG01704,1000G,,GRCh37
HG01705,1000G,,GRCh37
HG01707,1000G,,GRCh37
HG01708,1000G,,GRCh37
HG01709,1000G,,GRCh37
HG01710,1000G,,GRCh37
HG01746,1000G,,GRCh37
HG01747,1000G,,GRCh37
HG01756,1000G,,GRCh37
HG01757,1000G,,GRCh37
HG01761,1000G,,GRCh37
HG01762,1000G,,GRCh37
HG01765,1000G,,GRCh37
HG01766,1000G,,GRCh37
HG01767,1000G,,GRCh37
HG01768,1000G,,GRCh37
HG01770,1000G,,GRCh37
HG01771,1000G,,GRCh37
HG01773,1000G,,GRCh37
HG01775,1000G,,GRCh37
HG01776,1000G,,GRCh37
HG01777,1000G,,GRCh37
HG01779,1000G,,GRCh37
HG01781,1000G,,GRCh37
HG01783,1000G,,GRCh37
HG01784,1000G,,GRCh37
HG01785,1000G,,GRCh37
HG01786,1000G,,GRCh37
HG01789,1000G,,GRCh37
HG01790,1000G,,GRCh37
HG01791,1000G,,GRCh37
HG01794,1000G,,GRCh37
HG01795,1000G,,GRCh37
HG01796,1000G,,GRCh37
HG01797,1000G,,GRCh37
HG01798,1000G,,GRCh37
HG01799,1000G,,GRCh37
HG01800,1000G,,GRCh37
HG01801,1000G,,GRCh37
HG01802,1000G,,GRCh37
HG01804,1000G,,GRCh37
HG01805,1000G,,GRCh37
HG01806,1000G,,GRCh37
HG01807,1000G,,GRCh37
HG01808,1000G,,GRCh37
HG01809,1000G,,GRCh37
HG01810,1000G,,GRCh37
HG01811,1000G,,GRCh37
HG01812,1000G,,GRCh37
HG01813,1000G,,GRCh37
HG01815,1000G,,GRCh37
HG01816,1000G,,GRCh37
HG01817,1000G,,GRCh37
HG01840,1000G,,GRCh37
HG01841,1000G,,GRCh37
HG01842,1000G,,GRCh37
HG01843,1000G,,GRCh37
HG01844,1000G,,GRCh37
HG01845,1000G,,GRCh37
HG01846,1000G,,GRCh37
HG01847,1000G,,GRCh37
HG01848,1000G,,GRCh37
HG01849,1000G,,GRCh37
HG01850,1000G,,GRCh37
HG01851,1000G,,GRCh37
HG01852,1000G,,GRCh37
HG01853,1000G,,GRCh37
HG01855,1000G,,GRCh37
HG01857,1000G,,GRCh37
HG01858,1000G,,GRCh37
HG01859,1000G,,GRCh37
HG01860,1000G,,GRCh37
HG01861,1000G,,GRCh37
HG01862,1000G,,GRCh37
HG01863,1000G,,GRCh37
HG01864,1000G,,GRCh37
HG01865,1000G,,GRCh37
HG01866,1000G,,GRCh37
HG01867,1000G,,GRCh37
HG01868,1000G,,GRCh37
HG01869,1000G,,GRCh37
HG01870,1000G,,GRCh37
HG01871,1000G,,GRCh37
HG01872,1000G,,GRCh37
HG01873,1000G,,GRCh37
HG01874,1000G,,GRCh37
HG01878,1000G,,GRCh37
HG01879,1000G,,GRCh37
HG01880,1000G,,GRCh37
HG01882,1000G,,GRCh37
HG01883,1000G,,GRCh37
HG01885,1000G,,GRCh37
HG01886,1000G,,GRCh37
HG01889,1000G,,GRCh37
HG01890,1000G,,GRCh37
HG01892,1000G,,GRCh37
HG01893,1000G,,GRCh37
HG01894,1000G,,GRCh37
HG01896,1000G,,GRCh37
HG01912,1000G,,GRCh37
HG01914,1000G,,GRCh37
HG01915,1000G,,GRCh37
HG01917,1000G,,GRCh37
HG01918,1000G,,GRCh37
HG01920,1000G,,GRCh37
HG01921,1000G,,GRCh37
HG01923,1000G,,GRCh37
HG01924,1000G,,GRCh37
HG01926,1000G,,GRCh37
HG01927,1000G,,GRCh37
HG01932,1000G,,GRCh37
HG01933,1000G,,GRCh37
HG01935,1000G,,GRCh37
HG01936,1000G,,GRCh37
HG01938,1000G,,GRCh37
HG01939,1000G,,GRCh37
HG01941,1000G,,GRCh37
HG01942,1000G,,GRCh37
HG01944,1000G,,GRCh37
HG01945,1000G,,GRCh37
HG01947,1000G,,GRCh37
HG01948,1000G,,GRCh37
HG01950,1000G,,GRCh37
HG01951,1000G,,GRCh37
HG01953,1000G,,GRCh37
HG01954,1000G,,GRCh37
HG01956,1000G,,GRCh37
HG01958,1000G,,GRCh37
HG01961,1000G,,GRCh37
HG01965,1000G,,GRCh37
HG01967,1000G,,GRCh37
HG01968,1000G,,GRCh37
HG01970,1000G,,GRCh37
HG01971,1000G,,GRCh37
HG01973,1000G,,GRCh37
HG01974,1000G,,GRCh37
HG01976,1000G,,GRCh37
HG01977,1000G,,GRCh37
HG01979,1000G,,GRCh37
HG01980,1000G,,GRCh37
HG01982,1000G,,GRCh37
HG01985,1000G,,GRCh37
HG01986,1000G,,GRCh37
HG01988,1000G,,GRCh37
HG01989,1000G,,GRCh37
HG01990,1000G,,GRCh37
HG01991,1000G,,GRCh37
HG01992,1000G,,GRCh37
HG01997,1000G,,GRCh37
HG02002,1000G,,GRCh37
HG02003,1000G,,GRCh37
HG02006,1000G,,GRCh37
HG02008,1000G,,GRCh37
HG02009,1000G,,GRCh37
HG02010,1000G,,GRCh37
HG02012,1000G,,GRCh37
HG02013,1000G,,GRCh37
HG02014,1000G,,GRCh37
HG02016,1000G,,GRCh37
HG02017,1000G,,GRCh37
HG02019,1000G,,GRCh37
HG02020,1000G,,GRCh37
HG02023,1000G,,GRCh37
HG02025,1000G,,GRCh37
HG02026,1000G,,GRCh37
HG02028,1000G,,GRCh37
HG02029,1000G,,GRCh37
HG02031,1000G,,GRCh37
HG02032,1000G,,GRCh37
HG02035,1000G,,GRCh37
HG02040,1000G,,GRCh37
HG02047,1000G,,GRCh37
HG02048,1000G,,GRCh37
HG02049,1000G,,GRCh37
HG02050,1000G,,GRCh37
HG02051,1000G,,GRCh37
HG02052,1000G,,GRCh37
HG02053,1000G,,GRCh37
HG02054,1000G,,GRCh37
HG02057,1000G,,GRCh37
HG02058,1000G,,GRCh37
HG02060,1000G,,GRCh37
HG02061,1000G,,GRCh37
HG02064,1000G,,GRCh37
HG02067,1000G,,GRCh37
HG02069,1000G,,GRCh37
HG02070,1000G,,GRCh37
HG02072,1000G,,GRCh37
HG02073,1000G,,GRCh37
HG02075,1000G,,GRCh37
HG02076,1000G,,GRCh37
HG02078,1000G,,GRCh37
HG02079,1000G,,GRCh37
HG02081,1000G,,GRCh37
HG02082,1000G,,GRCh37
HG02084,1000G,,GRCh37
HG02085,1000G,,GRCh37
HG02086,1000G,,GRCh37
HG02087,1000G,,GRCh37
HG02088,1000G,,GRCh37
HG02089,1000G,,GRCh37
HG02090,1000G,,GRCh37
HG02095,1000G,,GRCh37
HG02102,1000G,,GRCh37
HG02104,1000G,,GRCh37
HG02105,1000G,,GRCh37
HG02107,1000G,,GRCh37
HG02108,1000G,,GRCh37
HG02111,1000G,,GRCh37
HG02113,1000G,,GRCh37
HG02116,1000G,,GRCh37
HG02121,1000G,,GRCh37
HG02122,1000G,,GRCh37
HG02127,1000G,,GRCh37
HG02128,1000G,,GRCh37
HG02130,1000G,,GRCh37
HG02131,1000G,,GRCh37
HG02133,1000G,,GRCh37
HG02134,1000G,,GRCh37
HG02136,1000G,,GRCh37
HG02137,1000G,,GRCh37
HG02138,1000G,,GRCh37
HG02139,1000G,,GRCh37
HG02140,1000G,,GRCh37
HG02141,1000G,,GRCh37
HG02142,1000G,,GRCh37
HG02143,1000G,,GRCh37
HG02144,1000G,,GRCh37
HG02146,1000G,,GRCh37
HG02147,1000G,,GRCh37
HG02150,1000G,,GRCh37
HG02151,1000G,,GRCh37
HG02152,1000G,,GRCh37
HG02153,1000G,,GRCh37
HG02154,1000G,,GRCh37
HG02155,1000G,,GRCh37
HG02156,1000G,,GRCh37
HG02164,1000G,,GRCh37
HG02165,1000G,,GRCh37
HG02166,1000G,,GRCh37
HG02178,1000G,,GRCh37
HG02179,1000G,,GRCh37
HG02180,1000G,,GRCh37
HG02181,1000G,,GRCh37
HG02182,1000G,,GRCh37
HG02184,1000G,,GRCh37
HG02185,1000G,,GRCh37
HG02186,1000G,,GRCh37
HG02187,1000G,,GRCh37
HG02188,1000G,,GRCh37
HG02190,1000G,,GRCh37
HG02215,1000G,,GRCh37
HG02219,1000G,,GRCh37
HG02220,1000G,,GRCh37
HG02221,1000G,,GRCh37
HG02223,1000G,,GRCh37
HG02224,1000G,,GRCh37
HG02230,1000G,,GRCh37
HG02231,1000G,,GRCh37
HG02232,1000G,,GRCh37
HG02233,1000G,,GRCh37
HG02235,1000G,,GRCh37
HG02236,1000G,,GRCh37
HG02238,1000G,,GRCh37
HG02239,1000G,,GRCh37
HG02250,1000G,,GRCh37
HG02252,1000G,,GRCh37
HG02253,1000G,,GRCh37
HG02255,1000G,,GRCh37
HG02256,1000G,,GRCh37
HG02259,1000G,,GRCh37
HG02260,1000G,,GRCh37
HG02262,1000G,,GRCh37
HG02265,1000G,,GRCh37
HG02266,1000G,,GRCh37
HG02271,1000G,,GRCh37
HG02272,1000G,,GRCh37
HG02274,1000G,,GRCh37
HG02275,1000G,,GRCh37
HG02277,1000G,,GRCh37
HG02278,1000G,,GRCh37
HG02281,1000G,,GRCh37
HG02282,1000G,,GRCh37
HG02283,1000G,,GRCh37
HG02284,1000G,,GRCh37
HG02285,1000G,,GRCh37
HG02286,1000G,,GRCh37
HG02291,1000G,,GRCh37
HG02292,1000G,,GRCh37
HG02298,1000G,,GRCh37
HG02299,1000G,,GRCh37
HG02301,1000G,,GRCh37
HG02304,1000G,,GRCh37
HG02307,1000G,,GRCh37
HG02308,1000G,,GRCh37
HG02309,1000G,,GRCh37
HG02312,1000G,,GRCh37
HG02314,1000G,,GRCh37
HG02315,1000G,,GRCh37
HG02317,1000G,,GRCh37
HG02318,1000G,,GRCh37
HG02322,1000G,,GRCh37
HG02323,1000G,,GRCh37
HG02325,1000G,,GRCh37
HG02330,1000G,,GRCh37
HG02332,1000G,,GRCh37
HG02334,1000G,,GRCh37
HG02337,1000G,,GRCh37
HG02339,1000G,,GRCh37
HG02343,1000G,,GRCh37
HG02345,1000G,,GRCh37
HG02348,1000G,,GRCh37
HG02351,1000G,,GRCh37
HG02353,1000G,,GRCh37
HG02355,1000G,,GRCh37
HG02356,1000G,,GRCh37
HG02360,1000G,,GRCh37
HG02364,1000G,,GRCh37
HG02367,1000G,,GRCh37
HG02371,1000G,,GRCh37
HG02373,1000G,,GRCh37
HG02374,1000G,,GRCh37
HG02375,1000G,,GRCh37
HG02379,1000G,,GRCh37
HG02380,1000G,,GRCh37
HG02382,1000G,,GRCh37
HG02383,1000G,,GRCh37
HG02384,1000G,,GRCh37
HG02385,1000G,,GRCh37
HG02386,1000G,,GRCh37
HG02389,1000G,,GRCh37
HG02390,1000G,,GRCh37
HG02391,1000G,,GRCh37
HG02392,1000G,,GRCh37
HG02394,1000G,,GRCh37
HG02395,1000G,,GRCh37
HG02396,1000G,,GRCh37
HG02397,1000G,,GRCh37
HG02398,1000G,,GRCh37
HG02399,1000G,,GRCh37
HG02401,1000G,,GRCh37
HG02402,1000G,,GRCh37
HG02406,1000G,,GRCh37
HG02407,1000G,,GRCh37
HG02408,1000G,,GRCh37
HG02409,1000G,,GRCh37
HG02410,1000G,,GRCh37
HG02419,1000G,,GRCh37
HG02420,1000G,,GRCh37
HG02425,1000G,,GRCh37
HG02427,1000G,,GRCh37
HG02429,1000G,,GRCh37
HG02433,1000G,,GRCh37
HG02439,1000G,,GRCh37
HG02442,1000G,,GRCh37
HG02445,1000G,,GRCh37
HG02449,1000G,,GRCh37
HG02450,1000G,,GRCh37
HG02455,1000G,,GRCh37
HG02461,1000G,,GRCh37
HG02462,1000G,,GRCh37
HG02464,1000G,,GRCh37
HG02465,1000G,,GRCh37
HG02470,1000G,,GRCh37
HG02471,1000G,,GRCh37
HG02476,1000G,,GRCh37
HG02477,1000G,,GRCh37
HG02479,1000G,,GRCh37
HG02481,1000G,,GRCh37
HG02484,1000G,,GRCh37
HG02485,1000G,,GRCh37
HG02489,1000G,,GRCh37
HG02490,1000G,,GRCh37
HG02491,1000G,,GRCh37
HG02493,1000G,,GRCh37
HG02494,1000G,,GRCh37
HG02496,1000G,,GRCh37
HG02497,1000G,,GRCh37
HG02501,1000G,,GRCh37
HG02502,1000G,,GRCh37
HG02505,1000G,,GRCh37
HG02508,1000G,,GRCh37
HG02511,1000G,,GRCh37
HG02512,1000G,,GRCh37
HG02513,1000G,,GRCh37
HG02521,1000G,,GRCh37
HG02522,1000G,,GRCh37
HG02536,1000G,,GRCh37
HG02537,1000G,,GRCh37
HG02541,1000G,,GRCh37
HG02545,1000G,,GRCh37
HG02546,1000G,,GRCh37
HG02549,1000G,,GRCh37
HG02554,1000G,,GRCh37
HG02555,1000G,,GRCh37
HG02557,1000G,,GRCh37
HG02558,1000G,,GRCh37
HG02561,1000G,,GRCh37
HG02562,1000G,,GRCh37
HG02568,1000G,,GRCh37
HG02570,1000G,,GRCh37
HG02571,1000G,,GRCh37
HG02573,1000G,,GRCh37
HG02574,1000G,,GRCh37
HG02577,1000G,,GRCh37
HG02580,1000G,,GRCh37
HG02582,1000G,,GRCh37
HG02583,1000G,,GRCh37
HG02585,1000G,,GRCh37
HG02586,1000G,,GRCh37
HG02588,1000G,,GRCh37
HG02589,1000G,,GRCh37
HG02594,1000G,,GRCh37
HG02595,1000G,,GRCh37
HG02597,1000G,,GRCh37
HG02600,1000G,,GRCh37
HG02601,1000G,,GRCh37
HG02603,1000G,,GRCh37
HG02604,1000G,,GRCh37
HG02610,1000G,,GRCh37
HG02611,1000G,,GRCh37
HG02613,1000G,,GRCh37
HG02614,1000G,,GRCh37
HG02620,1000G,,GRCh37
HG02621,1000G,,GRCh37
HG02623,1000G,,GRCh37
HG02624,1000G,,GRCh37
HG02628,1000G,,GRCh37
HG02629,1000G,,GRCh37
HG02634,1000G,,GRCh37
HG02635,1000G,,GRCh37
HG02642,1000G,,GRCh37
HG02643,1000G,,GRCh37
HG02645,1000G,,GRCh37
HG02646,1000G,,GRCh37
HG02648,1000G,,GRCh37
HG02649,1000G,,GRCh37
HG02651,1000G,,GRCh37
HG02652,1000G,,GRCh37
HG02654,1000G,,GRCh37
HG02655,1000G,,GRCh37
HG02657,1000G,,GRCh37
HG02658,1000G,,GRCh37
HG02660,1000G,,GRCh37
HG02661,1000G,,GRCh37
HG02666,1000G,,GRCh37
HG02667,1000G,,GRCh37
HG02675,1000G,,GRCh37
HG02676,1000G,,GRCh37
HG02678,1000G,,GRCh37
HG02679,1000G,,GRCh37
HG02681,1000G,,GRCh37
HG02682,1000G,,GRCh37
HG02684,1000G,,GRCh37
HG02685,1000G,,GRCh37
HG02687,1000G,,GRCh37
HG02688,1000G,,GRCh37
HG02690,1000G,,GRCh37
HG02691,1000G,,GRCh37
HG02694,1000G,,GRCh37
HG02696,1000G,,GRCh37
HG02697,1000G,,GRCh37
HG02699,1000G,,GRCh37
HG02700,1000G,,GRCh37
HG02702,1000G,,GRCh37
HG02703,1000G,,GRCh37
HG02715,1000G,,GRCh37
HG02716,1000G,,GRCh37
HG02721,1000G,,GRCh37
HG02722,1000G,,GRCh37
HG02724,1000G,,GRCh37
HG02725,1000G,,GRCh37
HG02727,1000G,,GRCh37
HG02728,1000G,,GRCh37
HG02731,1000G,,GRCh37
HG02733,1000G,,GRCh37
HG02734,1000G,,GRCh37
HG02736,1000G,,GRCh37
HG02737,1000G,,GRCh37
HG02756,1000G,,GRCh37
HG02757,1000G,,GRCh37
HG02759,1000G,,GRCh37
HG02760,1000G,,GRCh37
HG02763,1000G,,GRCh37
HG02768,1000G,,GRCh37
HG02769,1000G,,GRCh37
HG02771,1000G,,GRCh37
HG02772,1000G,,GRCh37
HG02774,1000G,,GRCh37
HG02775,1000G,,GRCh37
HG02778,1000G,,GRCh37
HG02780,1000G,,GRCh37
HG02783,1000G,,GRCh37
HG02784,1000G,,GRCh37
HG02786,1000G,,GRCh37
HG02787,1000G,,GRCh37
HG02789,1000G,,GRCh37
HG02790,1000G,,GRCh37
HG02792,1000G,,GRCh37
HG02793,1000G,,GRCh37
HG02798,1000G,,GRCh37
HG02799,1000G,,GRCh37
HG02804,1000G,,GRCh37
HG02805,1000G,,GRCh37
HG02807,1000G,,GRCh37
HG02808,1000G,,GRCh37
HG02810,1000G,,GRCh37
HG02811,1000G,,GRCh37
HG02813,1000G,,GRCh37
HG02814,1000G,,GRCh37
HG02816,1000G,,GRCh37
HG02817,1000G,,GRCh37
HG02819,1000G,,GRCh37
HG02820,1000G,,GRCh37
HG02836,1000G,,GRCh37
HG02837,1000G,,GRCh37
HG02839,1000G,,GRCh37
HG02840,1000G,,GRCh37
HG02851,1000G,,GRCh37
HG02852,1000G,,GRCh37
HG02854,1000G,,GRCh37
HG02855,1000G,,GRCh37
HG02860,1000G,,GRCh37
HG02861,1000G,,GRCh37
HG02870,1000G,,GRCh37
HG02878,1000G,,GRCh37
HG02879,1000G,,GRCh37
HG02881,1000G,,GRCh37
HG02882,1000G,,GRCh37
HG02884,1000G,,GRCh37
HG02885,1000G,,GRCh37
HG02887,1000G,,GRCh37
HG02888,1000G,,GRCh37
HG02890,1000G,,GRCh37
HG02891,1000G,,GRCh37
HG02895,1000G,,GRCh37
HG02896,1000G,,GRCh37
HG02922,1000G,,GRCh37
HG02923,1000G,,GRCh37
HG02938,1000G,,GRCh37
HG02941,1000G,,GRCh37
HG02943,1000G,,GRCh37
HG02944,1000G,,GRCh37
HG02946,1000G,,GRCh37
HG02947,1000G,,GRCh37
HG02952,1000G,,GRCh37
HG02953,1000G,,GRCh37
HG02968,1000G,,GRCh37
HG02970,1000G,,GRCh37
HG02971,1000G,,GRCh37
HG02973,1000G,,GRCh37
HG02974,1000G,,GRCh37
HG02976,1000G,,GRCh37
HG02977,1000G,,GRCh37
HG02979,1000G,,GRCh37
HG02981,1000G,,GRCh37
HG02982,1000G,,GRCh37
HG02983,1000G,,GRCh37
HG03006,1000G,,GRCh37
HG03007,1000G,,GRCh37
HG03009,1000G,,GRCh37
HG03012,1000G,,GRCh37
HG03015,1000G,,GRCh37
HG03016,1000G,,GRCh37
HG03018,1000G,,GRCh37
HG03019,1000G,,GRCh37
HG03021,1000G,,GRCh37
HG03022,1000G,,GRCh37
HG03024,1000G,,GRCh37
HG03025,1000G,,GRCh37
HG03027,1000G,,GRCh37
HG03028,1000G,,GRCh37
HG03039,1000G,,GRCh37
HG03040,1000G,,GRCh37
HG03045,1000G,,GRCh37
HG03046,1000G,,GRCh37
HG03048,1000G,,GRCh37
HG03049,1000G,,GRCh37
HG03052,1000G,,GRCh37
HG03054,1000G,,GRCh37
HG03055,1000G,,GRCh37
HG03057,1000G,,GRCh37
HG03058,1000G,,GRCh37
HG03060,1000G,,GRCh37
HG03061,1000G,,GRCh37
HG03063,1000G,,GRCh37
HG03064,1000G,,GRCh37
HG03066,1000G,,GRCh37
HG03069,1000G,,GRCh37
HG03072,1000G,,GRCh37
HG03073,1000G,,GRCh37
HG03074,1000G,,GRCh37
HG03077,1000G,,GRCh37
HG03078,1000G,,GRCh37
HG03079,1000G,,GRCh37
HG03081,1000G,,GRCh37
HG03082,1000G,,GRCh37
HG03084,1000G,,GRCh37
HG03085,1000G,,GRCh37
HG03086,1000G,,GRCh37
HG03088,1000G,,GRCh37
HG03091,1000G,,GRCh37
HG03095,1000G,,GRCh37
HG03096,1000G,,GRCh37
HG03097,1000G,,GRCh37
HG03099,1000G,,GRCh37
HG03100,1000G,,GRCh37
HG03103,1000G,,GRCh37
HG03105,1000G,,GRCh37
HG03108,1000G,,GRCh37
HG03109,1000G,,GRCh37
HG03111,1000G,,GRCh37
HG03112,1000G,,GRCh37
HG03114,1000G,,GRCh37
HG03115,1000G,,GRCh37
HG03117,1000G,,GRCh37
HG03118,1000G,,GRCh37
HG03120,1000G,,GRCh37
HG03121,1000G,,GRCh37
HG03123,1000G,,GRCh37
HG03124,1000G,,GRCh37
HG03126,1000G,,GRCh37
HG03127,1000G,,GRCh37
HG03129,1000G,,GRCh37
HG03130,1000G,,GRCh37
HG03132,1000G,,GRCh37
HG03133,1000G,,GRCh37
HG03135,1000G,,GRCh37
HG03136,1000G,,GRCh37
HG03139,1000G,,GRCh37
HG03157,1000G,,GRCh37
HG03159,1000G,,GRCh37
HG03160,1000G,,GRCh37
HG03162,1000G,,GRCh37
HG03163,1000G,,GRCh37
HG03166,1000G,,GRCh37
HG03168,1000G,,GRCh37
HG03169,1000G,,GRCh37
HG03172,1000G,,GRCh37
HG03175,1000G,,GRCh37
HG03189,1000G,,GRCh37
HG03190,1000G,,GRCh37
HG03193,1000G,,GRCh37
HG03195,1000G,,GRCh37
HG03196,1000G,,GRCh37
HG03198,1000G,,GRCh37
HG03199,1000G,,GRCh37
HG03202,1000G,,GRCh37
HG03209,1000G,,GRCh37
HG03212,1000G,,GRCh37
HG03224,1000G,,GRCh37
HG03225,1000G,,GRCh37
HG03228,1000G,,GRCh37
HG03229,1000G,,GRCh37
HG03234,1000G,,GRCh37
HG03235,1000G,,GRCh37
HG03237,1000G,,GRCh37
HG03238,1000G,,GRCh37
HG03240,1000G,,GRCh37
HG03241,1000G,,GRCh37
HG03246,1000G,,GRCh37
HG03247,1000G,,GRCh37
HG03258,1000G,,GRCh37
HG03259,1000G,,GRCh37
HG03265,1000G,,GRCh37
HG03267,1000G,,GRCh37
HG03268,1000G,,GRCh37
HG03270,1000G,,GRCh37
HG03271,1000G,,GRCh37
HG03279,1000G,,GRCh37
HG03280,1000G,,GRCh37
HG03291,1000G,,GRCh37
HG03294,1000G,,GRCh37
HG03295,1000G,,GRCh37
HG03297,1000G,,GRCh37
HG03298,1000G,,GRCh37
HG03300,1000G,,GRCh37
HG03301,1000G,,GRCh37
HG03303,1000G,,GRCh37
HG03304,1000G,,GRCh37
HG03311,1000G,,GRCh37
HG03313,1000G,,GRCh37
HG03342,1000G,,GRCh37
HG03343,1000G,,GRCh37
HG03351,1000G,,GRCh37
HG03352,1000G,,GRCh37
HG03354,1000G,,GRCh37
HG03363,1000G,,GRCh37
HG03366,1000G,,GRCh37
HG03367,1000G,,GRCh37
HG03369,1000G,,GRCh37
HG03370,1000G,,GRCh37
HG03372,1000G,,GRCh37
HG03376,1000G,,GRCh37
HG03378,1000G,,GRCh37
HG03380,1000G,,GRCh37
HG03382,1000G,,GRCh37
HG03385,1000G,,GRCh37
HG03388,1000G,,GRCh37
HG03391,1000G,,GRCh37
HG03394,1000G,,GRCh37
HG03397,1000G,,GRCh37
HG03401,1000G,,GRCh37
HG03410,1000G,,GRCh37
HG03419,1000G,,GRCh37
HG03428,1000G,,GRCh37
HG03432,1000G,,GRCh37
HG03433,1000G,,GRCh37
HG03436,1000G,,GRCh37
HG03437,1000G,,GRCh37
HG03439,1000G,,GRCh37
HG03442,1000G,,GRCh37
HG03445,1000G,,GRCh37
HG03446,1000G,,GRCh37
HG03449,1000G,,GRCh37
HG03451,1000G,,GRCh37
HG03452,1000G,,GRCh37
HG03455,1000G,,GRCh37
HG03457,1000G,,GRCh37
HG03458,1000G,,GRCh37
HG03460,1000G,,GRCh37
HG03461,1000G,,GRCh37
HG03464,1000G,,GRCh37
HG03469,1000G,,GRCh37
HG03470,1000G,,GRCh37
HG03472,1000G,,GRCh37
HG03473,1000G,,GRCh37
HG03476,1000G,,GRCh37
HG03478,1000G,,GRCh37
HG03479,1000G,,GRCh37
HG03484,1000G,,GRCh37
HG03485,1000G,,GRCh37
HG03488,1000G,,GRCh37
HG03490,1000G,,GRCh37
HG03491,1000G,,GRCh37
HG03499,1000G,,GRCh37
HG03511,1000G,,GRCh37
HG03514,1000G,,GRCh37
HG03515,1000G,,GRCh37
HG03517,1000G,,GRCh37
HG03518,1000G,,GRCh37
HG03520,1000G,,GRCh37
HG03521,1000G,,GRCh37
HG03538,1000G,,GRCh37
HG03539,1000G,,GRCh37
HG03547,1000G,,GRCh37
HG03548,1000G,,GRCh37
HG03556,1000G,,GRCh37
HG03557,1000G,,GRCh37
HG03558,1000G,,GRCh37
HG03559,1000G,,GRCh37
HG03563,1000G,,GRCh37
HG03565,1000G,,GRCh37
HG03567,1000G,,GRCh37
HG03571,1000G,,GRCh37
HG03572,1000G,,GRCh37
HG03575,1000G,,GRCh37
HG03577,1000G,,GRCh37
HG03578,1000G,,GRCh37
HG03583,1000G,,GRCh37
HG03585,1000G,,GRCh37
HG03589,1000G,,GRCh37
HG03593,1000G,,GRCh37
HG03594,1000G,,GRCh37
HG03595,1000G,,GRCh37
HG03598,1000G,,GRCh37
HG03600,1000G,,GRCh37
HG03603,1000G,,GRCh37
HG03604,1000G,,GRCh37
HG03607,1000G,,GRCh37
HG03611,1000G,,GRCh37
HG03615,1000G,,GRCh37
HG03616,1000G,,GRCh37
HG03619,1000G,,GRCh37
HG03624,1000G,,GRCh37
HG03625,1000G,,GRCh37
HG03629,1000G,,GRCh37
HG03631,1000G,,GRCh37
HG03634,1000G,,GRCh37
HG03636,1000G,,GRCh37
HG03640,1000G,,GRCh37
HG03642,1000G,,GRCh37
HG03643,1000G,,GRCh37
HG03644,1000G,,GRCh37
HG03645,1000G,,GRCh37
HG03646,1000G,,GRCh37
HG03649,1000G,,GRCh37
HG03652,1000G,,GRCh37
HG03653,1000G,,GRCh37
HG03660,1000G,,GRCh37
HG03663,1000G,,GRCh37
HG03667,1000G,,GRCh37
HG03668,1000G,,GRCh37
HG03672,1000G,,GRCh37
HG03673,1000G,,GRCh37
HG03679,1000G,,GRCh37
HG03680,1000G,,GRCh37
HG03681,1000G,,GRCh37
HG03684,1000G,,GRCh37
HG03685,1000G,,GRCh37
HG03686,1000G,,GRCh37
HG03687,1000G,,GRCh37
HG03689,1000G,,GRCh37
HG03690,1000G,,GRCh37
HG03691,1000G,,GRCh37
HG03692,1000G,,GRCh37
HG03693,1000G,,GRCh37
HG03694,1000G,,GRCh37
HG03695,1000G,,GRCh37
HG03696,1000G,,GRCh37
HG03697,1000G,,GRCh37
HG03698,1000G,,GRCh37
HG03702,1000G,,GRCh37
HG03703,1000G,,GRCh37
HG03705,1000G,,GRCh37
HG03706,1000G,,GRCh37
HG03708,1000G,,GRCh37
HG03709,1000G,,GRCh37
HG03711,1000G,,GRCh37
HG03713,1000G,,GRCh37
HG03714,1000G,,GRCh37
HG03716,1000G,,GRCh37
HG03717,1000G,,GRCh37
HG03718,1000G,,GRCh37
HG03720,1000G,,GRCh37
HG03722,1000G,,GRCh37
HG03727,1000G,,GRCh37
HG03729,1000G,,GRCh37
HG03730,1000G,,GRCh37
HG03731,1000G,,GRCh37
HG03733,1000G,,GRCh37
HG03736,1000G,,GRCh37
HG03738,1000G,,GRCh37
HG03740,1000G,,GRCh37
HG03741,1000G,,GRCh37
HG03742,1000G,,GRCh37
HG03743,1000G,,GRCh37
HG03744,1000G,,GRCh37
HG03745,1000G,,GRCh37
HG03746,1000G,,GRCh37
HG03750,1000G,,GRCh37
HG03752,1000G,,GRCh37
HG03753,1000G,,GRCh37
HG03754,1000G,,GRCh37
HG03755,1000G,,GRCh37
HG03756,1000G,,GRCh37
HG03757,1000G,,GRCh37
HG03760,1000G,,GRCh37
HG03762,1000G,,GRCh37
HG03765,1000G,,GRCh37
HG03767,1000G,,GRCh37
HG03770,1000G,,GRCh37
HG03771,1000G,,GRCh37
HG03772,1000G,,GRCh37
HG03773,1000G,,GRCh37
HG03774,1000G,,GRCh37
HG03775,1000G,,GRCh37
HG03777,1000G,,GRCh37
HG03778,1000G,,GRCh37
HG03779,1000G,,GRCh37
HG03780,1000G,,GRCh37
HG03781,1000G,,GRCh37
HG03782,1000G,,GRCh37
HG03784,1000G,,GRCh37
HG03785,1000G,,GRCh37
HG03786,1000G,,GRCh37
HG03787,1000G,,GRCh37
HG03788,1000G,,GRCh37
HG03789,1000G,,GRCh37
HG03790,1000G,,GRCh37
HG03792,1000G,,GRCh37
HG03793,1000G,,GRCh37
HG03796,1000G,,GRCh37
HG03800,1000G,,GRCh37
HG03802,1000G,,GRCh37
HG03803,1000G,,GRCh37
HG03805,1000G,,GRCh37
HG03808,1000G,,GRCh37
HG03809,1000G,,GRCh37
HG03812,1000G,,GRCh37
HG03814,1000G,,GRCh37
HG03815,1000G,,GRCh37
HG03817,1000G,,GRCh37
HG03821,1000G,,GRCh37
HG03823,1000G,,GRCh37
HG03824,1000G,,GRCh37
HG03826,1000G,,GRCh37
HG03829,1000G,,GRCh37
HG03830,1000G,,GRCh37
HG03832,1000G,,GRCh37
HG03833,1000G,,GRCh37
HG03836,1000G,,GRCh37
HG03837,1000G,,GRCh37
HG03838,1000G,,GRCh37
HG03844,1000G,,GRCh37
HG03846,1000G,,GRCh37
HG03848,1000G,,GRCh37
HG03849,1000G,,GRCh37
HG03850,1000G,,GRCh37
HG03851,1000G,,GRCh37
HG03854,1000G,,GRCh37
HG03856,1000G,,GRCh37
HG03857,1000G,,GRCh37
HG03858,1000G,,GRCh37
HG03861,1000G,,GRCh37
HG03862,1000G,,GRCh37
HG03863,1000G,,GRCh37
HG03864,1000G,,GRCh37
HG03866,1000G,,GRCh37
HG03867,1000G,,GRCh37
HG03868,1000G,,GRCh37
HG03869,1000G,,GRCh37
HG03870,1000G,,GRCh37
HG03871,1000G,,GRCh37
HG03872,1000G,,GRCh37
HG03873,1000G,,GRCh37
HG03874,1000G,,GRCh37
HG03875,1000G,,GRCh37
HG03882,1000G,,GRCh37
HG03884,1000G,,GRCh37
HG03885,1000G,,GRCh37
HG03886,1000G,,GRCh37
HG03887,1000G,,GRCh37
HG03888,1000G,,GRCh37
HG03890,1000G,,GRCh37
HG03894,1000G,,GRCh37
HG03895,1000G,,GRCh37
HG03896,1000G,,GRCh37
HG03897,1000G,,GRCh37
HG03898,1000G,,GRCh37
HG03899,1000G,,GRCh37
HG03900,1000G,,GRCh37
HG03902,1000G,,GRCh37
HG03905,1000G,,GRCh37
HG03907,1000G,,GRCh37
HG03908,1000G,,GRCh37
HG03910,1000G,,GRCh37
HG03911,1000G,,GRCh37
HG03913,1000G,,GRCh37
HG03914,1000G,,GRCh37
HG03916,1000G,,GRCh37
HG03917,1000G,,GRCh37
HG03919,1000G,,GRCh37
HG03920,1000G,,GRCh37
HG03922,1000G,,GRCh37
HG03925,1000G,,GRCh37
HG03926,1000G,,GRCh37
HG03928,1000G,,GRCh37
HG03931,1000G,,GRCh37
HG03934,1000G,,GRCh37
HG03937,1000G,,GRCh37
HG03940,1000G,,GRCh37
HG03941,1000G,,GRCh37
HG03943,1000G,,GRCh37
HG03944,1000G,,GRCh37
HG03945,1000G,,GRCh37
HG03947,1000G,,GRCh37
HG03949,1000G,,GRCh37
HG03950,1000G,,GRCh37
HG03951,1000G,,GRCh37
HG03953,1000G,,GRCh37
HG03955,1000G,,GRCh37
HG03960,1000G,,GRCh37
HG03963,1000G,,GRCh37
HG03965,1000G,,GRCh37
HG03967,1000G,,GRCh37
HG03968,1000G,,GRCh37
HG03969,1000G,,GRCh37
HG03971,1000G,,GRCh37
HG03973,1000G,,GRCh37
HG03974,1000G,,GRCh37
HG03976,1000G,,GRCh37
HG03977,1000G,,GRCh37
HG03978,1000G,,GRCh37
HG03985,1000G,,GRCh37
HG03986,1000G,,GRCh37
HG03989,1000G,,GRCh37
HG03990,1000G,,GRCh37
HG03991,1000G,,GRCh37
HG03995,1000G,,GRCh37
HG03998,1000G,,GRCh37
HG03999,1000G,,GRCh37
HG04001,1000G,,GRCh37
HG04002,1000G,,GRCh37
HG04003,1000G,,GRCh37
HG04006,1000G,,GRCh37
HG04014,1000G,,GRCh37
HG04015,1000G,,GRCh37
HG04017,1000G,,GRCh37
HG04018,1000G,,GRCh37
HG04019,1000G,,GRCh37
HG04020,1000G,,GRCh37
HG04022,1000G,,GRCh37
HG04023,1000G,,GRCh37
HG04025,1000G,,GRCh37
HG04026,1000G,,GRCh37
HG04029,1000G,,GRCh37
HG04033,1000G,,GRCh37
HG04035,1000G,,GRCh37
HG04038,1000G,,GRCh37
HG04039,1000G,,GRCh37
HG04042,1000G,,GRCh37
HG04047,1000G,,GRCh37
HG04054,1000G,,GRCh37
HG04056,1000G,,GRCh37
HG04059,1000G,,GRCh37
HG04060,1000G,,GRCh37
HG04061,1000G,,GRCh37
HG04062,1000G,,GRCh37
HG04063,1000G,,GRCh37
HG04070,1000G,,GRCh37
HG04075,1000G,,GRCh37
HG04076,1000G,,GRCh37
HG04080,1000G,,GRCh37
HG04090,1000G,,GRCh37
HG04093,1000G,,GRCh37
HG04094,1000G,,GRCh37
HG04096,1000G,,GRCh37
HG04098,1000G,,GRCh37
HG04099,1000G,,GRCh37
HG04100,1000G,,GRCh37
HG04106,1000G,,GRCh37
HG04107,1000G,,GRCh37
HG04118,1000G,,GRCh37
HG04131,1000G,,GRCh37
HG04134,1000G,,GRCh37
HG04140,1000G,,GRCh37
HG04141,1000G,,GRCh37
HG04144,1000G,,GRCh37
HG04146,1000G,,GRCh37
HG04152,1000G,,GRCh37
HG04153,1000G,,GRCh37
HG04155,1000G,,GRCh37
HG04156,1000G,,GRCh37
HG04158,1000G,,GRCh37
HG04159,1000G,,GRCh37
HG04161,1000G,,GRCh37
HG04162,1000G,,GRCh37
HG04164,1000G,,GRCh37
HG04171,1000G,,GRCh37
HG04173,1000G,,GRCh37
HG04176,1000G,,GRCh37
HG04177,1000G,,GRCh37
HG04180,1000G,,GRCh37
HG04182,1000G,,GRCh37
HG04183,1000G,,GRCh37
HG04185,1000G,,GRCh37
HG04186,1000G,,GRCh37
HG04188,1000G,,GRCh37
HG04189,1000G,,GRCh37
HG04194,1000G,,GRCh37
HG04195,1000G,,GRCh37
HG04198,1000G,,GRCh37
HG04200,1000G,,GRCh37
HG04202,1000G,,GRCh37
HG04206,1000G,,GRCh37
HG04209,1000G,,GRCh37
HG04210,1000G,,GRCh37
HG04211,1000G,,GRCh37
HG04212,1000G,,GRCh37
HG04214,1000G,,GRCh37
HG04216,1000G,,GRCh37
HG04219,1000G,,GRCh37
HG04222,1000G,,GRCh37
HG04225,1000G,,GRCh37
HG04227,1000G,,GRCh37
HG04229,1000G,,GRCh37
HG04235,1000G,,GRCh37
HG04238,1000G,,GRCh37
HG04239,1000G,,GRCh37
NA06984,1000G,,GRCh37
NA06985,1000G,,GRCh37
NA06986,1000G,,GRCh37
NA06989,1000G,,GRCh37
NA06994,1000G,,GRCh37
NA07000,1000G,,GRCh37
NA07037,1000G,,GRCh37
NA07048,1000G,,GRCh37
NA07051,1000G,,GRCh37
NA07056,1000G,,GRCh37
NA07347,1000G,,GRCh37
NA07357,1000G,,GRCh37
NA10847,1000G,,GRCh37
NA10851,1000G,,GRCh37
NA11829,1000G,,GRCh37
NA11830,1000G,,GRCh37
NA11831,1000G,,GRCh37
NA11832,1000G,,GRCh37
NA11840,1000G,,GRCh37
NA11843,1000G,,GRCh37
NA11881,1000G,,GRCh37
NA11892,1000G,,GRCh37
NA11893,1000G,,GRCh37
NA11894,1000G,,GRCh37
NA11918,1000G,,GRCh37
NA11919,1000G,,GRCh37
NA11920,1000G,,GRCh37
NA11930,1000G,,GRCh37
NA11931,1000G,,GRCh37
NA11932,1000G,,GRCh37
NA11933,1000G,,GRCh37
NA11992,1000G,,GRCh37
NA11994,1000G,,GRCh37
NA11995,1000G,,GRCh37
NA12003,1000G,,GRCh37
NA12004,1000G,,GRCh37
NA12005,1000G,,GRCh37
NA12006,1000G,,GRCh37
NA12043,1000G,,GRCh37
NA12044,1000G,,GRCh37
NA12045,1000G,,GRCh37
NA12046,1000G,,GRCh37
NA12058,1000G,,GRCh37
NA12144,1000G,,GRCh37
NA12154,1000G,,GRCh37
NA12155,1000G,,GRCh37
NA12156,1000G,,GRCh37
NA12234,1000G,,GRCh37
NA12249,1000G,,GRCh37
NA12272,1000G,,GRCh37
NA12273,1000G,,GRCh37
NA12275,1000G,,GRCh37
NA12282,1000G,,GRCh37
NA12283,1000G,,GRCh37
NA12286,1000G,,GRCh37
NA12287,1000G,,GRCh37
NA12340,1000G,,GRCh37
NA12341,1000G,,GRCh37
NA12342,1000G,,GRCh37
NA12347,1000G,,GRCh37
NA12348,1000G,,GRCh37
NA12383,1000G,,GRCh37
NA12399,1000G,,GRCh37
NA12400,1000G,,GRCh37
NA12413,1000G,,GRCh37
NA12414,1000G,,GRCh37
NA12489,1000G,,GRCh37
NA12546,1000G,,GRCh37
NA12716,1000G,,GRCh37
NA12717,1000G,,GRCh37
NA12718,1000G,,GRCh37
NA12748,1000G,,GRCh37
NA12749,1000G,,GRCh37
NA12750,1000G,,GRCh37
NA12751,1000G,,GRCh37
NA12760,1000G,,GRCh37
NA12761,1000G,,GRCh37
NA12762,1000G,,GRCh37
NA12763,1000G,,GRCh37
NA12775,1000G,,GRCh37
NA12776,1000G,,GRCh37
NA12777,1000G,,GRCh37
NA12778,1000G,,GRCh37
NA12812,1000G,,GRCh37
NA12813,1000G,,GRCh37
NA12814,1000G,,GRCh37
NA12815,1000G,,GRCh37
NA12827,1000G,,GRCh37
NA12828,1000G,,GRCh37
NA12829,1000G,,GRCh37
NA12830,1000G,,GRCh37
NA12842,1000G,,GRCh37
NA12843,1000G,,GRCh37
NA12872,1000G,,GRCh37
NA12873,1000G,,GRCh37
NA12874,1000G,,GRCh37
NA12878,1000G,,GRCh37
NA12889,1000G,,GRCh37
NA12890,1000G,,GRCh37
NA18486,1000G,,GRCh37
NA18488,1000G,,GRCh37
NA18489,1000G,,GRCh37
NA18498,1000G,,GRCh37
NA18499,1000G,,GRCh37
NA18501,1000G,,GRCh37
NA18502,1000G,,GRCh37
NA18504,1000G,,GRCh37
NA18505,1000G,,GRCh37
NA18507,1000G,,GRCh37
NA18508,1000G,,GRCh37
NA18510,1000G,,GRCh37
NA18511,1000G,,GRCh37
NA18516,1000G,,GRCh37
NA18517,1000G,,GRCh37
NA18519,1000G,,GRCh37
NA18520,1000G,,GRCh37
NA18522,1000G,,GRCh37
NA18523,1000G,,GRCh37
NA18525,1000G,,GRCh37
NA18526,1000G,,GRCh37
NA18528,1000G,,GRCh37
NA18530,1000G,,GRCh37
NA18531,1000G,,GRCh37
NA18532,1000G,,GRCh37
NA18533,1000G,,GRCh37
NA18534,1000G,,GRCh37
NA18535,1000G,,GRCh37
NA18536,1000G,,GRCh37
NA18537,1000G,,GRCh37
NA18538,1000G,,GRCh37
NA18539,1000G,,GRCh37
NA18541,1000G,,GRCh37
NA18542,1000G,,GRCh37
NA18543,1000G,,GRCh37
NA18544,1000G,,GRCh37
NA18545,1000G,,GRCh37
NA18546,1000G,,GRCh37
NA18547,1000G,,GRCh37
NA18548,1000G,,GRCh37
NA18549,1000G,,GRCh37
NA18550,1000G,,GRCh37
NA18552,1000G,,GRCh37
NA18553,1000G,,GRCh37
NA18555,1000G,,GRCh37
NA18557,1000G,,GRCh37
NA18558,1000G,,GRCh37
NA18559,1000G,,GRCh37
NA18560,1000G,,GRCh37
NA18561,1000G,,GRCh37
NA18562,1000G,,GRCh37
NA18563,1000G,,GRCh37
NA18564,1000G,,GRCh37
NA18565,1000G,,GRCh37
NA18566,1000G,,GRCh37
NA18567,1000G,,GRCh37
NA18570,1000G,,GRCh37
NA18571,1000G,,GRCh37
NA18572,1000G,,GRCh37
NA18573,1000G,,GRCh37
NA18574,1000G,,GRCh37
NA18577,1000G,,GRCh37
NA18579,1000G,,GRCh37
NA18582,1000G,,GRCh37
NA18591,1000G,,GRCh37
NA18592,1000G,,GRCh37
NA18593,1000G,,GRCh37
NA18595,1000G,,GRCh37
NA18596,1000G,,GRCh37
NA18597,1000G,,GRCh37
NA18599,1000G,,GRCh37
NA18602,1000G,,GRCh37
NA18603,1000G,,GRCh37
NA18605,1000G,,GRCh37
NA18606,1000G,,GRCh37
NA18608,1000G,,GRCh37
NA18609,1000G,,GRCh37
NA18610,1000G,,GRCh37
NA18611,1000G,,GRCh37
NA18612,1000G,,GRCh37
NA18613,1000G,,GRCh37
NA18614,1000G,,GRCh37
NA18615,1000G,,GRCh37
NA18616,1000G,,GRCh37
NA18617,1000G,,GRCh37
NA18618,1000G,,GRCh37
NA18619,1000G,,GRCh37
NA18620,1000G,,GRCh37
NA18621,1000G,,GRCh37
NA18622,1000G,,GRCh37
NA18623,1000G,,GRCh37
NA18624,1000G,,GRCh37
NA18625,1000G,,GRCh37
NA18626,1000G,,GRCh37
NA18627,1000G,,GRCh37
NA18628,1000G,,GRCh37
NA18629,1000G,,GRCh37
NA18630,1000G,,GRCh37
NA18631,1000G,,GRCh37
NA18632,1000G,,GRCh37
NA18633,1000G,,GRCh37
NA18634,1000G,,GRCh37
NA18635,1000G,,GRCh37
NA18636,1000G,,GRCh37
NA18637,1000G,,GRCh37
NA18638,1000G,,GRCh37
NA18639,1000G,,GRCh37
NA18640,1000G,,GRCh37
NA18641,1000G,,GRCh37
NA18642,1000G,,GRCh37
NA18643,1000G,,GRCh37
NA18644,1000G,,GRCh37
NA18645,1000G,,GRCh37
NA18646,1000G,,GRCh37
NA18647,1000G,,GRCh37
NA18648,1000G,,GRCh37
NA18740,1000G,,GRCh37
NA18745,1000G,,GRCh37
NA18747,1000G,,GRCh37
NA18748,1000G,,GRCh37
NA18749,1000G,,GRCh37
NA18757,1000G,,GRCh37
NA18853,1000G,,GRCh37
NA18856,1000G,,GRCh37
NA18858,1000G,,GRCh37
NA18861,1000G,,GRCh37
NA18864,1000G,,GRCh37
NA18865,1000G,,GRCh37
NA18867,1000G,,GRCh37
NA18868,1000G,,GRCh37
NA18870,1000G,,GRCh37
NA18871,1000G,,GRCh37
NA18873,1000G,,GRCh37
NA18874,1000G,,GRCh37
NA18876,1000G,,GRCh37
NA18877,1000G,,GRCh37
NA18878,1000G,,GRCh37
NA18879,1000G,,GRCh37
NA18881,1000G,,GRCh37
NA18907,1000G,,GRCh37
NA18908,1000G,,GRCh37
NA18909,1000G,,GRCh37
NA18910,1000G,,GRCh37
NA18912,1000G,,GRCh37
NA18915,1000G,,GRCh37
NA18916,1000G,,GRCh37
NA18917,1000G,,GRCh37
NA18923,1000G,,GRCh37
NA18924,1000G,,GRCh37
NA18933,1000G,,GRCh37
NA18934,1000G,,GRCh37
NA18939,1000G,,GRCh37
NA18940,1000G,,GRCh37
NA18941,1000G,,GRCh37
NA18942,1000G,,GRCh37
NA18943,1000G,,GRCh37
NA18944,1000G,,GRCh37
NA18945,1000G,,GRCh37
NA18946,1000G,,GRCh37
NA18947,1000G,,GRCh37
NA18948,1000G,,GRCh37
NA18949,1000G,,GRCh37
NA18950,1000G,,GRCh37
NA18951,1000G,,GRCh37
NA18952,1000G,,GRCh37
NA18953,1000G,,GRCh37
NA18954,1000G,,GRCh37
NA18956,1000G,,GRCh37
NA18957,1000G,,GRCh37
NA18959,1000G,,GRCh37
NA18960,1000G,,GRCh37
NA18961,1000G,,GRCh37
NA18962,1000G,,GRCh37
NA18963,1000G,,GRCh37
NA18964,1000G,,GRCh37
NA18965,1000G,,GRCh37
NA18966,1000G,,GRCh37
NA18967,1000G,,GRCh37
NA18968,1000G,,GRCh37
NA18969,1000G,,GRCh37
NA18970,1000G,,GRCh37
NA18971,1000G,,GRCh37
NA18972,1000G,,GRCh37
NA18973,1000G,,GRCh37
NA18974,1000G,,GRCh37
NA18975,1000G,,GRCh37
NA18976,1000G,,GRCh37
NA18977,1000G,,GRCh37
NA18978,1000G,,GRCh37
NA18979,1000G,,GRCh37
NA18980,1000G,,GRCh37
NA18981,1000G,,GRCh37
NA18982,1000G,,GRCh37
NA18983,1000G,,GRCh37
NA18984,1000G,,GRCh37
NA18985,1000G,,GRCh37
NA18986,1000G,,GRCh37
NA18987,1000G,,GRCh37
NA18988,1000G,,GRCh37
NA18989,1000G,,GRCh37
NA18990,1000G,,GRCh37
NA18991,1000G,,GRCh37
NA18992,1000G,,GRCh37
NA18993,1000G,,GRCh37
NA18994,1000G,,GRCh37
NA18995,1000G,,GRCh37
NA18997,1000G,,GRCh37
NA18998,1000G,,GRCh37
NA18999,1000G,,GRCh37
NA19000,1000G,,GRCh37
NA19001,1000G,,GRCh37
NA19002,1000G,,GRCh37
NA19003,1000G,,GRCh37
NA19004,1000G,,GRCh37
NA19005,1000G,,GRCh37
NA19006,1000G,,GRCh37
NA19007,1000G,,GRCh37
NA19009,1000G,,GRCh37
NA19010,1000G,,GRCh37
NA19011,1000G,,GRCh37
NA19012,1000G,,GRCh37
NA19017,1000G,,GRCh37
NA19019,1000G,,GRCh37
NA19020,1000G,,GRCh37
NA19023,1000G,,GRCh37
NA19024,1000G,,GRCh37
NA19025,1000G,,GRCh37
NA19026,1000G,,GRCh37
NA19027,1000G,,GRCh37
NA19028,1000G,,GRCh37
NA19030,1000G,,GRCh37
NA19031,1000G,,GRCh37
NA19035,1000G,,GRCh37
NA19036,1000G,,GRCh37
NA19037,1000G,,GRCh37
NA19038,1000G,,GRCh37
NA19041,1000G,,GRCh37
NA19042,1000G,,GRCh37
NA19043,1000G,,GRCh37
NA19054,1000G,,GRCh37
NA19055,1000G,,GRCh37
NA19056,1000G,,GRCh37
NA19057,1000G,,GRCh37
NA19058,1000G,,GRCh37
NA19059,1000G,,GRCh37
NA19060,1000G,,GRCh37
NA19062,1000G,,GRCh37
NA19063,1000G,,GRCh37
NA19064,1000G,,GRCh37
NA19065,1000G,,GRCh37
NA19066,1000G,,GRCh37
NA19067,1000G,,GRCh37
NA19068,1000G,,GRCh37
NA19070,1000G,,GRCh37
NA19072,1000G,,GRCh37
NA19074,1000G,,GRCh37
NA19075,1000G,,GRCh37
NA19076,1000G,,GRCh37
NA19077,1000G,,GRCh37
NA19078,1000G,,GRCh37
NA19079,1000G,,GRCh37
NA19080,1000G,,GRCh37
NA19081,1000G,,GRCh37
NA19082,1000G,,GRCh37
NA19083,1000G,,GRCh37
NA19084,1000G,,GRCh37
NA19085,1000G,,GRCh37
NA19086,1000G,,GRCh37
NA19087,1000G,,GRCh37
NA19088,1000G,,GRCh37
NA19089,1000G,,GRCh37
NA19090,1000G,,GRCh37
NA19091,1000G,,GRCh37
NA19092,1000G,,GRCh37
NA19093,1000G,,GRCh37
NA19095,1000G,,GRCh37
NA19096,1000G,,GRCh37
NA19098,1000G,,GRCh37
NA19099,1000G,,GRCh37
NA19102,1000G,,GRCh37
NA19107,1000G,,GRCh37
NA19108,1000G,,GRCh37
NA19113,1000G,,GRCh37
NA19114,1000G,,GRCh37
NA19116,1000G,,GRCh37
NA19117,1000G,,GRCh37
NA19118,1000G,,GRCh37
NA19119,1000G,,GRCh37
NA19121,1000G,,GRCh37
NA19129,1000G,,GRCh37
NA19130,1000G,,GRCh37
NA19131,1000G,,GRCh37
NA19137,1000G,,GRCh37
NA19138,1000G,,GRCh37
NA19141,1000G,,GRCh37
NA19143,1000G,,GRCh37
NA19144,1000G,,GRCh37
NA19146,1000G,,GRCh37
NA19147,1000G,,GRCh37
NA19149,1000G,,GRCh37
NA19152,1000G,,GRCh37
NA19153,1000G,,GRCh37
NA19159,1000G,,GRCh37
NA19160,1000G,,GRCh37
NA19171,1000G,,GRCh37
NA19172,1000G,,GRCh37
NA19175,1000G,,GRCh37
NA19184,1000G,,GRCh37
NA19185,1000G,,GRCh37
NA19189,1000G,,GRCh37
NA19190,1000G,,GRCh37
NA19197,1000G,,GRCh37
NA19198,1000G,,GRCh37
NA19200,1000G,,GRCh37
NA19201,1000G,,GRCh37
NA19204,1000G,,GRCh37
NA19206,1000G,,GRCh37
NA19207,1000G,,GRCh37
NA19209,1000G,,GRCh37
NA19210,1000G,,GRCh37
NA19213,1000G,,GRCh37
NA19214,1000G,,GRCh37
NA19222,1000G,,GRCh37
NA19223,1000G,,GRCh37
NA19225,1000G,,GRCh37
NA19235,1000G,,GRCh37
NA19236,1000G,,GRCh37
NA19238,1000G,,GRCh37
NA19239,1000G,,GRCh37
NA19247,1000G,,GRCh37
NA19248,1000G,,GRCh37
NA19256,1000G,,GRCh37
NA19257,1000G,,GRCh37
NA19307,1000G,,GRCh37
NA19308,1000G,,GRCh37
NA19309,1000G,,GRCh37
NA19310,1000G,,GRCh37
NA19312,1000G,,GRCh37
NA19314,1000G,,GRCh37
NA19315,1000G,,GRCh37
NA19316,1000G,,GRCh37
NA19317,1000G,,GRCh37
NA19318,1000G,,GRCh37
NA19319,1000G,,GRCh37
NA19320,1000G,,GRCh37
NA19321,1000G,,GRCh37
NA19323,1000G,,GRCh37
NA19324,1000G,,GRCh37
NA19327,1000G,,GRCh37
NA19328,1000G,,GRCh37
NA19331,1000G,,GRCh37
NA19332,1000G,,GRCh37
NA19334,1000G,,GRCh37
NA19338,1000G,,GRCh37
NA19346,1000G,,GRCh37
NA19347,1000G,,GRCh37
NA19350,1000G,,GRCh37
NA19351,1000G,,GRCh37
NA19355,1000G,,GRCh37
NA19360,1000G,,GRCh37
NA19372,1000G,,GRCh37
NA19374,1000G,,GRCh37
NA19375,1000G,,GRCh37
NA19376,1000G,,GRCh37
NA19377,1000G,,GRCh37
NA19378,1000G,,GRCh37
NA19379,1000G,,GRCh37
NA19380,1000G,,GRCh37
NA19383,1000G,,GRCh37
NA19384,1000G,,GRCh37
NA19385,1000G,,GRCh37
NA19390,1000G,,GRCh37
NA19391,1000G,,GRCh37
NA19393,1000G,,GRCh37
NA19394,1000G,,GRCh37
NA19395,1000G,,GRCh37
NA19397,1000G,,GRCh37
NA19399,1000G,,GRCh37
NA19401,1000G,,GRCh37
NA19403,1000G,,GRCh37
NA19404,1000G,,GRCh37
NA19428,1000G,,GRCh37
NA19429,1000G,,GRCh37
NA19430,1000G,,GRCh37
NA19431,1000G,,GRCh37
NA19434,1000G,,GRCh37
NA19435,1000G,,GRCh37
NA19436,1000G,,GRCh37
NA19437,1000G,,GRCh37
NA19438,1000G,,GRCh37
NA19439,1000G,,GRCh37
NA19440,1000G,,GRCh37
NA19443,1000G,,GRCh37
NA19445,1000G,,GRCh37
NA19446,1000G,,GRCh37
NA19448,1000G,,GRCh37
NA19449,1000G,,GRCh37
NA19451,1000G,,GRCh37
NA19452,1000G,,GRCh37
NA19454,1000G,,GRCh37
NA19455,1000G,,GRCh37
NA19456,1000G,,GRCh37
NA19457,1000G,,GRCh37
NA19461,1000G,,GRCh37
NA19462,1000G,,GRCh37
NA19463,1000G,,GRCh37
NA19466,1000G,,GRCh37
NA19467,1000G,,GRCh37
NA19468,1000G,,GRCh37
NA19471,1000G,,GRCh37
NA19472,1000G,,GRCh37
NA19473,1000G,,GRCh37
NA19474,1000G,,GRCh37
NA19475,1000G,,GRCh37
NA19625,1000G,,GRCh37
NA19648,1000G,,GRCh37
NA19649,1000G,,GRCh37
NA19651,1000G,,GRCh37
NA19652,1000G,,GRCh37
NA19654,1000G,,GRCh37
NA19655,1000G,,GRCh37
NA19657,1000G,,GRCh37
NA19658,1000G,,GRCh37
NA19661,1000G,,GRCh37
NA19663,1000G,,GRCh37
NA19664,1000G,,GRCh37
NA19669,1000G,,GRCh37
NA19670,1000G,,GRCh37
NA19676,1000G,,GRCh37
NA19678,1000G,,GRCh37
NA19679,1000G,,GRCh37
NA19681,1000G,,GRCh37
NA19682,1000G,,GRCh37
NA19684,1000G,,GRCh37
NA19700,1000G,,GRCh37
NA19701,1000G,,GRCh37
NA19703,1000G,,GRCh37
NA19704,1000G,,GRCh37
NA19707,1000G,,GRCh37
NA19711,1000G,,GRCh37
NA19712,1000G,,GRCh37
NA19713,1000G,,GRCh37
NA19716,1000G,,GRCh37
NA19717,1000G,,GRCh37
NA19719,1000G,,GRCh37
NA19720,1000G,,GRCh37
NA19722,1000G,,GRCh37
NA19723,1000G,,GRCh37
NA19725,1000G,,GRCh37
NA19726,1000G,,GRCh37
NA19728,1000G,,GRCh37
NA19729,1000G,,GRCh37
NA19731,1000G,,GRCh37
NA19732,1000G,,GRCh37
NA19734,1000G,,GRCh37
NA19735,1000G,,GRCh37
NA19740,1000G,,GRCh37
NA19741,1000G,,GRCh37
NA19746,1000G,,GRCh37
NA19747,1000G,,GRCh37
NA19749,1000G,,GRCh37
NA19750,1000G,,GRCh37
NA19752,1000G,,GRCh37
NA19755,1000G,,GRCh37
NA19756,1000G,,GRCh37
NA19758,1000G,,GRCh37
NA19759,1000G,,GRCh37
NA19761,1000G,,GRCh37
NA19762,1000G,,GRCh37
NA19764,1000G,,GRCh37
NA19770,1000G,,GRCh37
NA19771,1000G,,GRCh37
NA19773,1000G,,GRCh37
NA19774,1000G,,GRCh37
NA19776,1000G,,GRCh37
NA19777,1000G,,GRCh37
NA19779,1000G,,GRCh37
NA19780,1000G,,GRCh37
NA19782,1000G,,GRCh37
NA19783,1000G,,GRCh37
NA19785,1000G,,GRCh37
NA19786,1000G,,GRCh37
NA19788,1000G,,GRCh37
NA19789,1000G,,GRCh37
NA19792,1000G,,GRCh37
NA19794,1000G,,GRCh37
NA19795,1000G,,GRCh37
NA19818,1000G,,GRCh37
NA19819,1000G,,GRCh37
NA19834,1000G,,GRCh37
NA19835,1000G,,GRCh37
NA19900,1000G,,GRCh37
NA19901,1000G,,GRCh37
NA19904,1000G,,GRCh37
NA19908,1000G,,GRCh37
NA19909,1000G,,GRCh37
NA19913,1000G,,GRCh37
NA19914,1000G,,GRCh37
NA19916,1000G,,GRCh37
NA19917,1000G,,GRCh37
NA19920,1000G,,GRCh37
NA19921,1000G,,GRCh37
NA19922,1000G,,GRCh37
NA19923,1000G,,GRCh37
NA19982,1000G,,GRCh37
NA19984,1000G,,GRCh37
NA20126,1000G,,GRCh37
NA20127,1000G,,GRCh37
NA20274,1000G,,GRCh37
NA20276,1000G,,GRCh37
NA20278,1000G,,GRCh37
NA20281,1000G,,GRCh37
NA20282,1000G,,GRCh37
NA20287,1000G,,GRCh37
NA20289,1000G,,GRCh37
NA20291,1000G,,GRCh37
NA20294,1000G,,GRCh37
NA20296,1000G,,GRCh37
NA20298,1000G,,GRCh37
NA20299,1000G,,GRCh37
NA20314,1000G,,GRCh37
NA20317,1000G,,GRCh37
NA20318,1000G,,GRCh37
NA20320,1000G,,GRCh37
NA20321,1000G,,GRCh37
NA20332,1000G,,GRCh37
NA20334,1000G,,GRCh37
NA20339,1000G,,GRCh37
NA20340,1000G,,GRCh37
NA20342,1000G,,GRCh37
NA20346,1000G,,GRCh37
NA20348,1000G,,GRCh37
NA20351,1000G,,GRCh37
NA20355,1000G,,GRCh37
NA20356,1000G,,GRCh37
NA20357,1000G,,GRCh37
NA20359,1000G,,GRCh37
NA20362,1000G,,GRCh37
NA20412,1000G,,GRCh37
NA20502,1000G,,GRCh37
NA20503,1000G,,GRCh37
NA20504,1000G,,GRCh37
NA20505,1000G,,GRCh37
NA20506,1000G,,GRCh37
NA20507,1000G,,GRCh37
NA20508,1000G,,GRCh37
NA20509,1000G,,GRCh37
NA20510,1000G,,GRCh37
NA20511,1000G,,GRCh37
NA20512,1000G,,GRCh37
NA20513,1000G,,GRCh37
NA20514,1000G,,GRCh37
NA20515,1000G,,GRCh37
NA20516,1000G,,GRCh37
NA20517,1000G,,GRCh37
NA20518,1000G,,GRCh37
NA20519,1000G,,GRCh37
NA20520,1000G,,GRCh37
NA20521,1000G,,GRCh37
NA20522,1000G,,GRCh37
NA20524,1000G,,GRCh37
NA20525,1000G,,GRCh37
NA20527,1000G,,GRCh37
NA20528,1000G,,GRCh37
NA20529,1000G,,GRCh37
NA20530,1000G,,GRCh37
NA20531,1000G,,GRCh37
NA20532,1000G,,GRCh37
NA20533,1000G,,GRCh37
NA20534,1000G,,GRCh37
NA20535,1000G,,GRCh37
NA20536,1000G,,GRCh37
NA20538,1000G,,GRCh37
NA20539,1000G,,GRCh37
NA20540,1000G,,GRCh37
NA20541,1000G,,GRCh37
NA20542,1000G,,GRCh37
NA20543,1000G,,GRCh37
NA20544,1000G,,GRCh37
NA20581,1000G,,GRCh37
NA20582,1000G,,GRCh37
NA20585,1000G,,GRCh37
NA20586,1000G,,GRCh37
NA20587,1000G,,GRCh37
NA20588,1000G,,GRCh37
NA20589,1000G,,GRCh37
NA20752,1000G,,GRCh37
NA20753,1000G,,GRCh37
NA20754,1000G,,GRCh37
NA20755,1000G,,GRCh37
NA20756,1000G,,GRCh37
NA20757,1000G,,GRCh37
NA20758,1000G,,GRCh37
NA20759,1000G,,GRCh37
NA20760,1000G,,GRCh37
NA20761,1000G,,GRCh37
NA20762,1000G,,GRCh37
NA20763,1000G,,GRCh37
NA20764,1000G,,GRCh37
NA20765,1000G,,GRCh37
NA20766,1000G,,GRCh37
NA20767,1000G,,GRCh37
NA20768,1000G,,GRCh37
NA20769,1000G,,GRCh37
NA20770,1000G,,GRCh37
NA20771,1000G,,GRCh37
NA20772,1000G,,GRCh37
NA20773,1000G,,GRCh37
NA20774,1000G,,GRCh37
NA20775,1000G,,GRCh37
NA20778,1000G,,GRCh37
NA20783,1000G,,GRCh37
NA20785,1000G,,GRCh37
NA20786,1000G,,GRCh37
NA20787,1000G,,GRCh37
NA20790,1000G,,GRCh37
NA20792,1000G,,GRCh37
NA20795,1000G,,GRCh37
NA20796,1000G,,GRCh37
NA20797,1000G,,GRCh37
NA20798,1000G,,GRCh37
NA20799,1000G,,GRCh37
NA20800,1000G,,GRCh37
NA20801,1000G,,GRCh37
NA20802,1000G,,GRCh37
NA20803,1000G,,GRCh37
NA20804,1000G,,GRCh37
NA20805,1000G,,GRCh37
NA20806,1000G,,GRCh37
NA20807,1000G,,GRCh37
NA20808,1000G,,GRCh37
NA20809,1000G,,GRCh37
NA20810,1000G,,GRCh37
NA20811,1000G,,GRCh37
NA20812,1000G,,GRCh37
NA20813,1000G,,GRCh37
NA20814,1000G,,GRCh37
NA20815,1000G,,GRCh37
NA20818,1000G,,GRCh37
NA20819,1000G,,GRCh37
NA20821,1000G,,GRCh37
NA20822,1000G,,GRCh37
NA20826,1000G,,GRCh37
NA20827,1000G,,GRCh37
NA20828,1000G,,GRCh37
NA20832,1000G,,GRCh37
NA20845,1000G,,GRCh37
NA20846,1000G,,GRCh37
NA20847,1000G,,GRCh37
NA20849,1000G,,GRCh37
NA20850,1000G,,GRCh37
NA20851,1000G,,GRCh37
NA20852,1000G,,GRCh37
NA20853,1000G,,GRCh37
NA20854,1000G,,GRCh37
NA20856,1000G,,GRCh37
NA20858,1000G,,GRCh37
NA20859,1000G,,GRCh37
NA20861,1000G,,GRCh37
NA20862,1000G,,GRCh37
NA20863,1000G,,GRCh37
NA20864,1000G,,GRCh37
NA20866,1000G,,GRCh37
NA20867,1000G,,GRCh37
NA20868,1000G,,GRCh37
NA20869,1000G,,GRCh37
NA20870,1000G,,GRCh37
NA20872,1000G,,GRCh37
NA20874,1000G,,GRCh37
NA20875,1000G,,GRCh37
NA20876,1000G,,GRCh37
NA20877,1000G,,GRCh37
NA20878,1000G,,GRCh37
NA20881,1000G,,GRCh37
NA20882,1000G,,GRCh37
NA20884,1000G,,GRCh37
NA20885,1000G,,GRCh37
NA20886,1000G,,GRCh37
NA20887,1000G,,GRCh37
NA20888,1000G,,GRCh37
NA20889,1000G,,GRCh37
NA20890,1000G,,GRCh37
NA20891,1000G,,GRCh37
NA20892,1000G,,GRCh37
NA20894,1000G,,GRCh37
NA20895,1000G,,GRCh37
NA20896,1000G,,GRCh37
NA20897,1000G,,GRCh37
NA20899,1000G,,GRCh37
NA20900,1000G,,GRCh37
NA20901,1000G,,GRCh37
NA20902,1000G,,GRCh37
NA20903,1000G,,GRCh37
NA20904,1000G,,GRCh37
NA20905,1000G,,GRCh37
NA20906,1000G,,GRCh37
NA20908,1000G,,GRCh37
NA20910,1000G,,GRCh37
NA20911,1000G,,GRCh37
NA21086,1000G,,GRCh37
NA21087,1000G,,GRCh37
NA21088,1000G,,GRCh37
NA21089,1000G,,GRCh37
NA21090,1000G,,GRCh37
NA21091,1000G,,GRCh37
NA21092,1000G,,GRCh37
NA21093,1000G,,GRCh37
NA21094,1000G,,GRCh37
NA21095,1000G,,GRCh37
NA21097,1000G,,GRCh37
NA21098,1000G,,GRCh37
NA21099,1000G,,GRCh37
NA21100,1000G,,GRCh37
NA21101,1000G,,GRCh37
NA21102,1000G,,GRCh37
NA21103,1000G,,GRCh37
NA21104,1000G,,GRCh37
NA21105,1000G,,GRCh37
NA21106,1000G,,GRCh37
NA21107,1000G,,GRCh37
NA21108,1000G,,GRCh37
NA21109,1000G,,GRCh37
NA21110,1000G,,GRCh37
NA21111,1000G,,GRCh37
NA21112,1000G,,GRCh37
NA21113,1000G,,GRCh37
NA21114,1000G,,GRCh37
NA21115,1000G,,GRCh37
NA21116,1000G,,GRCh37
NA21117,1000G,,GRCh37
NA21118,1000G,,GRCh37
NA21119,1000G,,GRCh37
NA21120,1000G,,GRCh37
NA21122,1000G,,GRCh37
NA21123,1000G,,GRCh37
NA21124,1000G,,GRCh37
NA21125,1000G,,GRCh37
NA21126,1000G,,GRCh37
NA21127,1000G,,GRCh37
NA21128,1000G,,GRCh37
NA21129,1000G,,GRCh37
NA21130,1000G,,GRCh37
NA21133,1000G,,GRCh37
NA21135,1000G,,GRCh37
NA21137,1000G,,GRCh37
NA21141,1000G,,GRCh37
NA21142,1000G,,GRCh37
NA21143,1000G,,GRCh37
NA21144,1000G,,GRCh37