ID	POS	REF	ALT	GBR	FIN	CHS	PUR	CDX	CLM	IBS	PEL	PJL	KHV	ACB	GWD	ESN	BEB	MSL	STU	ITU	CEU	YRI	CHB	JPT	LWK	ASW	MXL	TSI	GIH
rs543836249	40842851	A	C	0.0	0.0	0.009523809523809525	0.0	0.0	0.0	0.0	0.0	0.0	0.005050505050505051	0.0	0.0	0.0	0.0	0.0	0.0	0.0	0.0	0.0	0.0048543689320388345	0.004807692307692308	0.0	0.0	0.0	0.0	0.0
rs562332230	40842865	A	G	0.0	0.0	0.0	0.0	0.0	0.0	0.004672897196261682	0.0	0.0	0.0	0.0	0.0	0.0	0.0	0.0	0.0	0.0	0.0	0.0	0.0	0.0	0.0	0.0	0.0	0.0	0.0
rs533300583	40842866	T	C	0.0	0.0	0.0	0.004807692307692308	0.0	0.0	0.0	0.0	0.0	0.0	0.0	0.0	0.0	0.0	0.0	0.0	0.0	0.0	0.0	0.0	0.0	0.0	0.0	0.0	0.0	0.0
rs551384469	40843111	C	T	0.0	0.0	0.0	0.0	0.0	0.031914893617021274	0.0	0.052941176470588235	0.0	0.0	0.0	0.0	0.0	0.0	0.0	0.0	0.0	0.0	0.0	0.0	0.014423076923076924	0.0	0.0	0.0234375	0.0	0.0
rs2259217	40843328	A	G	0.01098901098901099	0.0	0.17142857142857143	0.0	0.11290322580645161	0.0	0.009345794392523364	0.0	0.005208333333333333	0.09090909090909091	0.0	0.0	0.0	0.01744186046511628	0.0058823529411764705	0.004901960784313725	0.0	0.0	0.0	0.16019417475728157	0.19230769230769232	0.0	0.0	0.0	0.004672897196261682	0.0
rs2259219	40843345	C	G	0.06593406593406594	0.12121212121212122	0.03333333333333333	0.04326923076923077	0.05913978494623656	0.015957446808510637	0.09345794392523364	0.011764705882352941	0.08333333333333333	0.045454545454545456	0.09895833333333333	0.08849557522123894	0.045454545454545456	0.040697674418604654	0.09411764705882353	0.05392156862745098	0.04411764705882353	0.05555555555555555	0.06481481481481481	0.024271844660194174	0.0	0.15151515151515152	0.11475409836065574	0.0234375	0.0794392523364486	0.043689320388349516
rs2431412	40843354	A	G	0.10989010989010989	0.15151515151515152	0.03333333333333333	0.11057692307692307	0.05913978494623656	0.031914893617021274	0.14953271028037382	0.03529411764705882	0.15104166666666666	0.045454545454545456	0.09895833333333333	0.08849557522123894	0.045454545454545456	0.06976744186046512	0.09411764705882353	0.09803921568627451	0.0784313725490196	0.10606060606060606	0.06481481481481481	0.024271844660194174	0.0	0.15151515151515152	0.12295081967213115	0.046875	0.14018691588785046	0.13106796116504854
rs183581274	40843383	A	T	0.0	0.0	0.0	0.0	0.0	0.0	0.0	0.0	0.0	0.0	0.0	0.0	0.0	0.0	0.0	0.0	0.0	0.005050505050505051	0.0	0.0	0.0	0.0	0.0	0.0	0.0	0.0
rs72549453	40843438	T	C	0.01098901098901099	0.020202020202020204	0.0	0.004807692307692308	0.0	0.005319148936170213	0.014018691588785047	0.0	0.015625	0.005050505050505051	0.0	0.0	0.0	0.011627906976744186	0.0	0.0	0.00980392156862745	0.015151515151515152	0.0	0.0	0.0	0.0	0.00819672131147541	0.0	0.009345794392523364	0.009708737864077669
rs146895354	40843446	C	G	0.0	0.0	0.0	0.0	0.0	0.0	0.0	0.0	0.0	0.0	0.0	0.0	0.0	0.0	0.0	0.0	0.0	0.0	0.0	0.0	0.009615384615384616	0.0	0.0	0.0	0.0	0.0
rs138956819	40843507	G	A	0.0	0.0	0.0	0.0	0.0	0.0	0.0	0.0	0.0	0.0	0.0	0.0	0.0	0.0	0.0	0.0	0.0	0.0	0.0	0.0	0.0	0.0	0.0	0.0	0.0	0.0
rs569152950	40843552	G	A	0.0	0.0	0.004761904761904762	0.0	0.0	0.0	0.0	0.0	0.0	0.0	0.0	0.0	0.0	0.0	0.0	0.0	0.0	0.0	0.0	0.0	0.0	0.0	0.0	0.0	0.0	0.0
rs192752442	40843567	C	G	0.0	0.0	0.0	0.0	0.0	0.005319148936170213	0.0	0.0	0.0	0.0	0.0	0.0	0.0	0.0	0.0	0.0	0.0	0.005050505050505051	0.0	0.0	0.0	0.0	0.0	0.0	0.014018691588785047	0.0
rs558177610	40843603	C	T	0.0	0.0	0.0	0.0	0.0	0.0	0.0	0.0	0.0	0.0	0.0	0.0	0.0	0.0	0.0	0.0	0.0	0.0	0.0	0.0	0.0	0.0	0.0	0.0	0.004672897196261682	0.0
rs573167674	40843628	T	C	0.0	0.0	0.0	0.0	0.0	0.0	0.0	0.0	0.0	0.005050505050505051	0.0	0.0	0.0	0.0	0.0	0.0	0.0	0.0	0.0	0.0	0.0	0.0	0.0	0.0	0.0	0.0
rs8192733	40843645	G	C	0.521978021978022	0.5404040404040404	0.5571428571428572	0.46634615384615385	0.532258064516129	0.4627659574468085	0.4953271028037383	0.7058823529411765	0.4114583333333333	0.5909090909090909	0.23958333333333334	0.24336283185840707	0.26262626262626265	0.45930232558139533	0.28823529411764703	0.46078431372549017	0.4215686274509804	0.5303030303030303	0.3055555555555556	0.47572815533980584	0.6538461538461539	0.2676767676767677	0.3442622950819672	0.609375	0.48598130841121495	0.4320388349514563
chr19:41349573T-C	40843668	T	C	0.0	0.0	0.0	0.0	0.0	0.0	0.0	0.0	0.0	0.0	0.0	0.0	0.0	0.0	0.0	0.0	0.0	0.0	0.0	0.0	0.0	0.0	0.0	0.0	0.0	0.0
rs28399481	40843693	C	G	0.04945054945054945	0.030303030303030304	0.14285714285714285	0.07692307692307693	0.11290322580645161	0.10638297872340426	0.018691588785046728	0.18823529411764706	0.057291666666666664	0.15656565656565657	0.005208333333333333	0.022123893805309734	0.0	0.0755813953488372	0.011764705882352941	0.08333333333333333	0.049019607843137254	0.030303030303030304	0.013888888888888888	0.10679611650485436	0.21634615384615385	0.005050505050505051	0.00819672131147541	0.109375	0.06542056074766354	0.05339805825242718
rs142901606	40843696	T	C	0.0	0.0	0.0	0.0	0.0	0.0	0.0	0.0	0.0	0.0	0.0	0.0	0.0	0.0	0.0	0.0	0.0	0.0	0.0	0.0	0.0	0.005050505050505051	0.0	0.0	0.0	0.0
rs28399480	40843698	C	T	0.04945054945054945	0.030303030303030304	0.1380952380952381	0.07692307692307693	0.11290322580645161	0.10638297872340426	0.018691588785046728	0.18823529411764706	0.057291666666666664	0.15656565656565657	0.005208333333333333	0.022123893805309734	0.0	0.06976744186046512	0.011764705882352941	0.09803921568627451	0.049019607843137254	0.030303030303030304	0.013888888888888888	0.10679611650485436	0.21634615384615385	0.005050505050505051	0.00819672131147541	0.109375	0.06542056074766354	0.05339805825242718
rs28399479	40843700	G	C	0.04945054945054945	0.030303030303030304	0.1380952380952381	0.07692307692307693	0.11290322580645161	0.10638297872340426	0.018691588785046728	0.18823529411764706	0.057291666666666664	0.15656565656565657	0.005208333333333333	0.022123893805309734	0.0	0.06976744186046512	0.011764705882352941	0.08823529411764706	0.049019607843137254	0.030303030303030304	0.013888888888888888	0.10679611650485436	0.21634615384615385	0.005050505050505051	0.00819672131147541	0.109375	0.06542056074766354	0.05339805825242718
rs28399478	40843707	G	T	0.04945054945054945	0.030303030303030304	0.1380952380952381	0.07692307692307693	0.11290322580645161	0.10638297872340426	0.018691588785046728	0.18823529411764706	0.057291666666666664	0.16161616161616163	0.005208333333333333	0.022123893805309734	0.0	0.0755813953488372	0.011764705882352941	0.08823529411764706	0.049019607843137254	0.045454545454545456	0.013888888888888888	0.10679611650485436	0.21634615384615385	0.005050505050505051	0.00819672131147541	0.109375	0.06542056074766354	0.05339805825242718
rs7248240	40843735	G	C	0.33516483516483514	0.5303030303030303	0.6285714285714286	0.5336538461538461	0.489247311827957	0.5319148936170213	0.40654205607476634	0.6176470588235294	0.4947916666666667	0.5454545454545454	0.6614583333333334	0.672566371681416	0.803030303030303	0.38372093023255816	0.6529411764705882	0.39215686274509803	0.3382352941176471	0.3787878787878788	0.7453703703703703	0.5339805825242718	0.6586538461538461	0.8232323232323232	0.7459016393442623	0.6015625	0.4485981308411215	0.4563106796116505
rs560208518	40843748	C	G	0.03296703296703297	0.03535353535353535	0.12380952380952381	0.0625	0.11290322580645161	0.11170212765957446	0.02336448598130841	0.17058823529411765	0.046875	0.15151515151515152	0.005208333333333333	0.004424778761061947	0.0	0.05232558139534884	0.01764705882352941	0.07352941176470588	0.049019607843137254	0.025252525252525252	0.004629629629629629	0.10679611650485436	0.1875	0.010101010101010102	0.00819672131147541	0.109375	0.04672897196261682	0.038834951456310676
rs527558515	40843756	C	T	0.0	0.0	0.0	0.0	0.0	0.0	0.0	0.0	0.0	0.0	0.0	0.008849557522123894	0.0	0.0	0.0	0.0	0.0	0.0	0.0	0.0	0.0	0.0	0.0	0.0	0.0	0.0
rs776763346	40843773	A	C	0.0	0.0	0.0	0.0	0.0	0.0	0.0	0.0	0.0	0.0	0.0	0.0	0.0	0.0	0.0	0.0	0.0	0.0	0.0	0.0	0.0	0.0	0.0	0.0	0.0	0.0
rs72549450	40843841	A	G	0.0	0.0	0.0	0.0	0.0	0.0	0.0	0.0	0.0	0.0	0.0	0.0	0.0	0.0	0.0	0.0	0.0	0.0	0.0	0.0	0.0	0.0	0.0	0.0	0.0	0.0
rs6413474	40843854	T	C	0.027472527472527472	0.010101010101010102	0.0	0.004807692307692308	0.0	0.010638297872340425	0.009345794392523364	0.0058823529411764705	0.010416666666666666	0.0	0.0	0.0	0.0	0.005813953488372093	0.0	0.00980392156862745	0.00980392156862745	0.005050505050505051	0.0	0.0	0.0	0.0	0.0	0.0	0.009345794392523364	0.0048543689320388345
rs561053481	40843858	G	A	0.0	0.0	0.0	0.0	0.0	0.0	0.0	0.0	0.0	0.0	0.0	0.0	0.0	0.005813953488372093	0.0	0.004901960784313725	0.0	0.0	0.0	0.0	0.0	0.0	0.0	0.0	0.0	0.0
rs529455023	40843868	A	G	0.0	0.0	0.0	0.0	0.0	0.0	0.0	0.0	0.0	0.005050505050505051	0.0	0.0	0.0	0.0	0.0	0.0	0.0	0.0	0.0	0.0	0.0	0.0	0.0	0.0	0.0	0.0
rs550797906	40843871	G	A	0.0	0.0	0.0	0.0	0.0	0.0	0.0	0.0	0.0	0.005050505050505051	0.0	0.0	0.0	0.0	0.0	0.0	0.0	0.0	0.0	0.0	0.0	0.0	0.0	0.0	0.0	0.0
rs569294454	40843907	C	T	0.0	0.0	0.0	0.0	0.0	0.0	0.0	0.0	0.0	0.005050505050505051	0.0	0.0	0.0	0.0	0.0	0.0	0.0	0.0	0.0	0.0	0.0	0.0	0.0	0.0	0.0	0.0
rs539466327	40843961	G	A	0.0	0.0	0.0	0.0	0.0	0.0	0.0	0.0	0.0	0.005050505050505051	0.0	0.0	0.0	0.0	0.0	0.0	0.0	0.0	0.0	0.0	0.0	0.005050505050505051	0.0	0.0	0.0	0.0
rs143731390	40843969	T	A	0.0	0.0	0.0	0.0	0.0	0.0	0.0	0.0	0.0	0.0	0.0	0.0	0.0	0.0	0.0	0.0	0.0	0.0	0.0	0.0	0.0	0.0	0.0	0.0	0.0	0.0
rs551723740	40843983	G	T	0.0	0.0	0.0	0.0	0.0	0.0	0.0	0.0	0.0	0.0	0.005208333333333333	0.0	0.0	0.0	0.0	0.0	0.0	0.0	0.0	0.0	0.0	0.0	0.0	0.0	0.0	0.0
rs370819234	40844037	A	G	0.0	0.0	0.0	0.009615384615384616	0.0	0.0	0.0	0.0	0.0	0.0	0.0	0.0	0.005050505050505051	0.0	0.0058823529411764705	0.0	0.0	0.005050505050505051	0.018518518518518517	0.0	0.0	0.010101010101010102	0.0	0.0	0.0	0.0
rs373949046	40844038	G	C	0.09340659340659341	0.20202020202020202	0.14761904761904762	0.0625	0.13978494623655913	0.0851063829787234	0.08878504672897196	0.052941176470588235	0.17708333333333334	0.0707070707070707	0.08854166666666667	0.1415929203539823	0.06060606060606061	0.13953488372093023	0.07647058823529412	0.1323529411764706	0.13725490196078433	0.08585858585858586	0.12037037037037036	0.1262135922330097	0.11538461538461539	0.13636363636363635	0.09016393442622951	0.0546875	0.12149532710280374	0.1553398058252427
rs555584221	40844042	C	A	0.0	0.0	0.0	0.0	0.0	0.0	0.0	0.0	0.0	0.0	0.0	0.0	0.005050505050505051	0.0	0.0058823529411764705	0.0	0.0	0.0	0.018518518518518517	0.0	0.0	0.010101010101010102	0.0	0.0	0.0	0.0
rs573895636	40844065	A	G	0.0	0.0	0.0	0.0	0.0	0.0	0.0	0.0	0.0	0.005050505050505051	0.0	0.0	0.0	0.0	0.0	0.0	0.0	0.0	0.0	0.0	0.0	0.0	0.0	0.0	0.0	0.0
rs2431413	40844073	A	G	0.04945054945054945	0.13636363636363635	0.26666666666666666	0.1201923076923077	0.1881720430107527	0.12234042553191489	0.056074766355140186	0.09411764705882353	0.22395833333333334	0.22727272727272727	0.078125	0.12389380530973451	0.23232323232323232	0.16279069767441862	0.15294117647058825	0.12745098039215685	0.14705882352941177	0.05555555555555555	0.18055555555555555	0.28640776699029125	0.28365384615384615	0.16666666666666666	0.18032786885245902	0.1015625	0.07476635514018691	0.2087378640776699
rs527665782	40844093	G	A	0.0	0.0	0.0	0.0	0.0	0.0	0.0	0.0	0.010416666666666666	0.0	0.0	0.0	0.0	0.0	0.0	0.004901960784313725	0.0	0.0	0.0	0.0	0.0	0.0	0.0	0.0	0.0	0.0
rs577637465	40844099	G	C	0.0	0.0	0.0	0.0	0.0	0.0	0.009345794392523364	0.0	0.0	0.0	0.0	0.0	0.0	0.0	0.0	0.0	0.0	0.0	0.0	0.0	0.0	0.0	0.0	0.0	0.0	0.0
rs544703198	40844129	C	T	0.0	0.0	0.0	0.0	0.0	0.005319148936170213	0.0	0.0	0.0	0.0	0.0	0.0	0.0	0.0	0.0	0.0	0.0	0.0	0.0	0.0	0.0	0.0	0.0	0.0	0.0	0.0
rs560172971	40844151	A	T	0.0	0.0	0.0	0.0	0.0	0.0	0.0	0.0	0.0	0.0	0.0	0.0	0.0	0.0	0.0	0.0	0.0	0.0	0.0	0.0	0.004807692307692308	0.0	0.0	0.0	0.0	0.0
rs572409121	40844181	T	C	0.0	0.0	0.0	0.0	0.0	0.0	0.0	0.0	0.0	0.0	0.0	0.0	0.0	0.0	0.0	0.0	0.0	0.0	0.0	0.0	0.0	0.0	0.0	0.0	0.004672897196261682	0.0
rs542939658	40844193	A	G	0.0	0.0	0.0	0.0	0.0	0.0	0.0	0.0	0.0	0.0	0.0	0.0	0.0	0.0	0.0058823529411764705	0.0	0.0	0.0	0.0	0.0	0.0	0.0	0.0	0.0	0.0	0.0
rs561117972	40844268	A	T	0.0	0.0	0.0	0.0	0.0	0.0	0.0	0.0	0.0	0.0	0.0	0.0	0.0	0.0	0.0	0.0	0.0	0.0	0.0	0.0	0.0	0.0	0.0	0.0	0.0	0.019417475728155338
rs531414040	40844286	G	T	0.0	0.0	0.0	0.0	0.0	0.0	0.0	0.0	0.0	0.0	0.005208333333333333	0.0	0.0	0.0	0.0	0.0	0.0	0.0	0.0	0.0	0.0	0.0	0.0	0.0	0.0	0.0
rs549914213	40844306	A	G	0.0	0.0	0.0	0.0	0.0	0.0	0.0	0.0	0.0	0.0	0.0	0.0	0.0	0.0	0.0	0.0	0.0	0.005050505050505051	0.0	0.0	0.0	0.0	0.0	0.0	0.0	0.0
rs145026630	40844312	G	A	0.0	0.0	0.0	0.0	0.0	0.0	0.0	0.0	0.0	0.0	0.0	0.004424778761061947	0.020202020202020204	0.0	0.0	0.0	0.0	0.0	0.013888888888888888	0.0	0.0	0.0	0.01639344262295082	0.0	0.0	0.0
rs533443716	40844367	A	G	0.005494505494505495	0.0	0.0	0.0	0.0	0.010638297872340425	0.004672897196261682	0.0	0.026041666666666668	0.0	0.0	0.0	0.0	0.011627906976744186	0.0	0.014705882352941176	0.0196078431372549	0.0	0.0	0.0	0.0	0.0	0.0	0.0	0.0	0.019417475728155338
rs551519233	40844379	G	C	0.0	0.0	0.0	0.004807692307692308	0.005376344086021506	0.0	0.0	0.0	0.0	0.0	0.0	0.0	0.0	0.0	0.0	0.0	0.0	0.0	0.0	0.0	0.0	0.0	0.0	0.0	0.0	0.0
rs566521623	40844444	A	C	0.0	0.005050505050505051	0.0	0.0	0.0	0.0	0.0	0.0	0.0	0.0	0.0	0.0	0.0	0.0	0.0	0.004901960784313725	0.004901960784313725	0.0	0.0	0.0	0.0	0.0	0.0	0.015625	0.0	0.0
rs534270874	40844534	T	G	0.0	0.0	0.0	0.004807692307692308	0.0	0.0	0.004672897196261682	0.0	0.0	0.0	0.0	0.0	0.0	0.0	0.0	0.0	0.0	0.0	0.0	0.0	0.0	0.0	0.0	0.0	0.004672897196261682	0.0
rs186833314	40844543	A	T	0.0	0.0	0.0	0.0	0.0	0.005319148936170213	0.0	0.0	0.0	0.0	0.0	0.0	0.0	0.0	0.0	0.0	0.0	0.0	0.0	0.0	0.0	0.0	0.0	0.0	0.0	0.0
rs567580611	40844555	C	T	0.0	0.0	0.004761904761904762	0.0	0.0	0.0	0.0	0.0	0.0	0.0	0.0	0.0	0.0	0.0	0.0	0.0	0.0	0.0	0.0	0.0	0.0	0.0	0.0	0.0	0.0	0.0
rs72549446	40844570	A	T	0.0	0.0	0.0	0.0	0.0	0.0	0.0	0.0	0.005208333333333333	0.0	0.015625	0.004424778761061947	0.005050505050505051	0.011627906976744186	0.023529411764705882	0.004901960784313725	0.00980392156862745	0.0	0.013888888888888888	0.0	0.0	0.0	0.0	0.0	0.0	0.0
rs2002975	40844584	C	G	0.06593406593406594	0.12121212121212122	0.0380952380952381	0.04326923076923077	0.05913978494623656	0.015957446808510637	0.08878504672897196	0.011764705882352941	0.09375	0.050505050505050504	0.078125	0.084070796460177	0.03535353535353535	0.06976744186046512	0.08235294117647059	0.058823529411764705	0.04411764705882353	0.05555555555555555	0.05092592592592592	0.024271844660194174	0.0	0.13636363636363635	0.07377049180327869	0.0234375	0.0794392523364486	0.04854368932038835
rs571285801	40844597	A	C	0.0	0.0	0.0	0.0	0.0	0.0	0.0	0.0	0.0	0.0	0.0	0.0	0.0	0.0	0.0	0.004901960784313725	0.004901960784313725	0.0	0.0	0.0	0.0	0.0	0.0	0.0	0.0	0.0
rs113368210	40844600	C	A	0.0	0.0	0.0	0.0	0.0	0.0	0.004672897196261682	0.0	0.0	0.0	0.005208333333333333	0.0	0.0	0.0	0.0	0.0	0.0	0.0	0.004629629629629629	0.0	0.0	0.0	0.0	0.0	0.0	0.0
rs56164728	40844602	T	C	0.0	0.0	0.0	0.02403846153846154	0.0	0.02127659574468085	0.0	0.0	0.0	0.0	0.19270833333333334	0.1902654867256637	0.16161616161616163	0.0	0.2235294117647059	0.0	0.0	0.0	0.18981481481481483	0.0	0.0	0.10101010101010101	0.09836065573770492	0.0	0.0	0.0
rs2002976	40844604	G	A	0.054945054945054944	0.10101010101010101	0.0380952380952381	0.02403846153846154	0.05913978494623656	0.010638297872340425	0.08411214953271028	0.011764705882352941	0.057291666666666664	0.045454545454545456	0.010416666666666666	0.0	0.0	0.023255813953488372	0.0	0.05392156862745098	0.0392156862745098	0.050505050505050504	0.0	0.024271844660194174	0.0	0.0	0.00819672131147541	0.015625	0.06074766355140187	0.043689320388349516
rs373592802	40844622	G	C	0.0	0.0	0.0	0.0	0.0	0.0	0.0	0.0	0.0	0.0	0.0	0.004424778761061947	0.0	0.0	0.0	0.0	0.0	0.0	0.004629629629629629	0.0	0.0	0.0	0.0	0.0	0.0	0.0
rs554920226	40844670	G	T	0.0	0.0	0.0	0.0	0.0	0.0	0.0	0.0	0.0	0.0	0.0	0.0	0.010101010101010102	0.0	0.0	0.0	0.0	0.0	0.0	0.0	0.0	0.0	0.0	0.0	0.0	0.0
rs28399463	40844682	T	C	0.0	0.0	0.0	0.004807692307692308	0.0	0.0	0.0	0.0	0.0	0.0	0.010416666666666666	0.022123893805309734	0.025252525252525252	0.0	0.041176470588235294	0.004901960784313725	0.0	0.0	0.032407407407407406	0.0	0.0	0.04040404040404041	0.00819672131147541	0.0078125	0.0	0.0
rs2002977	40844689	G	A	0.06593406593406594	0.12121212121212122	0.04285714285714286	0.04807692307692308	0.05913978494623656	0.015957446808510637	0.09345794392523364	0.011764705882352941	0.09895833333333333	0.045454545454545456	0.09375	0.11061946902654868	0.07575757575757576	0.040697674418604654	0.12941176470588237	0.06372549019607843	0.049019607843137254	0.05555555555555555	0.08796296296296297	0.02912621359223301	0.0	0.1919191919191919	0.11475409836065574	0.03125	0.0794392523364486	0.04854368932038835
rs143336165	40844695	G	A	0.0	0.0	0.014285714285714285	0.0	0.016129032258064516	0.0	0.0	0.0	0.0	0.030303030303030304	0.0	0.0	0.0	0.0	0.0	0.0	0.0	0.0	0.0	0.0048543689320388345	0.009615384615384616	0.0	0.0	0.0	0.0	0.0
rs371553133	40844706	C	A	0.0	0.0	0.0	0.0	0.0	0.0	0.0	0.0	0.0	0.0	0.0	0.0	0.0	0.0	0.0	0.0	0.0	0.0	0.0	0.0	0.0	0.0	0.0	0.0	0.0	0.0
rs28399462	40844710	G	A	0.016483516483516484	0.010101010101010102	0.0	0.057692307692307696	0.0	0.026595744680851064	0.028037383177570093	0.011764705882352941	0.010416666666666666	0.0	0.203125	0.1902654867256637	0.16161616161616163	0.005813953488372093	0.2235294117647059	0.004901960784313725	0.004901960784313725	0.030303030303030304	0.2037037037037037	0.0	0.0	0.12626262626262627	0.09836065573770492	0.0234375	0.02336448598130841	0.024271844660194174
rs56314118	40844725	A	G	0.005494505494505495	0.0	0.0	0.004807692307692308	0.0	0.005319148936170213	0.014018691588785047	0.0058823529411764705	0.0	0.0	0.005208333333333333	0.0	0.0	0.0	0.0	0.0	0.0	0.005050505050505051	0.0	0.0	0.0	0.0	0.0	0.0	0.009345794392523364	0.0
rs560168395	40844740	C	T	0.0	0.0	0.0	0.0	0.0	0.0	0.0	0.0	0.0	0.0	0.0	0.0	0.0	0.0	0.0	0.0	0.0	0.0	0.0	0.0	0.0	0.0	0.0	0.0	0.004672897196261682	0.0
rs28399461	40844743	A	G	0.01098901098901099	0.0	0.01904761904761905	0.028846153846153848	0.005376344086021506	0.031914893617021274	0.02336448598130841	0.011764705882352941	0.010416666666666666	0.0	0.125	0.2079646017699115	0.1717171717171717	0.011627906976744186	0.11764705882352941	0.004901960784313725	0.004901960784313725	0.005050505050505051	0.1574074074074074	0.019417475728155338	0.004807692307692308	0.13131313131313133	0.09016393442622951	0.0390625	0.014018691588785047	0.0048543689320388345
rs1809810	40844759	T	A	0.02197802197802198	0.025252525252525252	0.004761904761904762	0.014423076923076924	0.010752688172043012	0.02127659574468085	0.014018691588785047	0.011764705882352941	0.036458333333333336	0.020202020202020204	0.005208333333333333	0.004424778761061947	0.0	0.01744186046511628	0.01764705882352941	0.0196078431372549	0.024509803921568627	0.005050505050505051	0.004629629629629629	0.009708737864077669	0.009615384615384616	0.010101010101010102	0.0	0.015625	0.014018691588785047	0.014563106796116505
rs59389036	40844767	G	A	0.005494505494505495	0.0	0.004761904761904762	0.0	0.005376344086021506	0.0	0.0	0.0	0.0	0.0	0.0	0.0	0.0	0.0	0.0	0.0	0.0	0.0	0.0	0.0	0.0	0.0	0.0	0.0	0.004672897196261682	0.0
rs369346633	40844777	T	G	0.0	0.0	0.0	0.0	0.0	0.0	0.0	0.0	0.0	0.0	0.0	0.0	0.0	0.0	0.0	0.0	0.004901960784313725	0.0	0.0	0.0	0.0	0.0	0.0	0.0	0.0	0.0
rs550145221	40844791	T	G	0.0	0.0	0.0	0.0	0.0	0.0	0.0	0.0	0.0	0.005050505050505051	0.0	0.0	0.0	0.0	0.0	0.0	0.0	0.0	0.0	0.009708737864077669	0.004807692307692308	0.0	0.0	0.0	0.0	0.0
rs571807591	40844793	G	T	0.0	0.0	0.0	0.0	0.0	0.0	0.0	0.0	0.0	0.0	0.0	0.0	0.0	0.0	0.0	0.0	0.0	0.0	0.0	0.0	0.0	0.0	0.0	0.0	0.0	0.0048543689320388345
rs538809590	40844795	G	A	0.0	0.0	0.0	0.0	0.0	0.0	0.0	0.0	0.0	0.0	0.0	0.0	0.0	0.0	0.0	0.0	0.0	0.0	0.0	0.0	0.0	0.0	0.0	0.0	0.0	0.0048543689320388345
rs553913513	40844799	G	A	0.0	0.0	0.0	0.0	0.0	0.0	0.0	0.0	0.0	0.005050505050505051	0.0	0.0	0.0	0.0	0.0	0.0	0.0	0.0	0.0	0.009708737864077669	0.004807692307692308	0.0	0.0	0.0	0.0	0.0
rs565746276	40844806	A	C	0.0	0.0	0.0	0.0	0.0	0.0	0.0	0.0	0.005208333333333333	0.0	0.005208333333333333	0.0	0.0	0.0	0.0	0.0	0.004901960784313725	0.0	0.004629629629629629	0.0	0.0	0.0	0.0	0.0	0.0	0.0
rs536276517	40844807	G	A	0.0	0.0	0.0	0.0	0.0	0.0	0.0	0.0	0.005208333333333333	0.0	0.005208333333333333	0.0	0.0	0.0	0.0	0.0	0.004901960784313725	0.0	0.004629629629629629	0.0	0.0	0.0	0.0	0.0	0.0	0.0
rs554585461	40844811	C	T	0.0	0.0	0.0	0.0	0.0	0.0	0.0	0.0	0.005208333333333333	0.0	0.005208333333333333	0.0	0.0	0.0	0.0	0.0	0.004901960784313725	0.0	0.004629629629629629	0.0	0.0	0.005050505050505051	0.0	0.0	0.0	0.0
rs555413545	40844812	G	A	0.0	0.0	0.0	0.0	0.0	0.0	0.0	0.0	0.005208333333333333	0.0	0.005208333333333333	0.0	0.0	0.0	0.0	0.0	0.004901960784313725	0.0	0.004629629629629629	0.0	0.0	0.0	0.0	0.0	0.0	0.0
rs543693586	40844813	G	C	0.0	0.0	0.0	0.0	0.0	0.0	0.0	0.0	0.0	0.0	0.0	0.0	0.0	0.0	0.0	0.0	0.00980392156862745	0.0	0.0	0.0	0.0	0.0	0.0	0.0	0.0	0.0
rs574299338	40844841	G	C	0.0	0.005050505050505051	0.0	0.0	0.0	0.0	0.0	0.0	0.0	0.0	0.0	0.0	0.0	0.0	0.0	0.0	0.0	0.0	0.0	0.0	0.0	0.0	0.0	0.0	0.0	0.0
rs576973328	40844845	G	C	0.0	0.0	0.0	0.0	0.0	0.0	0.0	0.0	0.0	0.0	0.0	0.0	0.0	0.0	0.0	0.0	0.0	0.005050505050505051	0.0	0.0	0.0	0.0	0.0	0.0	0.0	0.0
rs150455365	40844854	T	G	0.0	0.0	0.0	0.0	0.0	0.0	0.0	0.0	0.0	0.0	0.005208333333333333	0.0	0.0	0.0	0.0	0.0	0.0	0.0	0.009259259259259259	0.0	0.0673076923076923	0.0	0.0	0.0	0.0	0.0048543689320388345
rs560231157	40844874	G	A	0.0	0.0	0.0	0.0	0.0	0.005319148936170213	0.0	0.0	0.0	0.0	0.0	0.0	0.0	0.0	0.0	0.0	0.0	0.0	0.0	0.0	0.0	0.0	0.0	0.0	0.0	0.0
rs527756545	40844877	G	T	0.0	0.0	0.0	0.0	0.0	0.0	0.0	0.0	0.0	0.0	0.0	0.0	0.0	0.0	0.0058823529411764705	0.0	0.0	0.0	0.0	0.0	0.0	0.0	0.0	0.0	0.0	0.0
rs28399459	40844882	C	G	0.016483516483516484	0.010101010101010102	0.0	0.03365384615384615	0.0	0.005319148936170213	0.02336448598130841	0.011764705882352941	0.010416666666666666	0.0	0.0	0.0	0.0	0.005813953488372093	0.0	0.004901960784313725	0.004901960784313725	0.030303030303030304	0.0	0.0	0.0	0.0	0.0	0.0234375	0.02336448598130841	0.024271844660194174
rs28399458	40844902	C	G	0.0	0.0	0.004761904761904762	0.0	0.0	0.0	0.0	0.0	0.0	0.0	0.0	0.0	0.0	0.0	0.0	0.0	0.004901960784313725	0.0	0.0	0.0	0.0	0.0	0.0	0.0	0.0	0.0
rs28399457	40844906	T	A	0.0	0.0	0.004761904761904762	0.0	0.0	0.0	0.0	0.0	0.0	0.0	0.0	0.0	0.0	0.0	0.0	0.0	0.004901960784313725	0.0	0.0	0.0	0.0	0.0	0.0	0.0	0.0	0.0
rs372178313	40844922	G	A	0.0	0.0	0.004761904761904762	0.004807692307692308	0.0	0.005319148936170213	0.0	0.0	0.0	0.0	0.0	0.0	0.0	0.0	0.0	0.0	0.0	0.0	0.0	0.0	0.0	0.0	0.0	0.0	0.0	0.0
rs185273084	40844930	G	A	0.0	0.0	0.0	0.0	0.0	0.0	0.0	0.0	0.0	0.0	0.0	0.0	0.0	0.0	0.0	0.0	0.0	0.0	0.0	0.0	0.0	0.005050505050505051	0.0	0.0	0.0	0.0
rs376822239	40844936	A	G	0.0	0.0	0.004761904761904762	0.0	0.010752688172043012	0.0	0.0	0.0	0.0	0.015151515151515152	0.0	0.0	0.0	0.0	0.0	0.0	0.0	0.0	0.0	0.0	0.0	0.0	0.0	0.0	0.0	0.0
rs28399456	40844990	G	A	0.0	0.0	0.0	0.0	0.0	0.0	0.0	0.0	0.0	0.0	0.0	0.0	0.0	0.0	0.0	0.004901960784313725	0.0	0.0	0.0	0.0	0.004807692307692308	0.0	0.0	0.0	0.0	0.0
rs565809820	40845016	C	G	0.0	0.0	0.0	0.0	0.0	0.005319148936170213	0.0	0.0	0.0	0.0	0.0	0.0	0.0	0.0	0.0	0.0	0.0	0.0	0.0	0.0	0.0	0.0	0.0	0.0	0.0	0.0
rs536337801	40845019	T	C	0.0	0.0	0.0	0.0	0.0	0.0	0.0	0.0	0.0	0.0	0.0	0.0	0.0	0.0	0.0	0.0	0.0	0.010101010101010102	0.0	0.0	0.0	0.0	0.0	0.0	0.0	0.0
rs548247947	40845035	G	T	0.0	0.0	0.0	0.0	0.0	0.0	0.0	0.0	0.0	0.0	0.0	0.0	0.0	0.0	0.0	0.0	0.0	0.0	0.0	0.0	0.0	0.0	0.00819672131147541	0.0	0.0	0.0
rs190125323	40845073	G	A	0.005494505494505495	0.0	0.0	0.0	0.0	0.010638297872340425	0.004672897196261682	0.0	0.026041666666666668	0.0	0.0	0.0	0.0	0.011627906976744186	0.0	0.014705882352941176	0.0196078431372549	0.0	0.0	0.0	0.0	0.0	0.0	0.0	0.0	0.019417475728155338
rs8192729	40845091	C	T	0.06593406593406594	0.12121212121212122	0.0380952380952381	0.04326923076923077	0.05913978494623656	0.015957446808510637	0.09345794392523364	0.011764705882352941	0.08854166666666667	0.03535353535353535	0.08854166666666667	0.07964601769911504	0.04040404040404041	0.040697674418604654	0.07647058823529412	0.05392156862745098	0.04411764705882353	0.05555555555555555	0.05555555555555555	0.024271844660194174	0.0	0.15151515151515152	0.10655737704918032	0.0234375	0.0794392523364486	0.04854368932038835
rs558825772	40845137	G	C	0.0	0.0	0.004761904761904762	0.0	0.0	0.0	0.0	0.0	0.0	0.0	0.0	0.0	0.0	0.0	0.0	0.0	0.0	0.0	0.0	0.0	0.0	0.0	0.0	0.0	0.0	0.0
rs577031756	40845145	G	A	0.0	0.0	0.0	0.0	0.0	0.0	0.0	0.0	0.0	0.005050505050505051	0.0	0.0	0.0	0.0	0.0	0.0	0.0	0.0	0.0	0.0	0.0	0.0	0.0	0.0	0.0	0.0
rs181329462	40845151	C	T	0.0	0.0	0.0	0.0	0.010752688172043012	0.0	0.0	0.0	0.0	0.0	0.0	0.0	0.0	0.0	0.0	0.0	0.0	0.0	0.0	0.0	0.004807692307692308	0.0	0.0	0.0	0.0	0.0
rs552730967	40845165	G	A	0.0	0.0	0.0	0.0	0.0	0.0	0.0	0.0	0.0	0.0	0.0	0.0	0.0	0.0	0.0	0.0	0.0	0.0	0.0	0.0048543689320388345	0.0	0.0	0.0	0.0	0.0	0.0
rs572245201	40845167	G	A	0.0	0.0	0.0	0.0	0.0	0.0	0.0	0.0	0.0	0.0	0.0	0.0	0.0	0.0	0.0	0.0	0.0	0.0	0.004629629629629629	0.0	0.0	0.0	0.0	0.0	0.0	0.0
rs542707063	40845186	T	A	0.0	0.0	0.0	0.0	0.0	0.0	0.0	0.0	0.015625	0.0	0.0	0.0	0.0	0.023255813953488372	0.0	0.024509803921568627	0.004901960784313725	0.0	0.0	0.0	0.0	0.0	0.0	0.0	0.0	0.0
rs561177628	40845197	G	C	0.0	0.0	0.0	0.0	0.0	0.0	0.0	0.0	0.0	0.0	0.0	0.0	0.0	0.0	0.0	0.0	0.004901960784313725	0.0	0.0	0.0	0.0	0.0	0.0	0.0	0.0	0.0
rs576392235	40845242	A	C	0.0	0.0	0.004761904761904762	0.0	0.0	0.0	0.0	0.0	0.0	0.0	0.0	0.0	0.0	0.0	0.0	0.0	0.0	0.0	0.0	0.0	0.0	0.0	0.0	0.0	0.0	0.0
rs4803380	40845264	C	T	0.016483516483516484	0.010101010101010102	0.0	0.057692307692307696	0.0	0.026595744680851064	0.02336448598130841	0.011764705882352941	0.010416666666666666	0.0	0.19270833333333334	0.1902654867256637	0.16161616161616163	0.005813953488372093	0.2235294117647059	0.004901960784313725	0.004901960784313725	0.030303030303030304	0.18981481481481483	0.0	0.0	0.10101010101010101	0.09836065573770492	0.0234375	0.02336448598130841	0.024271844660194174
rs60286635	40845265	G	A	0.0	0.0	0.0	0.0	0.0	0.005319148936170213	0.0	0.0	0.0	0.0	0.052083333333333336	0.022123893805309734	0.05555555555555555	0.0	0.011764705882352941	0.0	0.0	0.0	0.08796296296296297	0.0	0.0	0.010101010101010102	0.02459016393442623	0.0	0.0	0.0
rs532833480	40845273	G	C	0.0	0.0	0.0	0.0	0.0	0.0	0.0	0.0	0.0	0.0	0.0	0.004424778761061947	0.0	0.0	0.0	0.0	0.0	0.0	0.0	0.0	0.0	0.0	0.0	0.0	0.0	0.0
rs150586234	40845306	G	A	0.005494505494505495	0.005050505050505051	0.0	0.004807692307692308	0.0	0.0	0.004672897196261682	0.0	0.0	0.0	0.0	0.0	0.0	0.0	0.0	0.0	0.0	0.0	0.0	0.0	0.0	0.0	0.0	0.0078125	0.014018691588785047	0.0
rs185304177	40845321	G	C	0.0	0.0	0.0	0.0	0.0	0.0	0.0	0.0	0.0	0.0	0.0	0.0	0.0	0.0	0.0	0.0	0.0	0.0	0.0	0.0	0.0	0.0	0.0	0.0078125	0.0	0.0
rs114558780	40845322	G	A	0.0	0.0	0.0	0.0	0.0	0.0	0.0	0.0	0.0	0.0	0.0	0.004424778761061947	0.0	0.0	0.023529411764705882	0.0	0.0	0.0	0.004629629629629629	0.0	0.0	0.010101010101010102	0.0	0.0	0.0	0.0
rs59992959	40845339	G	A	0.0	0.0	0.0	0.0	0.0	0.0	0.0	0.0	0.0	0.0	0.0	0.0	0.0	0.0	0.0	0.0	0.0	0.0	0.0	0.0	0.0	0.015151515151515152	0.0	0.0	0.0	0.0
rs145036049	40845340	C	T	0.0	0.0	0.0	0.0	0.0	0.0	0.0	0.0	0.0	0.0	0.0	0.0	0.0	0.0	0.0	0.0	0.0	0.0	0.0	0.0	0.0	0.005050505050505051	0.0	0.0	0.0	0.0
rs28399454	40845362	C	T	0.0	0.0	0.004761904761904762	0.009615384615384616	0.0	0.010638297872340425	0.0	0.0	0.0	0.0	0.15104166666666666	0.14601769911504425	0.12626262626262627	0.0	0.11176470588235295	0.0	0.0	0.0	0.13425925925925927	0.0	0.0	0.05555555555555555	0.07377049180327869	0.0	0.0	0.0
rs143841823	40845400	A	G	0.005494505494505495	0.0	0.0	0.0	0.0	0.0	0.0	0.0	0.0	0.0	0.0	0.0	0.0	0.0	0.0	0.0	0.0	0.0	0.0	0.0	0.0	0.0	0.0	0.0	0.0	0.0
rs150247689	40845439	C	T	0.0	0.005050505050505051	0.0	0.0	0.0	0.0	0.0	0.0	0.0	0.0	0.0	0.0	0.0	0.0	0.0	0.0	0.0	0.0	0.0	0.0	0.0	0.0	0.0	0.0	0.0	0.0
rs138932530	40845450	G	A	0.0	0.0	0.0	0.0	0.0	0.0	0.0	0.0	0.0	0.0	0.005208333333333333	0.0	0.0	0.0	0.0	0.0	0.0	0.0	0.0	0.0	0.0	0.0	0.0	0.0	0.0	0.0
rs61605570	40845458	T	A	0.0	0.0	0.0	0.0	0.0	0.0	0.0	0.0	0.0	0.0	0.0	0.0	0.0	0.0	0.0	0.0	0.0	0.0	0.0	0.0	0.0	0.005050505050505051	0.01639344262295082	0.0	0.0	0.0
rs137904044	40845465	C	A	0.0	0.0	0.0	0.0	0.0	0.0	0.0	0.0	0.0	0.0	0.0	0.004424778761061947	0.0	0.0	0.0	0.0	0.0	0.0	0.0	0.0	0.0	0.0	0.00819672131147541	0.0	0.0	0.0
rs535231886	40845471	A	G	0.0	0.0	0.0	0.0	0.0	0.0	0.0	0.0	0.005208333333333333	0.0	0.0	0.0	0.0	0.0	0.0	0.0	0.0	0.0	0.0	0.0	0.0	0.0	0.0	0.0	0.0	0.0
rs188167379	40845488	G	A	0.0	0.0	0.0	0.0	0.0	0.005319148936170213	0.0	0.0	0.0	0.0	0.0	0.0	0.0	0.0	0.0	0.0	0.0	0.0	0.0	0.0	0.0	0.0	0.0	0.0	0.0	0.0
rs28399453	40845495	G	A	0.07692307692307693	0.08080808080808081	0.0	0.004807692307692308	0.0	0.026595744680851064	0.056074766355140186	0.0	0.015625	0.0	0.010416666666666666	0.0	0.0	0.011627906976744186	0.0	0.0	0.0	0.06565656565656566	0.0	0.0	0.0	0.0	0.02459016393442623	0.015625	0.037383177570093455	0.009708737864077669
rs148057229	40845524	A	C	0.0	0.0	0.0	0.0	0.0	0.0	0.0	0.0	0.0	0.0	0.0	0.0	0.0	0.0	0.0	0.0	0.0	0.0	0.0	0.0	0.009615384615384616	0.0	0.0	0.0	0.0	0.0
rs528694759	40845531	G	A	0.0	0.0	0.0	0.0	0.0	0.0	0.0	0.0	0.0	0.0	0.0	0.0	0.0	0.0	0.0	0.0	0.00980392156862745	0.0	0.0	0.0	0.0	0.0	0.0	0.0	0.0	0.0
rs577654198	40845543	C	T	0.0	0.0	0.0	0.0	0.0	0.0	0.0	0.0	0.0	0.0	0.0	0.0	0.0	0.0	0.0	0.00980392156862745	0.0	0.0	0.0	0.0	0.0	0.0	0.0	0.0	0.0	0.0
rs2388874	40845551	C	T	0.0	0.005050505050505051	0.0	0.004807692307692308	0.0	0.010638297872340425	0.004672897196261682	0.0058823529411764705	0.0	0.0	0.0	0.01327433628318584	0.010101010101010102	0.0	0.029411764705882353	0.0	0.00980392156862745	0.015151515151515152	0.0	0.0	0.0	0.005050505050505051	0.00819672131147541	0.0	0.004672897196261682	0.009708737864077669
rs4001931	40845556	T	C	0.0	0.005050505050505051	0.0	0.004807692307692308	0.0	0.010638297872340425	0.0	0.0058823529411764705	0.0	0.0	0.0	0.01327433628318584	0.010101010101010102	0.0	0.029411764705882353	0.0	0.00980392156862745	0.005050505050505051	0.0	0.0	0.0	0.005050505050505051	0.00819672131147541	0.0	0.004672897196261682	0.0048543689320388345
rs4001929	40845591	A	G	0.0	0.0	0.0	0.0	0.0	0.0	0.0	0.0	0.0	0.0	0.0	0.0	0.0	0.0	0.0	0.004901960784313725	0.0	0.0	0.0	0.0	0.0	0.0	0.0	0.0	0.0	0.0
rs8192728	40845633	G	T	0.0	0.0	0.12380952380952381	0.0	0.11290322580645161	0.0	0.0	0.0	0.020833333333333332	0.15151515151515152	0.005208333333333333	0.02654867256637168	0.0	0.046511627906976744	0.011764705882352941	0.00980392156862745	0.04411764705882353	0.0	0.004629629629629629	0.13592233009708737	0.057692307692307696	0.030303030303030304	0.0	0.0	0.0	0.02912621359223301
rs563421126	40845639	G	A	0.0	0.0	0.0	0.0	0.0	0.0	0.0	0.0	0.0	0.005050505050505051	0.0	0.0	0.0	0.0	0.0	0.0	0.0	0.0	0.0	0.0	0.0	0.0	0.0	0.0	0.0	0.0
rs530503863	40845649	G	A	0.0	0.0	0.0	0.0	0.0	0.0	0.0	0.0	0.0	0.0	0.005208333333333333	0.0	0.0	0.0	0.0	0.0	0.0	0.0	0.0	0.0	0.0	0.0	0.0	0.0	0.0	0.0
rs144437384	40845658	G	A	0.0	0.0	0.0	0.009615384615384616	0.0	0.005319148936170213	0.0	0.0	0.0	0.0	0.08333333333333333	0.11504424778761062	0.05555555555555555	0.0	0.08823529411764706	0.0	0.0	0.0	0.023148148148148147	0.0	0.0	0.030303030303030304	0.040983606557377046	0.0	0.0	0.0
rs55971367	40845709	G	A	0.06043956043956044	0.025252525252525252	0.004761904761904762	0.08653846153846154	0.0	0.10106382978723404	0.08878504672897196	0.023529411764705882	0.020833333333333332	0.0	0.28125	0.1415929203539823	0.26262626262626265	0.03488372093023256	0.20588235294117646	0.029411764705882353	0.00980392156862745	0.09090909090909091	0.20833333333333334	0.0048543689320388345	0.0	0.2222222222222222	0.19672131147540983	0.09375	0.0794392523364486	0.024271844660194174
rs181001074	40845727	C	T	0.0	0.0	0.0	0.0	0.0	0.0	0.0	0.0	0.0	0.0	0.0	0.0	0.0	0.0	0.0	0.0	0.0	0.0	0.0	0.0	0.004807692307692308	0.0	0.0	0.0	0.0	0.0
rs56048590	40845746	A	C	0.0	0.0	0.0	0.004807692307692308	0.0	0.0	0.0	0.0	0.0	0.0	0.005208333333333333	0.008849557522123894	0.030303030303030304	0.0	0.041176470588235294	0.0	0.0	0.0	0.032407407407407406	0.0	0.0	0.04040404040404041	0.00819672131147541	0.0078125	0.0	0.0
rs567978574	40845752	G	A	0.0	0.0	0.0	0.0	0.0	0.0	0.0	0.0	0.0	0.0	0.0	0.0	0.0	0.005813953488372093	0.0	0.0	0.0	0.0	0.0	0.0	0.0	0.0	0.0	0.0	0.0	0.0
rs535660414	40845777	T	G	0.0	0.0	0.0	0.0	0.0	0.0	0.0	0.0	0.0	0.0	0.0	0.0	0.0	0.0	0.0	0.0	0.0	0.0	0.0	0.0	0.0	0.005050505050505051	0.0	0.0	0.0	0.0
rs72549445	40845791	T	G	0.0	0.0	0.0	0.0	0.0	0.0	0.0	0.0	0.0	0.0	0.020833333333333332	0.035398230088495575	0.045454545454545456	0.0	0.01764705882352941	0.0	0.0	0.0	0.046296296296296294	0.0	0.0	0.0	0.02459016393442623	0.0	0.0	0.0
rs149876040	40845842	A	C	0.0	0.020202020202020204	0.0	0.004807692307692308	0.0	0.005319148936170213	0.0	0.0058823529411764705	0.0	0.0	0.010416666666666666	0.0	0.0	0.0	0.0	0.004901960784313725	0.0	0.010101010101010102	0.0	0.0	0.0	0.0	0.0	0.0	0.014018691588785047	0.0
rs537139773	40845850	T	G	0.0	0.0	0.0	0.0	0.005376344086021506	0.0	0.0	0.0	0.0	0.0	0.0	0.0	0.0	0.005813953488372093	0.0	0.0	0.0	0.0	0.0	0.0048543689320388345	0.0	0.0	0.0	0.0	0.0	0.0
rs558957904	40845853	C	T	0.0	0.0	0.0	0.0	0.005376344086021506	0.0	0.0	0.0	0.0	0.005050505050505051	0.0	0.0	0.0	0.0	0.0	0.0	0.0	0.0	0.0	0.0	0.0	0.0	0.0	0.0	0.0	0.0
rs4997555	40845866	C	T	0.0	0.0	0.0	0.0	0.0	0.0	0.0	0.0	0.0	0.0	0.0	0.0	0.005050505050505051	0.0	0.0058823529411764705	0.0	0.0	0.0	0.004629629629629629	0.0	0.0	0.0	0.0	0.0	0.0	0.0
rs185020627	40845867	G	T	0.0	0.0	0.0	0.0	0.0	0.0	0.0	0.0	0.0	0.0	0.0	0.0	0.0	0.0	0.0	0.0	0.0	0.0	0.0	0.0	0.0	0.0	0.0	0.0078125	0.0	0.0
rs553719688	40845900	C	T	0.0	0.0	0.0	0.0	0.0	0.0	0.0	0.0	0.0	0.0	0.0	0.0	0.0	0.0	0.0	0.0	0.0	0.0	0.0	0.0	0.0	0.0	0.0	0.0078125	0.0	0.0
rs375518878	40845926	C	T	0.0	0.0	0.0	0.0	0.0	0.0	0.0	0.0	0.0	0.0	0.0	0.0	0.0	0.0	0.0058823529411764705	0.0	0.0	0.0	0.0	0.0	0.0	0.0	0.0	0.0	0.0	0.0
rs202130720	40845931	C	T	0.0	0.0	0.0	0.0	0.0	0.0	0.0	0.0	0.0	0.0	0.0	0.0	0.0	0.0	0.0	0.0	0.0	0.0	0.0	0.009708737864077669	0.0	0.0	0.0	0.0	0.0	0.0
rs563718868	40845937	C	T	0.0	0.0	0.0	0.0	0.0	0.0	0.0	0.0	0.0	0.0	0.0	0.0	0.0	0.0	0.0	0.0	0.0	0.0	0.0	0.0	0.0	0.005050505050505051	0.0	0.0	0.0	0.0
rs72549444	40845938	G	A	0.016483516483516484	0.010101010101010102	0.0	0.057692307692307696	0.0	0.026595744680851064	0.02336448598130841	0.011764705882352941	0.010416666666666666	0.0	0.19791666666666666	0.1902654867256637	0.16161616161616163	0.005813953488372093	0.21764705882352942	0.004901960784313725	0.004901960784313725	0.030303030303030304	0.18981481481481483	0.0	0.0	0.10101010101010101	0.09836065573770492	0.0234375	0.02336448598130841	0.024271844660194174
rs545581940	40845972	C	T	0.0	0.0	0.0	0.0	0.0	0.0	0.0	0.0	0.005208333333333333	0.0	0.0	0.0	0.0	0.0	0.0	0.0	0.0	0.0	0.0	0.0	0.0	0.0	0.0	0.0	0.0	0.0
rs58571639	40845998	G	A	0.0	0.0	0.0	0.0	0.0	0.0	0.0	0.0	0.0	0.0	0.0	0.0	0.0	0.0	0.0058823529411764705	0.0	0.0	0.0	0.0	0.0048543689320388345	0.0	0.0	0.0	0.0	0.0	0.0
rs528089983	40846003	G	A	0.0	0.0	0.0	0.0	0.0	0.0	0.0	0.0	0.0	0.0	0.0	0.008849557522123894	0.0	0.0	0.0	0.0	0.0	0.0	0.0	0.0	0.0	0.0	0.0	0.0	0.0	0.0
rs2644907	40846014	G	C	0.0	0.0	0.009523809523809525	0.0	0.0	0.0	0.0	0.0	0.0	0.0	0.005208333333333333	0.0	0.0	0.0	0.0	0.0	0.0	0.0	0.0	0.0	0.0	0.0	0.0	0.0	0.0	0.0
rs148693084	40846030	A	G	0.0	0.0	0.0	0.004807692307692308	0.0	0.0	0.0	0.0	0.0	0.0	0.0	0.0	0.0	0.0	0.0	0.0	0.0	0.0	0.0	0.0	0.0	0.0	0.0	0.0	0.0	0.0
rs4997557	40846048	G	C	0.0	0.0	0.0	0.0	0.0	0.0	0.0	0.0	0.0	0.0	0.0	0.0	0.0	0.0	0.0058823529411764705	0.0	0.0	0.0	0.0	0.0	0.0	0.005050505050505051	0.0	0.0	0.0	0.0
rs2644906	40846055	C	T	0.0	0.0	0.0	0.0	0.0	0.0	0.0	0.0	0.0	0.0	0.0	0.0	0.0	0.0	0.0058823529411764705	0.0	0.0	0.0	0.0	0.0	0.0	0.005050505050505051	0.0	0.0	0.0	0.0
rs28399450	40846077	C	T	0.0	0.0	0.0	0.0	0.0	0.010638297872340425	0.0	0.0058823529411764705	0.0	0.0	0.015625	0.02654867256637168	0.005050505050505051	0.0	0.023529411764705882	0.0	0.0	0.0	0.023148148148148147	0.0	0.0	0.0	0.00819672131147541	0.0	0.0	0.0
rs201027514	40846078	G	A	0.0	0.0	0.0	0.0	0.0	0.0	0.0	0.0	0.0	0.0	0.0	0.0	0.0	0.0	0.0	0.0	0.0	0.005050505050505051	0.0	0.0	0.0	0.0	0.0	0.0	0.0	0.0
rs559104970	40846102	A	G	0.0	0.0	0.0	0.0	0.0	0.0	0.0	0.0	0.0	0.0	0.0	0.0	0.0	0.0	0.0058823529411764705	0.0	0.0	0.0	0.0	0.0	0.0	0.0	0.0	0.0	0.0	0.0
rs55845874	40846144	A	G	0.005494505494505495	0.0	0.0	0.0	0.0	0.010638297872340425	0.004672897196261682	0.0	0.026041666666666668	0.0	0.0	0.0	0.0	0.011627906976744186	0.0	0.014705882352941176	0.014705882352941176	0.0	0.0	0.0	0.0	0.0	0.0	0.0	0.0	0.019417475728155338
rs535042041	40846188	T	C	0.0	0.0	0.0	0.0	0.005376344086021506	0.0	0.0	0.0	0.0	0.0	0.0	0.0	0.0	0.0	0.0058823529411764705	0.0	0.0	0.0	0.0	0.0	0.0	0.0	0.0	0.0	0.0	0.0
rs149001480	40846230	C	T	0.0	0.0	0.0	0.0	0.0	0.0	0.0	0.0	0.0	0.0	0.0	0.0	0.0	0.0	0.0	0.0	0.0	0.0	0.004629629629629629	0.0	0.0	0.0	0.0	0.0	0.0	0.0
rs570054380	40846234	C	G	0.005494505494505495	0.0	0.0	0.0	0.0	0.010638297872340425	0.004672897196261682	0.0	0.026041666666666668	0.0	0.0	0.0	0.0	0.011627906976744186	0.0	0.014705882352941176	0.014705882352941176	0.0	0.0	0.0	0.0	0.0	0.0	0.0	0.0	0.014563106796116505
rs570054380	40846234	C	T	0.005494505494505495	0.0	0.0	0.0	0.0	0.010638297872340425	0.004672897196261682	0.0	0.026041666666666668	0.0	0.0	0.0	0.0	0.011627906976744186	0.0	0.014705882352941176	0.014705882352941176	0.0	0.0	0.0	0.0	0.0	0.0	0.0	0.0	0.014563106796116505
rs557584513	40846250	G	T	0.0	0.0	0.0	0.0	0.0	0.0	0.0	0.0	0.0	0.0	0.0	0.0	0.0	0.0	0.0	0.0	0.00980392156862745	0.0	0.0	0.0	0.0	0.0	0.0	0.0	0.0	0.0
rs199808813	40846301	C	G	0.0	0.0	0.0	0.0	0.0	0.0	0.0	0.0	0.0	0.0	0.010416666666666666	0.0	0.0	0.0	0.0058823529411764705	0.0	0.0	0.0	0.0	0.0	0.0	0.0	0.0	0.0	0.0	0.0
rs546342800	40846312	T	A	0.0	0.0	0.0	0.0	0.0	0.0	0.0	0.0	0.0	0.005050505050505051	0.0	0.0	0.0	0.0	0.0	0.0	0.0	0.0	0.0	0.0	0.0	0.0	0.0	0.0	0.0	0.0
rs72549443	40846352	GT	G	0.08241758241758242	0.15151515151515152	0.2619047619047619	0.16826923076923078	0.1989247311827957	0.15425531914893617	0.0794392523364486	0.12941176470588237	0.21354166666666666	0.18181818181818182	0.2916666666666667	0.33185840707964603	0.3888888888888889	0.1511627906976744	0.3235294117647059	0.11764705882352941	0.14705882352941177	0.09595959595959595	0.36574074074074076	0.24271844660194175	0.2403846153846154	0.25252525252525254	0.3114754098360656	0.1328125	0.102803738317757	0.22330097087378642
chr19:41352257G-T	40846352	G	T	0.0	0.0	0.0	0.0	0.0	0.0	0.0	0.0	0.0	0.0	0.0	0.0	0.0	0.0	0.0	0.0	0.0	0.0	0.0	0.0	0.0	0.0	0.0	0.0	0.0	0.0
rs4514794	40846358	T	G	0.06593406593406594	0.12121212121212122	0.0380952380952381	0.04326923076923077	0.05913978494623656	0.015957446808510637	0.09345794392523364	0.011764705882352941	0.09375	0.03535353535353535	0.08854166666666667	0.084070796460177	0.045454545454545456	0.040697674418604654	0.08235294117647059	0.058823529411764705	0.04411764705882353	0.05555555555555555	0.05555555555555555	0.024271844660194174	0.0	0.15151515151515152	0.10655737704918032	0.0234375	0.0794392523364486	0.04854368932038835
rs528152143	40846368	T	C	0.0	0.0	0.0	0.009615384615384616	0.0	0.0	0.0	0.0	0.0	0.0	0.0	0.0	0.0	0.0	0.0	0.0	0.0	0.0	0.0	0.0	0.0	0.0	0.0	0.0	0.0	0.0
rs539876412	40846467	C	A	0.0	0.0	0.0	0.0	0.0	0.0	0.0	0.0	0.0	0.0	0.015625	0.008849557522123894	0.0	0.0	0.01764705882352941	0.0	0.0	0.0	0.0	0.0	0.0	0.0	0.0	0.0	0.0	0.0
rs561338846	40846468	G	A	0.0	0.0	0.0	0.0	0.0	0.0	0.0	0.0	0.0	0.0	0.0	0.017699115044247787	0.0	0.0	0.0058823529411764705	0.0	0.0	0.0	0.0	0.0	0.0	0.0	0.0	0.0	0.0	0.0
rs529234878	40846521	C	G	0.0	0.0	0.0	0.0	0.005376344086021506	0.0	0.0	0.0	0.0	0.0	0.0	0.0	0.0	0.0	0.0	0.0	0.0	0.0	0.0	0.0	0.0	0.005050505050505051	0.0	0.0	0.0	0.0
rs550606305	40846528	C	T	0.0	0.0	0.0	0.0	0.005376344086021506	0.0	0.0	0.0	0.0	0.0	0.0	0.0	0.0	0.0	0.0	0.0	0.0	0.0	0.0	0.0	0.0	0.0	0.0	0.0	0.0	0.0
rs562763156	40846546	A	G	0.0	0.015151515151515152	0.0	0.0	0.0	0.0	0.0	0.0	0.0	0.0	0.0	0.0	0.0	0.0	0.0	0.0	0.0	0.0	0.0	0.0	0.0	0.005050505050505051	0.0	0.0	0.0	0.0
rs72549442	40846555	C	T	0.0	0.0	0.0	0.0	0.0	0.0	0.0	0.0	0.0	0.0	0.010416666666666666	0.0	0.005050505050505051	0.0	0.011764705882352941	0.0	0.0	0.0	0.013888888888888888	0.0	0.0	0.0	0.0	0.0	0.0	0.0
chr19:41352497C-G	40846592	C	G	0.0	0.0	0.0	0.0	0.0	0.0	0.0	0.0	0.0	0.0	0.0	0.0	0.0	0.0	0.0	0.0	0.0	0.0	0.0	0.0	0.0	0.0	0.0	0.0	0.0	0.0
rs551576716	40846596	C	T	0.0	0.010101010101010102	0.0	0.0	0.0	0.0	0.0	0.0	0.005208333333333333	0.0	0.0	0.0	0.0	0.0	0.0	0.0	0.0	0.0	0.0	0.0	0.0	0.0	0.0	0.0	0.0	0.0
rs570989597	40846633	A	G	0.0	0.0	0.0	0.0	0.0	0.0	0.0	0.0	0.0	0.0	0.0	0.0	0.0	0.0	0.0	0.004901960784313725	0.0	0.0	0.0	0.0	0.0	0.0	0.0	0.0	0.0	0.0
rs535108140	40846639	G	A	0.0	0.0	0.0	0.0	0.005376344086021506	0.0	0.0	0.0	0.0	0.0	0.005208333333333333	0.0	0.0	0.0	0.0	0.0	0.004901960784313725	0.0	0.0	0.0	0.0	0.0	0.0	0.0	0.0	0.0
rs547061178	40846652	G	A	0.0	0.0	0.0	0.0	0.005376344086021506	0.0	0.0	0.0	0.0	0.0	0.0	0.0	0.0	0.0	0.0	0.0	0.0	0.0	0.0	0.0	0.0	0.0	0.0	0.0	0.0	0.0
rs568362425	40846669	C	G	0.0	0.0	0.0	0.0	0.0	0.0	0.0	0.0	0.0	0.0	0.0	0.0	0.0	0.0	0.0	0.0	0.004901960784313725	0.0	0.0	0.0	0.0	0.0	0.0	0.0	0.0	0.0
rs535800169	40846670	G	A	0.005494505494505495	0.0	0.0	0.0	0.0	0.0	0.0	0.0	0.0	0.0	0.0	0.0	0.0	0.0	0.0	0.0	0.0	0.0	0.0	0.0	0.0	0.0	0.0	0.0	0.0	0.0
rs557383130	40846701	C	T	0.0	0.0	0.0	0.0	0.0	0.005319148936170213	0.0	0.0	0.0	0.0	0.0	0.0	0.0	0.0	0.0	0.0	0.0	0.0	0.0	0.0	0.0	0.0	0.0	0.0	0.0	0.0
rs575865729	40846712	A	G	0.0	0.0	0.0	0.0	0.0	0.0	0.0	0.0058823529411764705	0.0	0.0	0.0	0.0	0.0	0.0	0.0	0.0	0.0	0.0	0.0	0.0	0.0	0.0	0.0	0.0	0.0	0.0
rs539671336	40846718	G	A	0.0	0.0	0.0	0.0	0.0	0.0	0.0	0.0	0.0	0.0	0.0	0.004424778761061947	0.0	0.0	0.0	0.0	0.0	0.0	0.0	0.0	0.0	0.0	0.0	0.0	0.0	0.0
rs553581029	40846743	A	G	0.0	0.0	0.0	0.0	0.0	0.0	0.0	0.0	0.0	0.0	0.0	0.0	0.0	0.0	0.0058823529411764705	0.0	0.0	0.0	0.0	0.0	0.0	0.0	0.0	0.0	0.0	0.0
rs572642295	40846768	T	G	0.0	0.0	0.0	0.0	0.0	0.0	0.0	0.0	0.0	0.010101010101010102	0.0	0.0	0.0	0.0	0.0	0.0	0.0	0.0	0.0	0.0	0.0	0.0	0.0	0.0	0.0	0.0
rs191677607	40846775	G	A	0.0	0.0	0.0	0.0	0.0	0.010638297872340425	0.0	0.0	0.0	0.0	0.0	0.004424778761061947	0.0	0.0	0.0058823529411764705	0.0	0.0	0.0	0.0	0.0	0.0	0.0	0.0	0.0	0.0	0.0
rs561775706	40846845	C	T	0.0	0.0	0.0	0.0	0.0	0.0	0.0	0.0	0.0	0.0	0.0	0.0	0.0	0.0	0.0	0.0	0.0	0.0	0.0	0.0	0.0	0.005050505050505051	0.0	0.0	0.0	0.0
rs4079369	40846857	G	C	0.06593406593406594	0.12626262626262627	0.0380952380952381	0.04326923076923077	0.05913978494623656	0.015957446808510637	0.09813084112149532	0.011764705882352941	0.09895833333333333	0.03535353535353535	0.08854166666666667	0.08849557522123894	0.045454545454545456	0.040697674418604654	0.08235294117647059	0.06372549019607843	0.049019607843137254	0.06060606060606061	0.05555555555555555	0.024271844660194174	0.0	0.15656565656565657	0.11475409836065574	0.0390625	0.0794392523364486	0.05339805825242718
rs544162826	40846878	C	T	0.0	0.0	0.0	0.0	0.0	0.0	0.0	0.0	0.0	0.0	0.010416666666666666	0.0	0.010101010101010102	0.0	0.0	0.0	0.0	0.0	0.018518518518518517	0.0	0.0	0.010101010101010102	0.0	0.0	0.0	0.0
rs111869995	40846881	C	A	0.0	0.0	0.0	0.0	0.0	0.005319148936170213	0.0	0.0	0.0	0.0	0.0	0.0	0.0	0.0	0.0	0.0	0.0	0.0	0.0	0.0	0.0	0.005050505050505051	0.0	0.0	0.0	0.0
rs58062848	40846884	G	T	0.0	0.0	0.0	0.0	0.0	0.0	0.0	0.0	0.0	0.0	0.0	0.01327433628318584	0.0	0.0	0.0	0.0	0.0	0.0	0.0	0.0	0.0	0.0	0.0	0.0	0.0	0.0
rs551638939	40846890	G	A	0.0	0.0	0.0	0.0	0.0	0.0	0.0	0.0	0.0	0.0	0.0	0.0	0.0	0.0	0.0	0.0	0.0	0.0	0.0	0.0	0.0	0.0	0.0	0.0	0.0	0.0048543689320388345
rs560382680	40846897	G	A	0.0	0.0	0.0	0.0	0.0	0.0	0.0	0.0	0.0	0.0	0.0	0.0	0.0	0.005813953488372093	0.0	0.0	0.0	0.0	0.0	0.0	0.0	0.0	0.0	0.0	0.0	0.0
rs55805386	40846902	A	G	0.0	0.0	0.0	0.0	0.0	0.0	0.0	0.0	0.0	0.0	0.0	0.0	0.0	0.0	0.0	0.0	0.0	0.0	0.0	0.0	0.0	0.0	0.0	0.0	0.0	0.0
rs527434101	40846911	C	A	0.0	0.0	0.0	0.0	0.0	0.0	0.0	0.0	0.0	0.0	0.0	0.0	0.0	0.0	0.0058823529411764705	0.0	0.0	0.0	0.0	0.0	0.0	0.0	0.0	0.0	0.0	0.0
rs58720852	40846933	G	T	0.0	0.0	0.0	0.0	0.0	0.0	0.0	0.0	0.0	0.0	0.0	0.0	0.0	0.0	0.0	0.0	0.0	0.0	0.004629629629629629	0.0	0.0	0.0	0.0	0.0	0.0	0.0
rs1809811	40846935	G	A	0.06043956043956044	0.11616161616161616	0.03333333333333333	0.04326923076923077	0.05913978494623656	0.015957446808510637	0.08878504672897196	0.011764705882352941	0.08333333333333333	0.03535353535353535	0.08854166666666667	0.07964601769911504	0.04040404040404041	0.03488372093023256	0.08235294117647059	0.05392156862745098	0.0392156862745098	0.050505050505050504	0.05092592592592592	0.024271844660194174	0.0	0.1414141414141414	0.09836065573770492	0.0234375	0.0794392523364486	0.04854368932038835
rs145157460	40846937	G	A	0.0	0.0	0.0	0.004807692307692308	0.0	0.0	0.0	0.0	0.0	0.0	0.0	0.0	0.0	0.0	0.0	0.0	0.0	0.0	0.0	0.0	0.0	0.0	0.0	0.0	0.0	0.0
rs533216061	40846940	G	T	0.0	0.0	0.0	0.0	0.0	0.0	0.0	0.0	0.0	0.0	0.0	0.0	0.0	0.0	0.0	0.0	0.0	0.0	0.0	0.0	0.0	0.0	0.0	0.0	0.0	0.0
rs550929967	40846977	C	G	0.0	0.0	0.0	0.0	0.0	0.0	0.0	0.0	0.0	0.0	0.0	0.0	0.0	0.0	0.0	0.004901960784313725	0.0	0.0	0.0	0.0	0.0	0.0	0.0	0.0	0.0	0.0
rs138978736	40846991	G	T	0.005494505494505495	0.0	0.004761904761904762	0.0	0.005376344086021506	0.005319148936170213	0.0	0.0	0.0	0.0	0.0	0.0	0.005050505050505051	0.0	0.0	0.0	0.0	0.0	0.0	0.0	0.0	0.005050505050505051	0.0	0.0	0.0	0.0
rs539734599	40846996	G	C	0.0	0.0	0.0	0.0	0.0	0.0	0.0	0.0	0.0	0.0	0.0	0.0	0.0	0.0	0.0	0.0	0.0	0.0	0.0	0.0	0.0	0.010101010101010102	0.0	0.0	0.0	0.0
rs557976670	40847015	G	A	0.0	0.0	0.0	0.0	0.0	0.0	0.0	0.0	0.0	0.0	0.0	0.0	0.005050505050505051	0.0	0.0	0.0	0.0	0.0	0.0	0.0	0.0	0.0	0.0	0.0	0.0	0.0
rs28399448	40847031	C	T	0.016483516483516484	0.010101010101010102	0.0	0.03365384615384615	0.0	0.005319148936170213	0.02336448598130841	0.011764705882352941	0.010416666666666666	0.0	0.0	0.0	0.005050505050505051	0.005813953488372093	0.011764705882352941	0.004901960784313725	0.004901960784313725	0.03535353535353535	0.004629629629629629	0.0	0.0	0.0	0.0	0.0234375	0.02336448598130841	0.024271844660194174
rs111033610	40847036	A	G	0.0	0.0	0.009523809523809525	0.0	0.005376344086021506	0.0	0.0	0.0	0.0	0.015151515151515152	0.0	0.0	0.0	0.0	0.0	0.0	0.0	0.0	0.0	0.009708737864077669	0.0	0.0	0.0	0.0	0.0	0.0
rs555186829	40847091	G	C	0.0	0.0	0.0	0.0	0.0	0.0	0.0	0.0	0.0	0.005050505050505051	0.0	0.0	0.0	0.0	0.0	0.0	0.0	0.0	0.0	0.0	0.0	0.0	0.0	0.0	0.0	0.0
rs201792681	40847095	C	T	0.0	0.0	0.01904761904761905	0.0	0.043010752688172046	0.0	0.0	0.0	0.0	0.005050505050505051	0.0	0.0	0.0	0.005813953488372093	0.0	0.0	0.0	0.0	0.0	0.009708737864077669	0.014423076923076924	0.0	0.0	0.0	0.0	0.0
rs138844279	40847112	G	A	0.0	0.0	0.0	0.0	0.0	0.0	0.0	0.0	0.0	0.0	0.005208333333333333	0.004424778761061947	0.010101010101010102	0.0	0.011764705882352941	0.0	0.0	0.0	0.004629629629629629	0.0	0.0	0.025252525252525252	0.02459016393442623	0.0	0.0	0.0
rs562491463	40847145	T	G	0.0	0.0	0.0	0.0	0.0	0.0	0.0	0.0	0.005208333333333333	0.0	0.0	0.0	0.0	0.0	0.0	0.0	0.0	0.0	0.0	0.0	0.0	0.0	0.0	0.0	0.0	0.0
rs75047183	40847197	G	C	0.0	0.0	0.0	0.009615384615384616	0.0	0.0	0.0	0.0	0.0	0.0	0.005208333333333333	0.01327433628318584	0.005050505050505051	0.0	0.01764705882352941	0.0	0.0	0.0	0.0	0.0	0.0	0.005050505050505051	0.0	0.0	0.0	0.0
rs56113850	40847202	T	C	0.5714285714285714	0.5757575757575758	0.32857142857142857	0.5576923076923077	0.3763440860215054	0.6170212765957447	0.5794392523364486	0.7705882352941177	0.4166666666666667	0.4292929292929293	0.4270833333333333	0.3185840707964602	0.35353535353535354	0.4127906976744186	0.31176470588235294	0.46078431372549017	0.4019607843137255	0.6515151515151515	0.3333333333333333	0.2524271844660194	0.32211538461538464	0.398989898989899	0.45901639344262296	0.7109375	0.5841121495327103	0.42718446601941745
rs560445731	40847204	T	C	0.0	0.0	0.0	0.0	0.0	0.0	0.0	0.0	0.0	0.0	0.0	0.0	0.0	0.0	0.0	0.0	0.0	0.0	0.0	0.0	0.0	0.0	0.0	0.0	0.004672897196261682	0.0
rs527495675	40847231	C	G	0.0	0.0	0.0	0.004807692307692308	0.0	0.0	0.0	0.0	0.0	0.0	0.0	0.017699115044247787	0.0	0.0	0.0	0.0	0.0	0.0	0.0	0.0	0.0	0.0	0.0	0.0	0.0	0.0
rs542814609	40847240	C	T	0.0	0.0	0.0	0.0	0.0	0.0	0.0	0.0	0.0	0.0	0.0	0.0	0.0	0.023255813953488372	0.0	0.0	0.0	0.0	0.0	0.0	0.0	0.0	0.0	0.0	0.0	0.0
rs56006279	40847241	G	A	0.0	0.0	0.004761904761904762	0.0	0.010752688172043012	0.0	0.0	0.0	0.0	0.005050505050505051	0.0	0.0	0.0	0.0	0.0	0.0	0.0	0.0	0.0	0.014563106796116505	0.0	0.0	0.0	0.0	0.0	0.0
rs529372394	40847247	G	A	0.0	0.0	0.0	0.0	0.0	0.0	0.0	0.0058823529411764705	0.0	0.0	0.0	0.0	0.0	0.0	0.0	0.0	0.0	0.0	0.0	0.0	0.0	0.0	0.0	0.0	0.0	0.0
rs559914206	40847271	A	G	0.0	0.0	0.0	0.0	0.0	0.0	0.004672897196261682	0.0	0.0	0.0	0.0	0.004424778761061947	0.0	0.0	0.0058823529411764705	0.0	0.0	0.0	0.0	0.0	0.0	0.0	0.0	0.0	0.0	0.0048543689320388345
rs569231510	40847292	A	G	0.0	0.0	0.0	0.0	0.005376344086021506	0.0	0.0	0.0	0.0	0.0	0.0	0.0	0.0	0.0	0.0	0.0	0.0	0.0	0.0	0.0	0.0	0.0	0.0	0.0	0.0	0.0
rs193119488	40847299	C	T	0.0	0.0	0.0	0.0	0.0	0.0	0.0	0.0	0.0	0.0	0.0	0.0	0.0	0.0	0.0	0.0	0.0	0.0	0.0	0.0048543689320388345	0.0	0.0	0.0	0.0	0.0	0.0
rs551667439	40847342	G	A	0.0	0.0	0.0	0.0	0.0	0.0	0.0	0.0	0.0	0.010101010101010102	0.0	0.0	0.0	0.0	0.0	0.0	0.0	0.0	0.0	0.0	0.0	0.0	0.0	0.0	0.0	0.0048543689320388345
rs566790786	40847411	T	G	0.01098901098901099	0.010101010101010102	0.0	0.004807692307692308	0.0	0.015957446808510637	0.004672897196261682	0.0	0.0	0.0	0.0	0.0	0.0	0.0	0.0	0.0	0.0	0.005050505050505051	0.0	0.0	0.0	0.0	0.0	0.0	0.004672897196261682	0.0
rs56267346	40847433	A	G	0.12637362637362637	0.2727272727272727	0.29523809523809524	0.20192307692307693	0.24193548387096775	0.15425531914893617	0.16822429906542055	0.11764705882352941	0.296875	0.2474747474747475	0.3802083333333333	0.3938053097345133	0.4444444444444444	0.19186046511627908	0.4411764705882353	0.17647058823529413	0.18137254901960784	0.13636363636363635	0.4537037037037037	0.28640776699029125	0.27884615384615385	0.4090909090909091	0.4262295081967213	0.1484375	0.16822429906542055	0.25728155339805825
rs56100930	40847506	C	T	0.06593406593406594	0.12121212121212122	0.0380952380952381	0.04326923076923077	0.05913978494623656	0.015957446808510637	0.09345794392523364	0.011764705882352941	0.09375	0.03535353535353535	0.09375	0.08849557522123894	0.045454545454545456	0.040697674418604654	0.08235294117647059	0.058823529411764705	0.04411764705882353	0.05555555555555555	0.06018518518518518	0.024271844660194174	0.004807692307692308	0.15151515151515152	0.11475409836065574	0.0234375	0.0794392523364486	0.043689320388349516
rs112253660	40847658	ATC	A	0.0	0.0	0.0	0.0	0.0	0.0	0.0	0.0	0.0	0.0	0.0	0.0	0.0	0.0	0.0	0.0	0.0	0.0	0.0	0.0	0.0	0.0	0.0	0.0	0.0	0.0
rs567286959	40847662	G	A	0.0	0.0	0.0	0.0	0.0	0.0	0.0	0.0	0.0	0.0	0.0	0.0	0.0	0.0	0.0	0.004901960784313725	0.0	0.0	0.0	0.0	0.0	0.0	0.0	0.0	0.0	0.0
rs537939928	40847700	G	C	0.0	0.0	0.0	0.0	0.0	0.0	0.0	0.0	0.0	0.0	0.005208333333333333	0.0	0.0	0.0	0.0	0.0	0.0	0.0	0.0	0.0	0.0	0.0	0.0	0.0	0.0	0.0
rs72549440	40847706	C	T	0.0	0.0	0.0	0.0	0.0	0.0	0.0	0.0	0.0	0.0	0.005208333333333333	0.004424778761061947	0.010101010101010102	0.0	0.011764705882352941	0.0	0.0	0.0	0.004629629629629629	0.0	0.0	0.020202020202020204	0.02459016393442623	0.0	0.0	0.0
rs199999881	40847719	AT	A	0.0	0.0	0.01904761904761905	0.004807692307692308	0.005376344086021506	0.015957446808510637	0.0	0.047058823529411764	0.0	0.010101010101010102	0.0	0.0	0.0	0.0	0.0	0.0	0.0	0.0	0.0	0.009708737864077669	0.0	0.0	0.0	0.0234375	0.0	0.0
rs577720071	40847725	G	T	0.0	0.0	0.0	0.0	0.005376344086021506	0.0	0.0	0.0	0.0	0.0	0.0	0.0	0.0	0.0	0.0	0.0	0.0	0.0	0.0	0.0	0.0	0.0	0.0	0.0	0.0	0.0
rs544984580	40847752	G	C	0.0	0.0	0.0	0.0	0.0	0.0	0.0	0.0	0.0	0.0	0.010416666666666666	0.02654867256637168	0.015151515151515152	0.0	0.0058823529411764705	0.0	0.0	0.0	0.013888888888888888	0.0	0.0	0.0	0.0	0.0	0.0	0.0
rs554129636	40847822	C	T	0.0	0.0	0.0	0.0	0.0	0.0	0.0	0.0	0.0	0.0	0.005208333333333333	0.004424778761061947	0.0	0.0	0.0	0.0	0.0	0.0	0.009259259259259259	0.0	0.0	0.0	0.00819672131147541	0.0	0.0	0.0
rs572348346	40847838	A	G	0.0	0.0	0.0	0.0	0.0	0.0	0.0	0.0	0.0	0.0	0.0	0.0	0.0	0.0	0.0	0.0	0.0	0.0	0.0	0.0	0.0	0.0	0.0	0.0078125	0.0	0.0
rs542490761	40847939	G	A	0.0	0.0	0.0	0.0	0.0	0.0	0.0	0.0	0.0	0.0	0.0	0.0	0.0	0.0	0.0	0.0	0.0	0.0	0.0	0.0	0.004807692307692308	0.0	0.0	0.0	0.0	0.0
rs2388868	40847944	C	T	0.6373626373626373	0.7474747474747475	0.6095238095238096	0.7163461538461539	0.5913978494623656	0.75	0.6869158878504673	0.8764705882352941	0.7083333333333334	0.6666666666666666	0.7395833333333334	0.6194690265486725	0.7222222222222222	0.6104651162790697	0.6882352941176471	0.6372549019607843	0.5686274509803921	0.7272727272727273	0.7037037037037037	0.5388349514563107	0.6057692307692307	0.696969696969697	0.7459016393442623	0.8359375	0.7102803738317757	0.6747572815533981
rs55921593	40847992	G	T	0.016483516483516484	0.010101010101010102	0.0	0.03365384615384615	0.0	0.005319148936170213	0.02336448598130841	0.011764705882352941	0.010416666666666666	0.0	0.0	0.0	0.0	0.005813953488372093	0.0	0.004901960784313725	0.004901960784313725	0.030303030303030304	0.0	0.0	0.0	0.0	0.0	0.0234375	0.02336448598130841	0.024271844660194174
rs56256033	40848014	T	A	0.0	0.0	0.0	0.004807692307692308	0.0	0.0	0.0	0.0	0.0	0.0	0.010416666666666666	0.01327433628318584	0.005050505050505051	0.0	0.0058823529411764705	0.0	0.0	0.0	0.013888888888888888	0.0	0.0	0.025252525252525252	0.01639344262295082	0.0078125	0.0	0.0
rs562603344	40848018	G	C	0.0	0.0	0.0	0.0	0.0	0.0	0.004672897196261682	0.0	0.0	0.0	0.0	0.0	0.0	0.0	0.0	0.0	0.0	0.0	0.0	0.0	0.0	0.0	0.0	0.0	0.0	0.0
rs533171831	40848130	C	G	0.0	0.0	0.0	0.0	0.0	0.0	0.0	0.0	0.0	0.0	0.0	0.0	0.0	0.0	0.0	0.0	0.0	0.005050505050505051	0.0	0.0	0.0	0.010101010101010102	0.0	0.0	0.0	0.0
rs72549439	40848131	G	A	0.0	0.0	0.0	0.0	0.0	0.0	0.0	0.0	0.0	0.0	0.020833333333333332	0.035398230088495575	0.045454545454545456	0.0	0.01764705882352941	0.0	0.0	0.0	0.05092592592592592	0.0	0.0	0.0	0.02459016393442623	0.0	0.0	0.0
rs771986786	40848221	G	C	0.0	0.0	0.0	0.0	0.0	0.0	0.0	0.0	0.0	0.0	0.0	0.0	0.0	0.0	0.0	0.0	0.0	0.0	0.0	0.0	0.0	0.0	0.0	0.0	0.0	0.0
rs185545560	40848238	G	C	0.0	0.0	0.0	0.0	0.0	0.0	0.0	0.0	0.0	0.0	0.0	0.0	0.0	0.0	0.0	0.0	0.0	0.005050505050505051	0.0	0.0	0.0	0.0	0.0	0.0	0.0	0.0
rs527966463	40848247	A	C	0.0	0.0	0.0	0.0	0.0	0.0	0.0	0.0	0.005208333333333333	0.0	0.0	0.0	0.0	0.0	0.0	0.0	0.0	0.0	0.0	0.0	0.0	0.0	0.0	0.0	0.0	0.0
rs561452609	40848263	TG	T	0.0	0.0	0.0	0.0	0.0	0.0	0.0	0.0	0.0	0.0	0.010416666666666666	0.0	0.005050505050505051	0.0	0.011764705882352941	0.0	0.0	0.0	0.013888888888888888	0.0	0.0	0.0	0.0	0.0	0.0	0.0
rs145393137	40848265	C	T	0.0	0.0	0.0	0.0	0.0	0.0	0.0	0.0	0.0	0.0	0.010416666666666666	0.0	0.005050505050505051	0.0	0.011764705882352941	0.0	0.0	0.0	0.013888888888888888	0.0	0.0	0.0	0.0	0.0	0.0	0.0
rs56256500	40848266	G	A	0.0	0.0	0.0	0.0	0.0	0.0	0.0	0.0	0.0	0.0	0.046875	0.004424778761061947	0.045454545454545456	0.0	0.0058823529411764705	0.0	0.0	0.0	0.013888888888888888	0.0	0.0	0.010101010101010102	0.00819672131147541	0.0	0.0	0.0
rs538011777	40848277	A	G	0.0	0.0	0.0	0.0	0.0	0.0	0.004672897196261682	0.0	0.0	0.0	0.0	0.0	0.0	0.0	0.0	0.0	0.0	0.0	0.0	0.0	0.0	0.0	0.0	0.0	0.0	0.0
rs568811809	40848284	CTT	C	0.0	0.0	0.0	0.0	0.0	0.0	0.0	0.0	0.0	0.0	0.010416666666666666	0.02654867256637168	0.020202020202020204	0.0	0.0058823529411764705	0.0	0.0	0.0	0.013888888888888888	0.0	0.0	0.0	0.0	0.0	0.0	0.0
rs199916117	40848293	T	C	0.0	0.0	0.01904761904761905	0.0	0.005376344086021506	0.0	0.0	0.0	0.0	0.010101010101010102	0.0	0.0	0.0	0.0	0.0	0.0	0.0	0.0	0.0	0.02912621359223301	0.009615384615384616	0.0	0.0	0.0	0.0	0.0
rs571335587	40848304	C	A	0.0	0.0	0.0	0.0	0.0	0.0	0.0	0.0	0.0	0.0	0.0	0.0	0.0	0.005813953488372093	0.0	0.0	0.014705882352941176	0.0	0.0	0.0	0.0	0.0	0.0	0.0	0.0	0.009708737864077669
rs201227951	40848353	G	A	0.0	0.0	0.004761904761904762	0.0	0.005376344086021506	0.0	0.0	0.0	0.0	0.0	0.0	0.0	0.0	0.0	0.0	0.0	0.0	0.0	0.0	0.0	0.0	0.0	0.0	0.0	0.0	0.0
rs150091942	40848366	A	C	0.0	0.0	0.009523809523809525	0.0	0.0	0.0	0.0	0.0	0.005208333333333333	0.005050505050505051	0.0	0.0	0.0	0.0	0.0	0.0	0.0	0.0	0.0	0.009708737864077669	0.0	0.0	0.0	0.0	0.004672897196261682	0.0
rs572409006	40848384	G	C	0.0	0.0	0.0	0.019230769230769232	0.0	0.0	0.0	0.0	0.0	0.0	0.0	0.0	0.0	0.0	0.0	0.0	0.0	0.0	0.0	0.0	0.0	0.0	0.0	0.0	0.0	0.0
rs542903833	40848388	A	G	0.0	0.0	0.0	0.0	0.0	0.0	0.0	0.0	0.0	0.010101010101010102	0.0	0.0	0.0	0.0	0.0	0.0	0.0	0.0	0.0	0.0	0.0	0.0	0.0	0.0	0.004672897196261682	0.0
rs554520787	40848392	C	A	0.0	0.0	0.0	0.0	0.0	0.0	0.0	0.0	0.0	0.010101010101010102	0.0	0.0	0.0	0.0	0.0	0.0	0.0	0.0	0.0	0.0	0.0	0.0	0.0	0.0	0.0	0.0
rs372381649	40848395	G	A	0.0	0.0	0.0	0.0	0.0	0.0	0.0	0.0	0.0	0.0	0.0	0.0	0.0	0.0	0.0	0.0	0.0	0.0	0.0	0.0	0.0	0.0	0.00819672131147541	0.0	0.0	0.0
rs28399443	40848401	G	A	0.016483516483516484	0.010101010101010102	0.0	0.03365384615384615	0.0	0.005319148936170213	0.02336448598130841	0.011764705882352941	0.010416666666666666	0.0	0.0	0.0	0.0	0.005813953488372093	0.0	0.004901960784313725	0.004901960784313725	0.030303030303030304	0.0	0.0	0.0	0.0	0.0	0.0234375	0.018691588785046728	0.024271844660194174
rs572206869	40848439	G	A	0.0	0.0	0.0	0.0	0.0	0.0	0.0	0.0058823529411764705	0.0	0.0	0.0	0.0	0.0	0.0	0.0	0.0	0.0	0.0	0.0	0.0	0.0	0.0	0.0	0.0	0.0	0.0
rs577696506	40848513	C	T	0.0	0.0	0.0	0.0	0.0	0.0	0.0	0.0	0.0	0.0	0.005208333333333333	0.0	0.0	0.0	0.0	0.0	0.0	0.0	0.004629629629629629	0.0	0.0	0.0	0.0	0.0	0.0	0.0
rs57607700	40848537	C	G	0.10989010989010989	0.1414141414141414	0.05714285714285714	0.08173076923076923	0.07526881720430108	0.07446808510638298	0.12149532710280374	0.07058823529411765	0.11979166666666667	0.0707070707070707	0.11458333333333333	0.08849557522123894	0.05555555555555555	0.06976744186046512	0.09411764705882353	0.07352941176470588	0.09313725490196079	0.13636363636363635	0.07407407407407407	0.07281553398058252	0.0673076923076923	0.19696969696969696	0.1721311475409836	0.0625	0.09813084112149532	0.10679611650485436
rs560107238	40848539	A	C	0.0	0.0	0.0	0.0	0.0	0.0	0.0	0.0	0.0	0.0	0.0	0.0	0.0	0.005813953488372093	0.0	0.0	0.0	0.0	0.0	0.0	0.0	0.0	0.0	0.0	0.0	0.0
rs28399442	40848553	C	A	0.016483516483516484	0.010101010101010102	0.0	0.03365384615384615	0.0	0.005319148936170213	0.02336448598130841	0.011764705882352941	0.010416666666666666	0.0	0.0	0.0	0.0	0.005813953488372093	0.0	0.004901960784313725	0.004901960784313725	0.030303030303030304	0.0	0.0	0.0	0.0	0.0	0.0234375	0.02336448598130841	0.024271844660194174
rs374657291	40848569	G	T	0.0	0.0	0.0	0.0	0.0	0.0	0.0	0.0	0.010416666666666666	0.0	0.0	0.0	0.0	0.0	0.0	0.0	0.004901960784313725	0.0	0.0	0.0	0.0	0.0	0.0	0.0	0.0	0.0048543689320388345
rs8192726	40848591	C	A	0.04395604395604396	0.13131313131313133	0.1761904761904762	0.04326923076923077	0.15053763440860216	0.03723404255319149	0.0514018691588785	0.047058823529411764	0.171875	0.18686868686868688	0.0625	0.061946902654867256	0.09595959595959595	0.12209302325581395	0.06470588235294118	0.11274509803921569	0.11274509803921569	0.050505050505050504	0.10185185185185185	0.18932038834951456	0.19230769230769232	0.09090909090909091	0.09836065573770492	0.046875	0.06542056074766354	0.13592233009708737
rs1801272	40848628	A	T	0.027472527472527472	0.020202020202020204	0.0	0.004807692307692308	0.0	0.0	0.037383177570093455	0.011764705882352941	0.0	0.0	0.0	0.0	0.0	0.011627906976744186	0.0	0.00980392156862745	0.0	0.03535353535353535	0.0	0.0	0.0	0.0	0.00819672131147541	0.015625	0.04672897196261682	0.009708737864077669
rs28399441	40848648	C	T	0.0	0.0	0.0	0.02403846153846154	0.0	0.02127659574468085	0.0	0.0	0.0	0.0	0.19791666666666666	0.18584070796460178	0.16161616161616163	0.0	0.2235294117647059	0.0	0.0	0.0	0.18981481481481483	0.0	0.0	0.10101010101010101	0.09836065573770492	0.0	0.0	0.0
rs2545783	40848650	C	A	0.0	0.0	0.0	0.0	0.0	0.0	0.0	0.0	0.0	0.0	0.0	0.004424778761061947	0.0	0.0	0.0058823529411764705	0.0	0.0	0.0	0.0	0.0	0.0	0.005050505050505051	0.00819672131147541	0.0	0.0	0.0
rs60996254	40848656	C	T	0.0	0.0	0.0	0.0	0.0	0.0	0.004672897196261682	0.0	0.0	0.0	0.0	0.0	0.0	0.0	0.0	0.0	0.0	0.0	0.0	0.0	0.0	0.0	0.0	0.0	0.0	0.0
rs200793736	40848671	C	T	0.0	0.0	0.0	0.0	0.0	0.0	0.0	0.0	0.0	0.0	0.0	0.0	0.0	0.0	0.0	0.0	0.0	0.0	0.0	0.0	0.0	0.0	0.0	0.0	0.004672897196261682	0.0
rs59552350	40848716	A	C	0.0	0.0	0.0	0.0	0.0	0.0	0.0	0.0	0.0	0.0	0.0	0.004424778761061947	0.015151515151515152	0.0	0.0	0.0	0.0	0.0	0.004629629629629629	0.0	0.0	0.0	0.01639344262295082	0.0	0.0	0.0
rs535832503	40848717	G	A	0.0	0.0	0.0	0.0	0.0	0.0	0.0	0.0	0.0	0.0	0.0	0.004424778761061947	0.015151515151515152	0.0	0.0	0.0	0.0	0.0	0.004629629629629629	0.0	0.0	0.0	0.01639344262295082	0.0	0.0	0.0
rs554865113	40848721	C	G	0.0	0.0	0.0	0.0	0.0	0.0	0.0	0.0	0.0	0.0	0.0	0.004424778761061947	0.0	0.0	0.0	0.0	0.0	0.0	0.0	0.0	0.0	0.0	0.0	0.0	0.0	0.0
rs4986891	40848724	C	A	0.0	0.0	0.0	0.0	0.0	0.0	0.0	0.0	0.0	0.0	0.0	0.004424778761061947	0.015151515151515152	0.0	0.0	0.0	0.0	0.0	0.004629629629629629	0.0	0.0	0.0	0.01639344262295082	0.0	0.0	0.0
rs537280653	40848729	C	T	0.0	0.0	0.0	0.0	0.0	0.0	0.0	0.0	0.0	0.0	0.0	0.0	0.0	0.0	0.0	0.0	0.0	0.0	0.0	0.0	0.0	0.0	0.00819672131147541	0.0	0.0	0.0
rs28399440	40848755	A	G	0.0	0.0	0.0	0.0	0.0	0.0	0.0	0.0	0.0	0.0	0.015625	0.008849557522123894	0.025252525252525252	0.0	0.011764705882352941	0.0	0.0	0.0	0.037037037037037035	0.0	0.0	0.0	0.02459016393442623	0.0	0.0	0.0
rs577758165	40848777	C	T	0.0	0.0	0.0	0.0	0.0	0.0	0.0	0.0	0.0	0.0	0.0	0.004424778761061947	0.0	0.0	0.0	0.0	0.0	0.0	0.0	0.0	0.0	0.0	0.0	0.0	0.0	0.0
rs371146023	40848794	G	A	0.0	0.0	0.0	0.0	0.0	0.0	0.0	0.0	0.015625	0.0	0.0	0.0	0.0	0.0	0.0	0.0196078431372549	0.00980392156862745	0.0	0.0	0.0	0.0	0.0	0.0	0.0	0.0	0.009708737864077669
rs200390640	40848797	A	G	0.0	0.0	0.0	0.0	0.0	0.0	0.009345794392523364	0.0	0.0	0.0	0.0	0.0	0.0	0.0	0.0	0.0	0.0	0.005050505050505051	0.0	0.0	0.0	0.0	0.0	0.0	0.009345794392523364	0.0
rs572417875	40848799	G	T	0.0	0.0	0.0	0.0	0.0	0.0	0.0	0.0	0.0	0.0	0.0	0.0	0.0	0.0	0.0	0.004901960784313725	0.0	0.0	0.0	0.0	0.0	0.0	0.0	0.0	0.0	0.0
rs8192725	40848807	A	G	0.7142857142857143	0.8636363636363636	0.8095238095238095	0.7644230769230769	0.7419354838709677	0.7819148936170213	0.7570093457943925	0.888235294117647	0.7447916666666666	0.7878787878787878	0.8072916666666666	0.7123893805309734	0.8181818181818182	0.6337209302325582	0.788235294117647	0.6617647058823529	0.6078431372549019	0.7878787878787878	0.8101851851851852	0.7378640776699029	0.8509615384615384	0.8383838383838383	0.8688524590163934	0.8671875	0.7523364485981309	0.7038834951456311
rs561651970	40848821	A	T	0.0	0.0	0.0	0.0	0.0	0.0	0.0	0.0	0.0	0.0	0.0	0.008849557522123894	0.0	0.0	0.0	0.0	0.0	0.0	0.0	0.0	0.0	0.0	0.0	0.0	0.0	0.0
rs567115644	40848827	TCCAAGGGGCTCC	T	0.0	0.0	0.0	0.0	0.005376344086021506	0.005319148936170213	0.0	0.0	0.0	0.0	0.0	0.0	0.0	0.0	0.0058823529411764705	0.0	0.0	0.0	0.0	0.0	0.0	0.0	0.0	0.0078125	0.0	0.0
rs531895004	40848868	T	G	0.0	0.0	0.0	0.0	0.0	0.0	0.0	0.0	0.0	0.0	0.0	0.004424778761061947	0.0	0.005813953488372093	0.0	0.0	0.004901960784313725	0.0	0.0	0.0	0.0	0.0	0.0	0.0	0.0	0.0
rs67032351	40848940	TAGAG	T	0.7417582417582418	0.8181818181818182	0.6	0.7355769230769231	0.5860215053763441	0.7606382978723404	0.7336448598130841	0.8823529411764706	0.6927083333333334	0.6515151515151515	0.6302083333333334	0.504424778761062	0.6161616161616161	0.6395348837209303	0.5294117647058824	0.7009803921568627	0.7401960784313726	0.7878787878787878	0.5648148148148148	0.6019417475728155	0.6298076923076923	0.5707070707070707	0.6475409836065574	0.8203125	0.7663551401869159	0.6407766990291263
chr19:41354873G-GA	40848968	G	GA	0.0	0.0	0.0	0.0	0.0	0.0	0.0	0.0	0.0	0.0	0.0	0.0	0.0	0.0	0.0	0.0	0.0	0.0	0.0	0.0	0.0	0.0	0.0	0.0	0.0	0.0
chr19:41354881GA-G	40848976	GA	G	0.0	0.0	0.0	0.0	0.0	0.0	0.0	0.0	0.0	0.0	0.0	0.0	0.0	0.0	0.0	0.0	0.0	0.0	0.0	0.0	0.0	0.0	0.0	0.0	0.0	0.0
rs368499260	40849026	G	GAC	0.04395604395604396	0.12626262626262627	0.21428571428571427	0.10096153846153846	0.17204301075268819	0.11170212765957446	0.04205607476635514	0.09411764705882353	0.16666666666666666	0.13636363636363635	0.052083333333333336	0.05309734513274336	0.09090909090909091	0.12209302325581395	0.06470588235294118	0.10294117647058823	0.10294117647058823	0.050505050505050504	0.08796296296296297	0.21359223300970873	0.1875	0.07575757575757576	0.09836065573770492	0.109375	0.07476635514018691	0.17475728155339806
rs200110220	40849036	A	G	0.5879120879120879	0.6818181818181818	0.5523809523809524	0.625	0.4946236559139785	0.6648936170212766	0.5981308411214953	0.8529411764705882	0.5260416666666666	0.6060606060606061	0.5364583333333334	0.415929203539823	0.5454545454545454	0.5348837209302325	0.4294117647058823	0.5343137254901961	0.5	0.6818181818181818	0.4861111111111111	0.44660194174757284	0.6394230769230769	0.494949494949495	0.5655737704918032	0.78125	0.6214953271028038	0.5825242718446602
rs201245811	40849037	G	A	0.5879120879120879	0.6818181818181818	0.5523809523809524	0.625	0.4946236559139785	0.6648936170212766	0.5981308411214953	0.8529411764705882	0.5260416666666666	0.6060606060606061	0.5364583333333334	0.415929203539823	0.5454545454545454	0.5348837209302325	0.4294117647058823	0.5343137254901961	0.5	0.6818181818181818	0.4861111111111111	0.44660194174757284	0.6394230769230769	0.494949494949495	0.5655737704918032	0.78125	0.6214953271028038	0.5825242718446602
rs72549437	40849088	G	C	0.0	0.0	0.0	0.0	0.0	0.0	0.0	0.0	0.005208333333333333	0.0	0.005208333333333333	0.004424778761061947	0.010101010101010102	0.0	0.011764705882352941	0.0	0.004901960784313725	0.0	0.004629629629629629	0.0	0.0	0.020202020202020204	0.02459016393442623	0.0	0.0	0.0048543689320388345
rs114114578	40849103	A	C	0.0	0.0	0.0	0.009615384615384616	0.0	0.010638297872340425	0.0	0.0	0.0	0.0	0.15625	0.14601769911504425	0.12626262626262627	0.0	0.11176470588235295	0.0	0.0	0.0	0.14351851851851852	0.0	0.0	0.05555555555555555	0.07377049180327869	0.0	0.0	0.0
rs565605333	40849119	A	G	0.005494505494505495	0.0	0.0	0.0	0.0	0.0	0.0	0.0	0.0	0.0	0.0	0.0	0.0	0.0	0.0	0.0	0.0	0.0	0.0	0.0	0.0	0.0	0.0	0.0	0.0	0.0
rs536267403	40849150	A	G	0.0	0.0	0.0	0.0	0.005376344086021506	0.0	0.0	0.0	0.0	0.0	0.0	0.0	0.0	0.0	0.0	0.0	0.0	0.0	0.0	0.0	0.0	0.0	0.0	0.0	0.0	0.0
rs547855533	40849160	A	G	0.0	0.0	0.0	0.0	0.0	0.0	0.0	0.0	0.0	0.0	0.005208333333333333	0.0	0.0	0.0	0.0	0.0	0.0	0.0	0.0	0.0	0.0	0.0	0.0	0.0	0.0	0.0
rs569969411	40849161	G	T	0.0	0.0	0.0	0.0	0.0	0.0	0.0	0.0	0.0	0.0	0.0	0.0	0.0	0.0	0.0	0.0	0.0	0.0	0.0	0.0048543689320388345	0.0	0.0	0.0	0.0	0.0	0.0
rs536649338	40849174	A	G	0.005494505494505495	0.0	0.0	0.0	0.0	0.0	0.0	0.0	0.0	0.0	0.0	0.0	0.0	0.0	0.0	0.0	0.0	0.0	0.0	0.0	0.0	0.0	0.0	0.0	0.0	0.0
rs148948768	40849215	T	A	0.0	0.0	0.004761904761904762	0.0	0.010752688172043012	0.0	0.0	0.0	0.0	0.010101010101010102	0.010416666666666666	0.004424778761061947	0.015151515151515152	0.0	0.011764705882352941	0.0	0.004901960784313725	0.0	0.023148148148148147	0.02912621359223301	0.019230769230769232	0.010101010101010102	0.00819672131147541	0.0	0.0	0.0048543689320388345
rs576524900	40849271	G	T	0.0	0.0	0.0	0.0	0.0	0.0	0.0	0.0058823529411764705	0.0	0.0	0.0	0.0	0.0	0.0	0.0	0.0	0.0	0.0	0.0	0.0	0.0	0.0	0.0	0.0	0.0	0.0
rs534449205	40849276	T	C	0.0	0.0	0.0	0.0	0.005376344086021506	0.0	0.0	0.0	0.0	0.005050505050505051	0.0	0.0	0.0	0.0	0.0	0.0	0.0	0.0	0.0	0.0	0.0	0.0	0.0	0.0	0.0	0.0
rs553928000	40849279	A	C	0.0	0.0	0.0	0.0	0.0	0.0	0.0	0.0	0.0	0.0	0.0	0.0	0.0	0.005813953488372093	0.0	0.0	0.0	0.0	0.0	0.0	0.0	0.0	0.0	0.0	0.0	0.0
rs7250713	40849290	G	C	0.5604395604395604	0.6565656565656566	0.580952380952381	0.5528846153846154	0.553763440860215	0.6170212765957447	0.5373831775700935	0.8235294117647058	0.5833333333333334	0.6313131313131313	0.21354166666666666	0.24778761061946902	0.2676767676767677	0.5348837209302325	0.2	0.5588235294117647	0.5392156862745098	0.601010101010101	0.2777777777777778	0.5145631067961165	0.6009615384615384	0.2878787878787879	0.39344262295081966	0.7265625	0.5560747663551402	0.6019417475728155
rs543272794	40849304	G	A	0.0	0.0	0.0	0.0	0.0	0.0	0.0	0.0	0.0	0.0	0.0	0.0	0.0	0.0	0.0	0.004901960784313725	0.0	0.0	0.0	0.0	0.0	0.0	0.0	0.0	0.0	0.0
rs554973769	40849354	G	T	0.0	0.0	0.0	0.0	0.0	0.0	0.0	0.0	0.0	0.0	0.0	0.0	0.0	0.0	0.0	0.0	0.0	0.0	0.0	0.0	0.0	0.005050505050505051	0.0	0.0	0.0	0.0
rs547078508	40849386	A	G	0.0	0.0	0.004761904761904762	0.0	0.0	0.0	0.0	0.0	0.0	0.0	0.0	0.0	0.0	0.0	0.0	0.0	0.0	0.0	0.0	0.0	0.0	0.0	0.0	0.0	0.0	0.0
rs543835444	40849394	G	C	0.0	0.0	0.0	0.0	0.0	0.0	0.0	0.0	0.0	0.005050505050505051	0.0	0.0	0.0	0.0	0.0	0.0	0.0	0.0	0.0	0.0	0.0	0.0	0.0	0.0	0.0	0.0
rs571687041	40849400	G	A	0.0	0.0	0.0	0.0	0.0	0.0	0.0	0.0	0.0	0.0	0.0	0.0	0.0	0.0	0.0	0.0	0.0	0.0	0.0	0.0	0.004807692307692308	0.0	0.0	0.0	0.0	0.0
rs569849001	40849448	G	A	0.0	0.0	0.0	0.0	0.0	0.0	0.0	0.0	0.0	0.0	0.0	0.0	0.0	0.0	0.0	0.0	0.004901960784313725	0.0	0.0	0.0	0.0	0.0	0.0	0.0	0.0	0.0
rs188681749	40849480	C	G	0.01098901098901099	0.0	0.0	0.009615384615384616	0.0	0.0	0.0	0.0	0.0	0.0	0.0	0.0	0.0	0.0	0.0	0.0	0.0	0.0	0.0	0.0	0.0	0.0	0.0	0.0	0.009345794392523364	0.0
rs559469574	40849485	A	C	0.0	0.0	0.0	0.0	0.0	0.0	0.0	0.0	0.0	0.0	0.0	0.0	0.0	0.0	0.0	0.0	0.0	0.0	0.0	0.0	0.0	0.005050505050505051	0.0	0.0	0.0	0.0
rs140911924	40849513	A	G	0.0	0.0	0.0	0.004807692307692308	0.0	0.0	0.0	0.0	0.0	0.0	0.0	0.0	0.0	0.0	0.0	0.029411764705882353	0.0	0.0	0.0	0.0	0.0	0.015151515151515152	0.0	0.0	0.0	0.0048543689320388345
rs55768417	40849514	A	G	0.0	0.0	0.0	0.02403846153846154	0.0	0.02127659574468085	0.0	0.0	0.0	0.0	0.19270833333333334	0.1902654867256637	0.16161616161616163	0.0	0.2235294117647059	0.0	0.0	0.0	0.18981481481481483	0.0	0.0	0.10101010101010101	0.09836065573770492	0.0	0.0	0.0
rs56014815	40849521	C	T	0.005494505494505495	0.0	0.0	0.0	0.0	0.010638297872340425	0.004672897196261682	0.0	0.026041666666666668	0.0	0.0	0.0	0.0	0.01744186046511628	0.0	0.014705882352941176	0.0196078431372549	0.0	0.0	0.0	0.0	0.0	0.0	0.0	0.0	0.019417475728155338
rs530757847	40849553	A	G	0.0	0.0	0.0	0.0	0.0	0.0	0.0	0.0	0.0	0.0	0.0	0.0	0.0	0.0	0.0	0.0	0.0	0.0	0.0	0.0048543689320388345	0.0	0.0	0.0	0.0	0.0	0.0
rs551743511	40849605	G	A	0.0	0.0	0.0	0.0	0.0	0.0	0.0	0.0	0.0	0.0	0.0	0.0	0.0	0.0	0.0	0.0	0.0	0.0	0.0	0.0	0.0	0.0	0.0	0.0	0.0	0.0048543689320388345
rs185167383	40849610	A	C	0.0	0.0	0.0	0.0	0.0	0.0	0.0	0.0	0.0	0.0	0.005208333333333333	0.0	0.005050505050505051	0.0	0.011764705882352941	0.0	0.0	0.0	0.004629629629629629	0.0	0.0	0.005050505050505051	0.00819672131147541	0.0	0.0	0.0
rs534388084	40849630	G	C	0.0	0.0	0.0	0.0	0.005376344086021506	0.0	0.0	0.0	0.0	0.0	0.0	0.004424778761061947	0.0	0.0	0.0058823529411764705	0.0	0.0	0.0	0.0	0.0	0.0	0.0	0.0	0.0	0.0	0.0
rs552811042	40849650	G	A	0.0	0.0	0.004761904761904762	0.0	0.0	0.0	0.0	0.0	0.0	0.0	0.0	0.0	0.0	0.0	0.0	0.0	0.0	0.0	0.0	0.0	0.0	0.0	0.0	0.0	0.0	0.0
rs138920918	40849659	T	A	0.0	0.0	0.004761904761904762	0.0	0.0	0.0	0.0	0.0	0.0	0.0	0.0	0.0	0.0	0.0	0.0	0.0	0.0	0.0	0.0	0.0	0.0	0.0	0.0	0.0	0.0	0.009708737864077669
rs138920918	40849659	T	C	0.0	0.0	0.004761904761904762	0.0	0.0	0.0	0.0	0.0	0.0	0.0	0.0	0.0	0.0	0.0	0.0	0.0	0.0	0.0	0.0	0.0	0.0	0.0	0.0	0.0	0.0	0.009708737864077669
rs540630208	40849660	A	G	0.0	0.0	0.004761904761904762	0.0	0.0	0.0	0.0	0.0	0.0	0.0	0.0	0.0	0.0	0.0	0.0	0.0	0.0	0.0	0.0	0.0	0.0	0.0	0.0	0.0	0.0	0.009708737864077669
rs552926611	40849665	T	G	0.0	0.0	0.004761904761904762	0.0	0.0	0.0	0.0	0.0	0.0	0.0	0.0	0.0	0.0	0.0	0.0	0.0	0.0	0.0	0.0	0.0	0.0	0.0	0.0	0.0	0.0	0.0
rs142944774	40849677	A	G	0.0	0.0	0.0	0.0	0.0	0.0	0.0	0.0	0.0	0.0	0.0	0.004424778761061947	0.0	0.0	0.023529411764705882	0.0	0.0	0.0	0.004629629629629629	0.0	0.0	0.010101010101010102	0.0	0.0	0.0	0.0
rs55930143	40849678	A	G	0.005494505494505495	0.0	0.0	0.0	0.005376344086021506	0.010638297872340425	0.004672897196261682	0.0	0.026041666666666668	0.015151515151515152	0.015625	0.017699115044247787	0.015151515151515152	0.01744186046511628	0.011764705882352941	0.0196078431372549	0.024509803921568627	0.005050505050505051	0.018518518518518517	0.0	0.0	0.010101010101010102	0.01639344262295082	0.0	0.0	0.019417475728155338
rs56145769	40849707	C	T	0.0	0.0	0.0	0.009615384615384616	0.0	0.005319148936170213	0.0	0.0	0.0	0.0	0.015625	0.05752212389380531	0.05555555555555555	0.0	0.041176470588235294	0.0	0.0	0.005050505050505051	0.041666666666666664	0.0	0.0	0.045454545454545456	0.04918032786885246	0.0	0.004672897196261682	0.0
rs189326843	40849708	T	A	0.0	0.0	0.0	0.0	0.0	0.0	0.0	0.0	0.0	0.0	0.005208333333333333	0.0	0.0	0.0	0.0	0.0	0.0	0.0	0.004629629629629629	0.0	0.0	0.0	0.0	0.0	0.0	0.0
rs559599283	40849715	T	C	0.0	0.0	0.0	0.0	0.0	0.0	0.0	0.0	0.005208333333333333	0.0	0.0	0.0	0.0	0.0	0.0	0.0	0.0	0.0	0.0	0.0	0.0	0.0	0.0	0.0	0.0	0.0
rs577714014	40849719	C	A	0.0	0.0	0.0	0.0	0.0	0.0	0.0	0.0	0.005208333333333333	0.0	0.0	0.0	0.0	0.0	0.0	0.0	0.0	0.0	0.0	0.0	0.0	0.0	0.0	0.0	0.0	0.0
rs541653514	40849731	G	C	0.0	0.0	0.0	0.0	0.0	0.0	0.0	0.0	0.0	0.0	0.0	0.0	0.0	0.0	0.0	0.0	0.0	0.0	0.009259259259259259	0.0	0.0	0.0	0.0	0.0	0.0	0.0
rs370779055	40849733	T	G	0.0	0.0	0.0	0.0	0.0	0.0	0.0	0.0	0.005208333333333333	0.0	0.0	0.004424778761061947	0.0	0.011627906976744186	0.0	0.0	0.00980392156862745	0.0	0.004629629629629629	0.0	0.0	0.0	0.0	0.0	0.0	0.0
rs568284749	40849749	G	A	0.0	0.0	0.0	0.0	0.0	0.0	0.0	0.0	0.0	0.0	0.0	0.0	0.0	0.0	0.0	0.004901960784313725	0.00980392156862745	0.0	0.0	0.0	0.0	0.0	0.0	0.0	0.0	0.0
rs368498743	40849755	G	T	0.0	0.0	0.0	0.0	0.0	0.0	0.0	0.0	0.0	0.0	0.0	0.0	0.0	0.0	0.0	0.0	0.0	0.0	0.0	0.0	0.0	0.0	0.0	0.0	0.0	0.0
rs552078193	40849760	G	C	0.0	0.0	0.0	0.0	0.0	0.0	0.0	0.0	0.0	0.0	0.010416666666666666	0.004424778761061947	0.010101010101010102	0.0	0.011764705882352941	0.0	0.0	0.0	0.009259259259259259	0.0	0.0	0.010101010101010102	0.00819672131147541	0.0	0.0	0.0
rs72549436	40849771	C	A	0.0	0.0	0.0	0.004807692307692308	0.0	0.0	0.0	0.0	0.0	0.0	0.005208333333333333	0.008849557522123894	0.030303030303030304	0.0	0.041176470588235294	0.0	0.0	0.0	0.032407407407407406	0.0	0.0	0.04040404040404041	0.00819672131147541	0.0078125	0.0	0.0
rs377137055	40849776	G	A	0.0	0.0	0.0	0.0	0.0	0.0	0.0	0.0	0.0	0.0	0.0	0.008849557522123894	0.0	0.0	0.0	0.0	0.0	0.0	0.004629629629629629	0.0	0.0	0.0	0.0	0.0	0.0	0.0
rs546628995	40849796	C	T	0.0	0.0	0.0	0.0	0.0	0.0	0.0	0.0	0.0	0.0	0.0	0.0	0.0	0.0	0.0	0.0	0.0	0.0	0.0	0.0	0.0	0.005050505050505051	0.0	0.0	0.0	0.0
rs28399439	40849808	AC	A	0.0	0.0	0.0	0.02403846153846154	0.0	0.02127659574468085	0.0	0.0	0.0	0.0	0.19270833333333334	0.18141592920353983	0.16161616161616163	0.0	0.21764705882352942	0.0	0.0	0.0	0.18518518518518517	0.0	0.0	0.09595959595959595	0.09836065573770492	0.0	0.0	0.0
rs182169150	40849819	A	G	0.0	0.0	0.0	0.0	0.0	0.0	0.0	0.0	0.0	0.0	0.0	0.0	0.0	0.0	0.0	0.0	0.0	0.0	0.0	0.0	0.0	0.0	0.0	0.0	0.004672897196261682	0.0
rs72549435	40849833	C	G	0.0	0.0	0.0	0.0	0.0	0.005319148936170213	0.0	0.0	0.0	0.0	0.005208333333333333	0.0	0.010101010101010102	0.0	0.011764705882352941	0.0	0.0	0.0	0.013888888888888888	0.0048543689320388345	0.0	0.025252525252525252	0.00819672131147541	0.0	0.0	0.0
rs72549434	40849849	T	C	0.0	0.0	0.0	0.004807692307692308	0.0	0.005319148936170213	0.0	0.0	0.0	0.0	0.005208333333333333	0.0	0.010101010101010102	0.0	0.011764705882352941	0.0	0.0	0.0	0.023148148148148147	0.009708737864077669	0.0	0.025252525252525252	0.00819672131147541	0.0	0.0	0.0
rs199545200	40849860	G	A	0.0	0.0	0.0	0.0	0.0	0.0	0.0	0.0	0.0	0.0	0.0	0.0	0.0	0.0	0.0	0.0	0.0	0.0	0.0	0.0	0.004807692307692308	0.0	0.0	0.0	0.0	0.0
rs28609092	40849870	C	T	0.0	0.0	0.0	0.0	0.0	0.0	0.0	0.0	0.0	0.0	0.036458333333333336	0.0	0.08585858585858586	0.0	0.01764705882352941	0.0	0.0	0.0	0.05092592592592592	0.0	0.0	0.05555555555555555	0.00819672131147541	0.0078125	0.0	0.0
rs145308399	40849872	C	T	0.0	0.0	0.0	0.0	0.0	0.005319148936170213	0.004672897196261682	0.0	0.020833333333333332	0.005050505050505051	0.0	0.0	0.0	0.040697674418604654	0.0	0.004901960784313725	0.03431372549019608	0.0	0.0	0.0	0.0	0.010101010101010102	0.0	0.0	0.0	0.009708737864077669
rs577267650	40849881	G	T	0.0	0.0	0.0	0.0	0.0	0.0	0.0	0.0	0.005208333333333333	0.0	0.0	0.0	0.0	0.0	0.0	0.0	0.0	0.0	0.0	0.0	0.0	0.0	0.0	0.0	0.0	0.0
rs143067113	40849902	C	T	0.0	0.0	0.0	0.0	0.0	0.0	0.0	0.0	0.0	0.0	0.0	0.0	0.0	0.0	0.0058823529411764705	0.0	0.0	0.0	0.0	0.0	0.0	0.0	0.0	0.0	0.0	0.0
rs201250423	40849931	C	A	0.0	0.0	0.0	0.0	0.0	0.005319148936170213	0.0	0.0	0.0	0.0	0.0	0.0	0.0	0.0	0.0	0.0	0.0	0.0	0.0	0.0	0.0	0.0	0.0	0.0	0.0	0.0
rs201833760	40849933	C	A	0.0	0.0	0.0	0.0	0.0	0.0	0.0	0.0	0.0	0.0	0.0	0.0	0.0	0.0	0.0	0.0	0.0	0.0	0.0	0.0	0.0	0.0	0.0	0.0	0.014018691588785047	0.0
rs143690364	40849959	C	T	0.0	0.0	0.0	0.0	0.0	0.0	0.0	0.0	0.0	0.0	0.0	0.0	0.0	0.0	0.0	0.0	0.0	0.0	0.0	0.0	0.0	0.005050505050505051	0.0	0.0	0.0	0.0
rs72549433	40849960	G	A	0.0	0.0	0.0	0.0	0.005376344086021506	0.0	0.0	0.0	0.0	0.0	0.005208333333333333	0.004424778761061947	0.010101010101010102	0.0	0.0058823529411764705	0.0	0.0	0.0	0.004629629629629629	0.0	0.0	0.020202020202020204	0.02459016393442623	0.0	0.0	0.0
rs199515342	40849971	G	A	0.005494505494505495	0.005050505050505051	0.0	0.014423076923076924	0.005376344086021506	0.0	0.004672897196261682	0.0	0.0	0.015151515151515152	0.0	0.0	0.0	0.0	0.0	0.0	0.004901960784313725	0.010101010101010102	0.0	0.0048543689320388345	0.0	0.0	0.0	0.015625	0.0	0.0
rs545654135	40850004	T	C	0.0	0.0	0.0	0.0	0.0	0.0	0.0	0.0	0.0	0.0	0.0	0.0	0.0	0.0	0.0	0.0	0.00980392156862745	0.0	0.0	0.0	0.0	0.0	0.0	0.0	0.0	0.0
rs28399438	40850014	A	C	0.0	0.0	0.0	0.02403846153846154	0.010752688172043012	0.02127659574468085	0.0	0.0	0.0	0.0	0.19270833333333334	0.18584070796460178	0.16161616161616163	0.005813953488372093	0.2235294117647059	0.0	0.0	0.0	0.18518518518518517	0.0	0.0	0.09595959595959595	0.09836065573770492	0.0	0.004672897196261682	0.0
rs28399437	40850039	G	C	0.0	0.0	0.0	0.0	0.0	0.0	0.0	0.0	0.0	0.0	0.005208333333333333	0.008849557522123894	0.0	0.0	0.0058823529411764705	0.0	0.0	0.0	0.0	0.0	0.0	0.0	0.0	0.0	0.0	0.0
rs546270627	40850073	C	G	0.0	0.0	0.0	0.0	0.0	0.0	0.0	0.0	0.0	0.0	0.0	0.0	0.010101010101010102	0.0	0.0	0.0	0.0	0.0	0.0	0.0	0.0	0.0	0.0	0.0	0.0	0.0
rs141128348	40850144	A	C	0.0	0.0	0.0	0.0	0.0	0.0	0.0	0.0	0.0	0.0	0.036458333333333336	0.0	0.08585858585858586	0.0	0.01764705882352941	0.0	0.0	0.0	0.05092592592592592	0.0	0.0	0.05555555555555555	0.00819672131147541	0.0078125	0.0	0.0
rs8192723	40850149	C	T	0.0	0.0	0.0	0.0	0.0	0.0	0.0	0.0	0.0	0.0	0.0	0.0	0.0	0.0	0.0	0.0	0.0	0.0	0.0	0.0	0.004807692307692308	0.0	0.0	0.0	0.0	0.0
rs191965231	40850150	T	C	0.0	0.0	0.0	0.0	0.0	0.0	0.0	0.0	0.0	0.0	0.005208333333333333	0.0	0.0	0.0	0.0	0.0	0.0	0.0	0.004629629629629629	0.0	0.0	0.0	0.0	0.0	0.0	0.0
rs570229222	40850175	C	T	0.0	0.0	0.0	0.0	0.0	0.0	0.0	0.0	0.0	0.0	0.0	0.0	0.0	0.0	0.0	0.0	0.004901960784313725	0.0	0.0	0.0	0.0	0.0	0.0	0.0	0.0	0.0
rs28399436	40850190	C	T	0.0	0.0	0.004761904761904762	0.0	0.0	0.0	0.0	0.0	0.0	0.0	0.0	0.0	0.0	0.0	0.0	0.0	0.0	0.0	0.0	0.009708737864077669	0.0	0.0	0.0	0.0	0.0	0.0
rs140179029	40850217	C	T	0.0	0.0	0.0	0.0	0.0	0.0	0.0	0.0	0.0	0.0	0.005208333333333333	0.017699115044247787	0.020202020202020204	0.0	0.0	0.0	0.0	0.0	0.013888888888888888	0.0	0.0	0.0	0.0	0.0	0.0	0.0
rs8192722	40850218	G	A	0.0	0.0	0.0	0.02403846153846154	0.0	0.02127659574468085	0.0	0.0	0.0	0.0	0.19270833333333334	0.18584070796460178	0.16161616161616163	0.0	0.2235294117647059	0.0	0.0	0.0	0.18518518518518517	0.0	0.0	0.09595959595959595	0.09836065573770492	0.0	0.0	0.0
rs535366981	40850227	A	G	0.0	0.0	0.0	0.0	0.0	0.0	0.0	0.0	0.0	0.005050505050505051	0.0	0.0	0.0	0.0	0.0	0.0	0.0	0.0	0.0	0.0	0.0	0.0	0.0	0.0	0.0	0.0
rs553074588	40850229	C	T	0.0	0.0	0.0	0.0	0.0	0.0	0.0	0.0	0.0	0.0	0.0	0.0	0.0	0.0	0.0	0.0	0.0	0.0	0.0	0.0	0.0	0.005050505050505051	0.0	0.0	0.0	0.0
rs369561609	40850233	C	G	0.0	0.005050505050505051	0.0	0.0	0.0	0.0	0.0	0.0	0.0	0.0	0.0	0.0	0.0	0.0	0.0	0.0	0.0	0.0	0.0	0.0	0.0	0.0	0.0	0.0	0.0	0.0
rs56283800	40850283	C	T	0.06593406593406594	0.12626262626262627	0.0380952380952381	0.04807692307692308	0.05913978494623656	0.015957446808510637	0.09813084112149532	0.011764705882352941	0.09375	0.03535353535353535	0.08854166666666667	0.084070796460177	0.045454545454545456	0.040697674418604654	0.08235294117647059	0.058823529411764705	0.04411764705882353	0.05555555555555555	0.05555555555555555	0.024271844660194174	0.0	0.15656565656565657	0.10655737704918032	0.03125	0.0794392523364486	0.043689320388349516
rs139344949	40850292	G	A	0.01098901098901099	0.0	0.0	0.009615384615384616	0.0	0.0	0.0	0.0	0.0	0.0	0.0	0.0	0.0	0.0	0.0	0.0	0.0	0.0	0.0	0.0	0.0	0.0	0.0	0.0078125	0.009345794392523364	0.0
rs575050301	40850299	A	G	0.0	0.005050505050505051	0.0	0.0	0.0	0.0	0.0	0.0	0.0	0.0	0.0	0.0	0.0	0.0	0.0	0.0	0.0	0.0	0.0	0.0	0.0	0.0	0.0	0.0	0.0	0.0
rs28399435	40850341	C	T	0.06593406593406594	0.025252525252525252	0.0	0.02403846153846154	0.0	0.03723404255319149	0.014018691588785047	0.0	0.010416666666666666	0.0	0.015625	0.0	0.0	0.005813953488372093	0.0	0.014705882352941176	0.058823529411764705	0.03535353535353535	0.0	0.0	0.0	0.0	0.0	0.0	0.028037383177570093	0.019417475728155338
rs563981730	40850348	T	C	0.0	0.0	0.0	0.0	0.0	0.0	0.0	0.0	0.0	0.0	0.0	0.0	0.0	0.0	0.0	0.0	0.004901960784313725	0.0	0.0	0.0	0.0	0.0	0.0	0.0	0.0	0.0
rs572785621	40850369	A	G	0.0	0.0	0.0	0.0	0.0	0.0	0.0	0.0	0.0	0.0	0.0	0.0	0.0	0.0	0.0	0.00980392156862745	0.004901960784313725	0.0	0.0	0.0	0.0	0.0	0.0	0.0	0.0	0.0
rs1137115	40850376	T	C	0.7087912087912088	0.8636363636363636	0.8095238095238095	0.7548076923076923	0.7419354838709677	0.7819148936170213	0.7710280373831776	0.888235294117647	0.7447916666666666	0.7828282828282829	0.8020833333333334	0.7035398230088495	0.7929292929292929	0.627906976744186	0.7470588235294118	0.6470588235294118	0.6029411764705882	0.7777777777777778	0.7777777777777778	0.7427184466019418	0.8509615384615384	0.7929292929292929	0.860655737704918	0.8515625	0.7383177570093458	0.6893203883495146
rs151097223	40850385	G	A	0.0	0.0	0.0	0.0	0.0	0.0	0.0	0.0	0.0	0.0	0.0	0.0	0.0	0.0	0.0	0.0	0.0	0.0	0.0	0.0	0.0	0.0	0.0	0.0	0.004672897196261682	0.0
rs373993802	40850389	A	G	0.0	0.0	0.0	0.0	0.0	0.0	0.0	0.0	0.0	0.0	0.0	0.0	0.0	0.0	0.0	0.0	0.0	0.0	0.0	0.0	0.0	0.0	0.0	0.0	0.0	0.0048543689320388345
rs8192720	40850405	G	A	0.005494505494505495	0.015151515151515152	0.18095238095238095	0.0	0.12903225806451613	0.0	0.009345794392523364	0.0	0.0	0.11616161616161616	0.020833333333333332	0.035398230088495575	0.045454545454545456	0.01744186046511628	0.01764705882352941	0.004901960784313725	0.0	0.0	0.05092592592592592	0.19902912621359223	0.25	0.0	0.02459016393442623	0.0	0.0	0.0
rs72549432	40850411	T	G	0.0	0.0	0.0	0.0	0.0	0.0	0.0	0.0	0.0	0.0	0.005208333333333333	0.004424778761061947	0.010101010101010102	0.0	0.0058823529411764705	0.0	0.0	0.0	0.004629629629629629	0.0	0.0	0.020202020202020204	0.02459016393442623	0.0	0.0	0.0
rs28399434	40850414	C	T	0.0	0.0	0.0	0.0	0.0	0.0	0.0	0.0	0.0	0.0	0.0	0.0	0.0	0.0	0.0	0.0	0.0	0.0	0.0	0.0	0.009615384615384616	0.0	0.0	0.0	0.0	0.0
rs201793905	40850453	C	T	0.0	0.0	0.0	0.0	0.0	0.0	0.0	0.0	0.0	0.0	0.0	0.0	0.0	0.0	0.0	0.0	0.0	0.0	0.0	0.0	0.009615384615384616	0.0	0.0	0.0	0.0	0.0
rs28399433	40850474	A	C	0.04395604395604396	0.1414141414141414	0.2619047619047619	0.10096153846153846	0.1774193548387097	0.10106382978723404	0.056074766355140186	0.09411764705882353	0.19791666666666666	0.20202020202020202	0.0625	0.05752212389380531	0.09595959595959595	0.1511627906976744	0.07058823529411765	0.10294117647058823	0.1323529411764706	0.050505050505050504	0.10185185185185185	0.2669902912621359	0.27884615384615385	0.09090909090909091	0.10655737704918032	0.1015625	0.06542056074766354	0.18932038834951456
rs528755675	40850518	T	C	0.0	0.0	0.0	0.0	0.0	0.0	0.004672897196261682	0.0	0.0	0.0	0.0	0.0	0.0	0.0	0.0	0.0	0.0	0.0	0.0	0.0	0.0	0.0	0.0	0.0	0.0	0.0
rs547290288	40850520	C	T	0.0	0.0	0.0	0.0	0.0	0.0	0.004672897196261682	0.0	0.0	0.0	0.0	0.0	0.0	0.0	0.0	0.0	0.0	0.0	0.0	0.0	0.0	0.0	0.0	0.0	0.0	0.0
rs183167151	40850537	A	G	0.0	0.0	0.0	0.004807692307692308	0.0	0.005319148936170213	0.0	0.0	0.0	0.0	0.0	0.0	0.0	0.0	0.0	0.0	0.0	0.0	0.0	0.0	0.0	0.0	0.0	0.0	0.0	0.0
rs535847711	40850665	C	T	0.0	0.0	0.004761904761904762	0.0	0.0	0.0	0.0	0.0	0.0	0.0	0.0	0.0	0.0	0.0	0.0	0.0	0.0	0.0	0.0	0.0	0.0	0.0	0.0	0.0	0.0	0.0
rs556984751	40850684	G	A	0.0	0.0	0.0	0.0	0.0	0.0	0.0	0.0	0.005208333333333333	0.0	0.0	0.0	0.0	0.0	0.0	0.014705882352941176	0.004901960784313725	0.0	0.0	0.0	0.0	0.0	0.0	0.0	0.0	0.0
rs569002462	40850685	A	T	0.0	0.0	0.0	0.0	0.0	0.0	0.0	0.0	0.0	0.0	0.0	0.004424778761061947	0.0	0.0	0.023529411764705882	0.0	0.0	0.0	0.004629629629629629	0.0	0.0	0.010101010101010102	0.0	0.0	0.0	0.0
rs539580985	40850695	A	C	0.0	0.0	0.0	0.0	0.0	0.0	0.0	0.0	0.0	0.0	0.0	0.008849557522123894	0.0	0.0	0.0	0.0	0.0	0.0	0.0	0.0	0.0	0.0	0.0	0.0	0.0	0.0
rs186024388	40850784	C	T	0.0	0.0	0.0	0.0	0.0	0.0	0.0	0.0	0.0	0.0	0.0	0.0	0.0	0.0	0.0	0.0	0.0	0.0	0.0	0.0	0.0	0.0	0.0	0.0	0.004672897196261682	0.0
rs573015936	40850797	C	T	0.0	0.0	0.0	0.0	0.0	0.0	0.0	0.0	0.0	0.0	0.0	0.017699115044247787	0.0	0.0	0.0058823529411764705	0.0	0.0	0.0	0.013888888888888888	0.0	0.0	0.0	0.0	0.0	0.0	0.0
rs190348643	40850802	G	T	0.0	0.0	0.0	0.004807692307692308	0.0	0.0	0.0	0.0	0.0	0.0	0.015625	0.0	0.010101010101010102	0.0	0.0058823529411764705	0.0	0.0	0.0	0.018518518518518517	0.0	0.0	0.0	0.00819672131147541	0.0	0.004672897196261682	0.0
rs182566222	40850803	G	A	0.0	0.0	0.0	0.0	0.0	0.0	0.0	0.0	0.0	0.0	0.0	0.017699115044247787	0.0	0.0	0.0058823529411764705	0.0	0.0	0.0	0.013888888888888888	0.0	0.0	0.0	0.0	0.0	0.0	0.0
rs569889026	40850809	G	A	0.0	0.0	0.0	0.0	0.0	0.0	0.0	0.0	0.0	0.0	0.0	0.017699115044247787	0.0	0.0	0.0058823529411764705	0.0	0.0	0.0	0.013888888888888888	0.0	0.0	0.0	0.0	0.0	0.0	0.0
rs67568271	40850821	C	T	0.0	0.010101010101010102	0.0	0.0	0.0	0.0	0.009345794392523364	0.0	0.0	0.0	0.0	0.0	0.0	0.0	0.0	0.0	0.0	0.005050505050505051	0.0	0.0	0.0	0.0	0.0	0.0	0.0	0.0
rs562506201	40850832	G	A	0.0	0.0	0.0	0.0	0.0	0.010638297872340425	0.0	0.0	0.0	0.0	0.0	0.0	0.0	0.0	0.0	0.0	0.0	0.0	0.0	0.0	0.0	0.0	0.0	0.0	0.0	0.0048543689320388345
rs10418304	40850846	A	G	0.0	0.0	0.0	0.02403846153846154	0.0	0.02127659574468085	0.0	0.0	0.0	0.0	0.1875	0.18584070796460178	0.16161616161616163	0.0	0.2235294117647059	0.0	0.0	0.0	0.17592592592592593	0.0	0.0	0.09595959595959595	0.09836065573770492	0.0	0.0	0.0
rs192552732	40850853	A	G	0.0	0.0	0.0	0.0	0.0	0.0	0.0	0.0	0.0	0.0	0.010416666666666666	0.02654867256637168	0.020202020202020204	0.0	0.0058823529411764705	0.0	0.0	0.0	0.013888888888888888	0.0	0.0	0.0	0.0	0.0	0.0	0.0
rs564640438	40850863	T	C	0.0	0.0	0.0	0.0	0.0	0.0	0.0	0.0	0.0	0.0	0.005208333333333333	0.0	0.0	0.0	0.0	0.0	0.0	0.0	0.0	0.0	0.0	0.0	0.0	0.0	0.0	0.0
rs528697338	40850871	G	T	0.0	0.0	0.0	0.0	0.0	0.0	0.0	0.0	0.0	0.0	0.0	0.0	0.0	0.0	0.0	0.004901960784313725	0.0	0.0	0.0	0.0	0.0	0.0	0.0	0.0	0.0	0.0
rs562381560	40850895	AGGGTT	A	0.0	0.0	0.0	0.0	0.0	0.0	0.0	0.0	0.0	0.0	0.005208333333333333	0.004424778761061947	0.010101010101010102	0.0	0.0058823529411764705	0.0	0.0	0.0	0.004629629629629629	0.0	0.0	0.025252525252525252	0.02459016393442623	0.0	0.0	0.0
rs546932947	40850901	A	C	0.0	0.0	0.0	0.0	0.0	0.0	0.0	0.0	0.0	0.0	0.005208333333333333	0.004424778761061947	0.010101010101010102	0.0	0.0058823529411764705	0.0	0.0	0.0	0.004629629629629629	0.0	0.0	0.025252525252525252	0.02459016393442623	0.0	0.0	0.0
rs115421560	40850903	G	A	0.0	0.0	0.0	0.0	0.0	0.0	0.0	0.0	0.0	0.0	0.0	0.0	0.010101010101010102	0.0	0.0	0.0	0.0	0.0	0.004629629629629629	0.0	0.0	0.015151515151515152	0.00819672131147541	0.0	0.0	0.0
rs529600600	40850904	G	A	0.0	0.0	0.0	0.0	0.0	0.0	0.0	0.0	0.0	0.0	0.005208333333333333	0.004424778761061947	0.010101010101010102	0.0	0.0058823529411764705	0.0	0.0	0.0	0.004629629629629629	0.0	0.0	0.025252525252525252	0.02459016393442623	0.0	0.0	0.0
rs550546868	40850905	G	T	0.0	0.0	0.0	0.0	0.0	0.0	0.0	0.0	0.0	0.0	0.005208333333333333	0.004424778761061947	0.010101010101010102	0.0	0.0058823529411764705	0.0	0.0	0.0	0.004629629629629629	0.0	0.0	0.025252525252525252	0.02459016393442623	0.0	0.0	0.0
rs567179885	40850907	CT	C	0.0	0.0	0.0	0.0	0.0	0.0	0.0	0.0	0.0	0.0	0.005208333333333333	0.004424778761061947	0.010101010101010102	0.0	0.0058823529411764705	0.0	0.0	0.0	0.004629629629629629	0.0	0.0	0.025252525252525252	0.02459016393442623	0.0	0.0	0.0
rs568939213	40850917	G	T	0.0	0.0	0.0	0.0	0.0	0.0	0.0	0.0	0.0	0.0	0.005208333333333333	0.0	0.0	0.0	0.0058823529411764705	0.0	0.0	0.0	0.009259259259259259	0.0	0.0	0.005050505050505051	0.0	0.0	0.0	0.0
rs539519931	40850948	G	A	0.0	0.0	0.0	0.004807692307692308	0.0	0.0	0.0	0.0	0.0	0.0	0.0	0.0	0.0	0.0	0.0	0.0	0.0	0.0	0.0	0.0	0.0	0.0	0.0	0.0	0.0	0.0
rs147001205	40851013	G	A	0.027472527472527472	0.045454545454545456	0.004761904761904762	0.0	0.0	0.0	0.028037383177570093	0.0	0.010416666666666666	0.0	0.005208333333333333	0.0	0.0	0.005813953488372093	0.0	0.029411764705882353	0.0	0.020202020202020204	0.0	0.0	0.0	0.0	0.0	0.0	0.028037383177570093	0.009708737864077669
rs566507807	40851015	G	A	0.0	0.0	0.0	0.0	0.0	0.0	0.0	0.0	0.015625	0.0	0.0	0.0	0.0	0.0	0.0	0.0196078431372549	0.00980392156862745	0.0	0.0	0.0	0.0	0.0	0.0	0.0	0.0	0.009708737864077669
rs533992650	40851076	T	G	0.0	0.0	0.0	0.0	0.0	0.0	0.0	0.0	0.0	0.0	0.0	0.0	0.005050505050505051	0.0	0.0	0.0	0.0	0.0	0.0	0.0	0.0	0.0	0.0	0.0	0.0	0.0
rs555319006	40851116	A	C	0.005494505494505495	0.0	0.0	0.0	0.0	0.005319148936170213	0.0	0.0	0.0	0.0	0.0	0.0	0.0	0.0	0.0	0.0	0.0	0.0	0.0	0.0	0.0	0.0	0.0	0.0	0.004672897196261682	0.0048543689320388345
