ID	POS	REF	ALT	GBR_ac	GBR_tc	FIN_ac	FIN_tc	CHS_ac	CHS_tc	PUR_ac	PUR_tc	CDX_ac	CDX_tc	CLM_ac	CLM_tc	IBS_ac	IBS_tc	PEL_ac	PEL_tc	PJL_ac	PJL_tc	KHV_ac	KHV_tc	ACB_ac	ACB_tc	GWD_ac	GWD_tc	ESN_ac	ESN_tc	BEB_ac	BEB_tc	MSL_ac	MSL_tc	STU_ac	STU_tc	ITU_ac	ITU_tc	CEU_ac	CEU_tc	YRI_ac	YRI_tc	CHB_ac	CHB_tc	JPT_ac	JPT_tc	LWK_ac	LWK_tc	ASW_ac	ASW_tc	MXL_ac	MXL_tc	TSI_ac	TSI_tc	GIH_ac	GIH_tc
rs543836249	40842851	A	C	0	182	0	198	2	210	0	208	0	186	0	188	0	214	0	170	0	192	1	198	0	192	0	226	0	198	0	172	0	170	0	204	0	204	0	198	0	216	1	206	1	208	0	198	0	122	0	128	0	214	0	206
rs562332230	40842865	A	G	0	182	0	198	0	210	0	208	0	186	0	188	1	214	0	170	0	192	0	198	0	192	0	226	0	198	0	172	0	170	0	204	0	204	0	198	0	216	0	206	0	208	0	198	0	122	0	128	0	214	0	206
rs533300583	40842866	T	C	0	182	0	198	0	210	1	208	0	186	0	188	0	214	0	170	0	192	0	198	0	192	0	226	0	198	0	172	0	170	0	204	0	204	0	198	0	216	0	206	0	208	0	198	0	122	0	128	0	214	0	206
rs551384469	40843111	C	T	0	182	0	198	0	210	0	208	0	186	6	188	0	214	9	170	0	192	0	198	0	192	0	226	0	198	0	172	0	170	0	204	0	204	0	198	0	216	0	206	3	208	0	198	0	122	3	128	0	214	0	206
rs2259217	40843328	A	G	2	182	0	198	36	210	0	208	21	186	0	188	2	214	0	170	1	192	18	198	0	192	0	226	0	198	3	172	1	170	1	204	0	204	0	198	0	216	33	206	40	208	0	198	0	122	0	128	1	214	0	206
rs2259219	40843345	C	G	12	182	24	198	7	210	9	208	11	186	3	188	20	214	2	170	16	192	9	198	19	192	20	226	9	198	7	172	16	170	11	204	9	204	11	198	14	216	5	206	0	208	30	198	14	122	3	128	17	214	9	206
rs2431412	40843354	A	G	20	182	30	198	7	210	23	208	11	186	6	188	32	214	6	170	29	192	9	198	19	192	20	226	9	198	12	172	16	170	20	204	16	204	21	198	14	216	5	206	0	208	30	198	15	122	6	128	30	214	27	206
rs183581274	40843383	A	T	0	182	0	198	0	210	0	208	0	186	0	188	0	214	0	170	0	192	0	198	0	192	0	226	0	198	0	172	0	170	0	204	0	204	1	198	0	216	0	206	0	208	0	198	0	122	0	128	0	214	0	206
rs72549453	40843438	T	C	2	182	4	198	0	210	1	208	0	186	1	188	3	214	0	170	3	192	1	198	0	192	0	226	0	198	2	172	0	170	0	204	2	204	3	198	0	216	0	206	0	208	0	198	1	122	0	128	2	214	2	206
rs146895354	40843446	C	G	0	182	0	198	0	210	0	208	0	186	0	188	0	214	0	170	0	192	0	198	0	192	0	226	0	198	0	172	0	170	0	204	0	204	0	198	0	216	0	206	2	208	0	198	0	122	0	128	0	214	0	206
rs138956819	40843507	G	A	0	0	0	0	0	0	0	0	0	0	0	0	0	0	0	0	0	0	0	0	0	0	0	0	0	0	0	0	0	0	0	0	0	0	0	0	0	0	0	0	0	0	0	0	0	0	0	0	0	0	0	0
rs569152950	40843552	G	A	0	182	0	198	1	210	0	208	0	186	0	188	0	214	0	170	0	192	0	198	0	192	0	226	0	198	0	172	0	170	0	204	0	204	0	198	0	216	0	206	0	208	0	198	0	122	0	128	0	214	0	206
rs192752442	40843567	C	G	0	182	0	198	0	210	0	208	0	186	1	188	0	214	0	170	0	192	0	198	0	192	0	226	0	198	0	172	0	170	0	204	0	204	1	198	0	216	0	206	0	208	0	198	0	122	0	128	3	214	0	206
rs558177610	40843603	C	T	0	182	0	198	0	210	0	208	0	186	0	188	0	214	0	170	0	192	0	198	0	192	0	226	0	198	0	172	0	170	0	204	0	204	0	198	0	216	0	206	0	208	0	198	0	122	0	128	1	214	0	206
rs573167674	40843628	T	C	0	182	0	198	0	210	0	208	0	186	0	188	0	214	0	170	0	192	1	198	0	192	0	226	0	198	0	172	0	170	0	204	0	204	0	198	0	216	0	206	0	208	0	198	0	122	0	128	0	214	0	206
rs8192733	40843645	G	C	95	182	107	198	117	210	97	208	99	186	87	188	106	214	120	170	79	192	117	198	46	192	55	226	52	198	79	172	49	170	94	204	86	204	105	198	66	216	98	206	136	208	53	198	42	122	78	128	104	214	89	206
chr19:41349573T-C	40843668	T	C	0	0	0	0	0	0	0	0	0	0	0	0	0	0	0	0	0	0	0	0	0	0	0	0	0	0	0	0	0	0	0	0	0	0	0	0	0	0	0	0	0	0	0	0	0	0	0	0	0	0	0	0
rs28399481	40843693	C	G	9	182	6	198	30	210	16	208	21	186	20	188	4	214	32	170	11	192	31	198	1	192	5	226	0	198	13	172	2	170	17	204	10	204	6	198	3	216	22	206	45	208	1	198	1	122	14	128	14	214	11	206
rs142901606	40843696	T	C	0	182	0	198	0	210	0	208	0	186	0	188	0	214	0	170	0	192	0	198	0	192	0	226	0	198	0	172	0	170	0	204	0	204	0	198	0	216	0	206	0	208	1	198	0	122	0	128	0	214	0	206
rs28399480	40843698	C	T	9	182	6	198	29	210	16	208	21	186	20	188	4	214	32	170	11	192	31	198	1	192	5	226	0	198	12	172	2	170	20	204	10	204	6	198	3	216	22	206	45	208	1	198	1	122	14	128	14	214	11	206
rs28399479	40843700	G	C	9	182	6	198	29	210	16	208	21	186	20	188	4	214	32	170	11	192	31	198	1	192	5	226	0	198	12	172	2	170	18	204	10	204	6	198	3	216	22	206	45	208	1	198	1	122	14	128	14	214	11	206
rs28399478	40843707	G	T	9	182	6	198	29	210	16	208	21	186	20	188	4	214	32	170	11	192	32	198	1	192	5	226	0	198	13	172	2	170	18	204	10	204	9	198	3	216	22	206	45	208	1	198	1	122	14	128	14	214	11	206
rs7248240	40843735	G	C	61	182	105	198	132	210	111	208	91	186	100	188	87	214	105	170	95	192	108	198	127	192	152	226	159	198	66	172	111	170	80	204	69	204	75	198	161	216	110	206	137	208	163	198	91	122	77	128	96	214	94	206
rs560208518	40843748	C	G	6	182	7	198	26	210	13	208	21	186	21	188	5	214	29	170	9	192	30	198	1	192	1	226	0	198	9	172	3	170	15	204	10	204	5	198	1	216	22	206	39	208	2	198	1	122	14	128	10	214	8	206
rs527558515	40843756	C	T	0	182	0	198	0	210	0	208	0	186	0	188	0	214	0	170	0	192	0	198	0	192	2	226	0	198	0	172	0	170	0	204	0	204	0	198	0	216	0	206	0	208	0	198	0	122	0	128	0	214	0	206
rs776763346	40843773	A	C	0	0	0	0	0	0	0	0	0	0	0	0	0	0	0	0	0	0	0	0	0	0	0	0	0	0	0	0	0	0	0	0	0	0	0	0	0	0	0	0	0	0	0	0	0	0	0	0	0	0	0	0
rs72549450	40843841	A	G	0	0	0	0	0	0	0	0	0	0	0	0	0	0	0	0	0	0	0	0	0	0	0	0	0	0	0	0	0	0	0	0	0	0	0	0	0	0	0	0	0	0	0	0	0	0	0	0	0	0	0	0
rs6413474	40843854	T	C	5	182	2	198	0	210	1	208	0	186	2	188	2	214	1	170	2	192	0	198	0	192	0	226	0	198	1	172	0	170	2	204	2	204	1	198	0	216	0	206	0	208	0	198	0	122	0	128	2	214	1	206
rs561053481	40843858	G	A	0	182	0	198	0	210	0	208	0	186	0	188	0	214	0	170	0	192	0	198	0	192	0	226	0	198	1	172	0	170	1	204	0	204	0	198	0	216	0	206	0	208	0	198	0	122	0	128	0	214	0	206
rs529455023	40843868	A	G	0	182	0	198	0	210	0	208	0	186	0	188	0	214	0	170	0	192	1	198	0	192	0	226	0	198	0	172	0	170	0	204	0	204	0	198	0	216	0	206	0	208	0	198	0	122	0	128	0	214	0	206
rs550797906	40843871	G	A	0	182	0	198	0	210	0	208	0	186	0	188	0	214	0	170	0	192	1	198	0	192	0	226	0	198	0	172	0	170	0	204	0	204	0	198	0	216	0	206	0	208	0	198	0	122	0	128	0	214	0	206
rs569294454	40843907	C	T	0	182	0	198	0	210	0	208	0	186	0	188	0	214	0	170	0	192	1	198	0	192	0	226	0	198	0	172	0	170	0	204	0	204	0	198	0	216	0	206	0	208	0	198	0	122	0	128	0	214	0	206
rs539466327	40843961	G	A	0	182	0	198	0	210	0	208	0	186	0	188	0	214	0	170	0	192	1	198	0	192	0	226	0	198	0	172	0	170	0	204	0	204	0	198	0	216	0	206	0	208	1	198	0	122	0	128	0	214	0	206
rs143731390	40843969	T	A	0	0	0	0	0	0	0	0	0	0	0	0	0	0	0	0	0	0	0	0	0	0	0	0	0	0	0	0	0	0	0	0	0	0	0	0	0	0	0	0	0	0	0	0	0	0	0	0	0	0	0	0
rs551723740	40843983	G	T	0	182	0	198	0	210	0	208	0	186	0	188	0	214	0	170	0	192	0	198	1	192	0	226	0	198	0	172	0	170	0	204	0	204	0	198	0	216	0	206	0	208	0	198	0	122	0	128	0	214	0	206
rs370819234	40844037	A	G	0	182	0	198	0	210	2	208	0	186	0	188	0	214	0	170	0	192	0	198	0	192	0	226	1	198	0	172	1	170	0	204	0	204	1	198	4	216	0	206	0	208	2	198	0	122	0	128	0	214	0	206
rs373949046	40844038	G	C	17	182	40	198	31	210	13	208	26	186	16	188	19	214	9	170	34	192	14	198	17	192	32	226	12	198	24	172	13	170	27	204	28	204	17	198	26	216	26	206	24	208	27	198	11	122	7	128	26	214	32	206
rs555584221	40844042	C	A	0	182	0	198	0	210	0	208	0	186	0	188	0	214	0	170	0	192	0	198	0	192	0	226	1	198	0	172	1	170	0	204	0	204	0	198	4	216	0	206	0	208	2	198	0	122	0	128	0	214	0	206
rs573895636	40844065	A	G	0	182	0	198	0	210	0	208	0	186	0	188	0	214	0	170	0	192	1	198	0	192	0	226	0	198	0	172	0	170	0	204	0	204	0	198	0	216	0	206	0	208	0	198	0	122	0	128	0	214	0	206
rs2431413	40844073	A	G	9	182	27	198	56	210	25	208	35	186	23	188	12	214	16	170	43	192	45	198	15	192	28	226	46	198	28	172	26	170	26	204	30	204	11	198	39	216	59	206	59	208	33	198	22	122	13	128	16	214	43	206
rs527665782	40844093	G	A	0	182	0	198	0	210	0	208	0	186	0	188	0	214	0	170	2	192	0	198	0	192	0	226	0	198	0	172	0	170	1	204	0	204	0	198	0	216	0	206	0	208	0	198	0	122	0	128	0	214	0	206
rs577637465	40844099	G	C	0	182	0	198	0	210	0	208	0	186	0	188	2	214	0	170	0	192	0	198	0	192	0	226	0	198	0	172	0	170	0	204	0	204	0	198	0	216	0	206	0	208	0	198	0	122	0	128	0	214	0	206
rs544703198	40844129	C	T	0	182	0	198	0	210	0	208	0	186	1	188	0	214	0	170	0	192	0	198	0	192	0	226	0	198	0	172	0	170	0	204	0	204	0	198	0	216	0	206	0	208	0	198	0	122	0	128	0	214	0	206
rs560172971	40844151	A	T	0	182	0	198	0	210	0	208	0	186	0	188	0	214	0	170	0	192	0	198	0	192	0	226	0	198	0	172	0	170	0	204	0	204	0	198	0	216	0	206	1	208	0	198	0	122	0	128	0	214	0	206
rs572409121	40844181	T	C	0	182	0	198	0	210	0	208	0	186	0	188	0	214	0	170	0	192	0	198	0	192	0	226	0	198	0	172	0	170	0	204	0	204	0	198	0	216	0	206	0	208	0	198	0	122	0	128	1	214	0	206
rs542939658	40844193	A	G	0	182	0	198	0	210	0	208	0	186	0	188	0	214	0	170	0	192	0	198	0	192	0	226	0	198	0	172	1	170	0	204	0	204	0	198	0	216	0	206	0	208	0	198	0	122	0	128	0	214	0	206
rs561117972	40844268	A	T	0	182	0	198	0	210	0	208	0	186	0	188	0	214	0	170	0	192	0	198	0	192	0	226	0	198	0	172	0	170	0	204	0	204	0	198	0	216	0	206	0	208	0	198	0	122	0	128	0	214	4	206
rs531414040	40844286	G	T	0	182	0	198	0	210	0	208	0	186	0	188	0	214	0	170	0	192	0	198	1	192	0	226	0	198	0	172	0	170	0	204	0	204	0	198	0	216	0	206	0	208	0	198	0	122	0	128	0	214	0	206
rs549914213	40844306	A	G	0	182	0	198	0	210	0	208	0	186	0	188	0	214	0	170	0	192	0	198	0	192	0	226	0	198	0	172	0	170	0	204	0	204	1	198	0	216	0	206	0	208	0	198	0	122	0	128	0	214	0	206
rs145026630	40844312	G	A	0	182	0	198	0	210	0	208	0	186	0	188	0	214	0	170	0	192	0	198	0	192	1	226	4	198	0	172	0	170	0	204	0	204	0	198	3	216	0	206	0	208	0	198	2	122	0	128	0	214	0	206
rs533443716	40844367	A	G	1	182	0	198	0	210	0	208	0	186	2	188	1	214	0	170	5	192	0	198	0	192	0	226	0	198	2	172	0	170	3	204	4	204	0	198	0	216	0	206	0	208	0	198	0	122	0	128	0	214	4	206
rs551519233	40844379	G	C	0	182	0	198	0	210	1	208	1	186	0	188	0	214	0	170	0	192	0	198	0	192	0	226	0	198	0	172	0	170	0	204	0	204	0	198	0	216	0	206	0	208	0	198	0	122	0	128	0	214	0	206
rs566521623	40844444	A	C	0	182	1	198	0	210	0	208	0	186	0	188	0	214	0	170	0	192	0	198	0	192	0	226	0	198	0	172	0	170	1	204	1	204	0	198	0	216	0	206	0	208	0	198	0	122	2	128	0	214	0	206
rs534270874	40844534	T	G	0	182	0	198	0	210	1	208	0	186	0	188	1	214	0	170	0	192	0	198	0	192	0	226	0	198	0	172	0	170	0	204	0	204	0	198	0	216	0	206	0	208	0	198	0	122	0	128	1	214	0	206
rs186833314	40844543	A	T	0	182	0	198	0	210	0	208	0	186	1	188	0	214	0	170	0	192	0	198	0	192	0	226	0	198	0	172	0	170	0	204	0	204	0	198	0	216	0	206	0	208	0	198	0	122	0	128	0	214	0	206
rs567580611	40844555	C	T	0	182	0	198	1	210	0	208	0	186	0	188	0	214	0	170	0	192	0	198	0	192	0	226	0	198	0	172	0	170	0	204	0	204	0	198	0	216	0	206	0	208	0	198	0	122	0	128	0	214	0	206
rs72549446	40844570	A	T	0	182	0	198	0	210	0	208	0	186	0	188	0	214	0	170	1	192	0	198	3	192	1	226	1	198	2	172	4	170	1	204	2	204	0	198	3	216	0	206	0	208	0	198	0	122	0	128	0	214	0	206
rs2002975	40844584	C	G	12	182	24	198	8	210	9	208	11	186	3	188	19	214	2	170	18	192	10	198	15	192	19	226	7	198	12	172	14	170	12	204	9	204	11	198	11	216	5	206	0	208	27	198	9	122	3	128	17	214	10	206
rs571285801	40844597	A	C	0	182	0	198	0	210	0	208	0	186	0	188	0	214	0	170	0	192	0	198	0	192	0	226	0	198	0	172	0	170	1	204	1	204	0	198	0	216	0	206	0	208	0	198	0	122	0	128	0	214	0	206
rs113368210	40844600	C	A	0	182	0	198	0	210	0	208	0	186	0	188	1	214	0	170	0	192	0	198	1	192	0	226	0	198	0	172	0	170	0	204	0	204	0	198	1	216	0	206	0	208	0	198	0	122	0	128	0	214	0	206
rs56164728	40844602	T	C	0	182	0	198	0	210	5	208	0	186	4	188	0	214	0	170	0	192	0	198	37	192	43	226	32	198	0	172	38	170	0	204	0	204	0	198	41	216	0	206	0	208	20	198	12	122	0	128	0	214	0	206
rs2002976	40844604	G	A	10	182	20	198	8	210	5	208	11	186	2	188	18	214	2	170	11	192	9	198	2	192	0	226	0	198	4	172	0	170	11	204	8	204	10	198	0	216	5	206	0	208	0	198	1	122	2	128	13	214	9	206
rs373592802	40844622	G	C	0	182	0	198	0	210	0	208	0	186	0	188	0	214	0	170	0	192	0	198	0	192	1	226	0	198	0	172	0	170	0	204	0	204	0	198	1	216	0	206	0	208	0	198	0	122	0	128	0	214	0	206
rs554920226	40844670	G	T	0	182	0	198	0	210	0	208	0	186	0	188	0	214	0	170	0	192	0	198	0	192	0	226	2	198	0	172	0	170	0	204	0	204	0	198	0	216	0	206	0	208	0	198	0	122	0	128	0	214	0	206
rs28399463	40844682	T	C	0	182	0	198	0	210	1	208	0	186	0	188	0	214	0	170	0	192	0	198	2	192	5	226	5	198	0	172	7	170	1	204	0	204	0	198	7	216	0	206	0	208	8	198	1	122	1	128	0	214	0	206
rs2002977	40844689	G	A	12	182	24	198	9	210	10	208	11	186	3	188	20	214	2	170	19	192	9	198	18	192	25	226	15	198	7	172	22	170	13	204	10	204	11	198	19	216	6	206	0	208	38	198	14	122	4	128	17	214	10	206
rs143336165	40844695	G	A	0	182	0	198	3	210	0	208	3	186	0	188	0	214	0	170	0	192	6	198	0	192	0	226	0	198	0	172	0	170	0	204	0	204	0	198	0	216	1	206	2	208	0	198	0	122	0	128	0	214	0	206
rs371553133	40844706	C	A	0	0	0	0	0	0	0	0	0	0	0	0	0	0	0	0	0	0	0	0	0	0	0	0	0	0	0	0	0	0	0	0	0	0	0	0	0	0	0	0	0	0	0	0	0	0	0	0	0	0	0	0
rs28399462	40844710	G	A	3	182	2	198	0	210	12	208	0	186	5	188	6	214	2	170	2	192	0	198	39	192	43	226	32	198	1	172	38	170	1	204	1	204	6	198	44	216	0	206	0	208	25	198	12	122	3	128	5	214	5	206
rs56314118	40844725	A	G	1	182	0	198	0	210	1	208	0	186	1	188	3	214	1	170	0	192	0	198	1	192	0	226	0	198	0	172	0	170	0	204	0	204	1	198	0	216	0	206	0	208	0	198	0	122	0	128	2	214	0	206
rs560168395	40844740	C	T	0	182	0	198	0	210	0	208	0	186	0	188	0	214	0	170	0	192	0	198	0	192	0	226	0	198	0	172	0	170	0	204	0	204	0	198	0	216	0	206	0	208	0	198	0	122	0	128	1	214	0	206
rs28399461	40844743	A	G	2	182	0	198	4	210	6	208	1	186	6	188	5	214	2	170	2	192	0	198	24	192	47	226	34	198	2	172	20	170	1	204	1	204	1	198	34	216	4	206	1	208	26	198	11	122	5	128	3	214	1	206
rs1809810	40844759	T	A	4	182	5	198	1	210	3	208	2	186	4	188	3	214	2	170	7	192	4	198	1	192	1	226	0	198	3	172	3	170	4	204	5	204	1	198	1	216	2	206	2	208	2	198	0	122	2	128	3	214	3	206
rs59389036	40844767	G	A	1	182	0	198	1	210	0	208	1	186	0	188	0	214	0	170	0	192	0	198	0	192	0	226	0	198	0	172	0	170	0	204	0	204	0	198	0	216	0	206	0	208	0	198	0	122	0	128	1	214	0	206
rs369346633	40844777	T	G	0	182	0	198	0	210	0	208	0	186	0	188	0	214	0	170	0	192	0	198	0	192	0	226	0	198	0	172	0	170	0	204	1	204	0	198	0	216	0	206	0	208	0	198	0	122	0	128	0	214	0	206
rs550145221	40844791	T	G	0	182	0	198	0	210	0	208	0	186	0	188	0	214	0	170	0	192	1	198	0	192	0	226	0	198	0	172	0	170	0	204	0	204	0	198	0	216	2	206	1	208	0	198	0	122	0	128	0	214	0	206
rs571807591	40844793	G	T	0	182	0	198	0	210	0	208	0	186	0	188	0	214	0	170	0	192	0	198	0	192	0	226	0	198	0	172	0	170	0	204	0	204	0	198	0	216	0	206	0	208	0	198	0	122	0	128	0	214	1	206
rs538809590	40844795	G	A	0	182	0	198	0	210	0	208	0	186	0	188	0	214	0	170	0	192	0	198	0	192	0	226	0	198	0	172	0	170	0	204	0	204	0	198	0	216	0	206	0	208	0	198	0	122	0	128	0	214	1	206
rs553913513	40844799	G	A	0	182	0	198	0	210	0	208	0	186	0	188	0	214	0	170	0	192	1	198	0	192	0	226	0	198	0	172	0	170	0	204	0	204	0	198	0	216	2	206	1	208	0	198	0	122	0	128	0	214	0	206
rs565746276	40844806	A	C	0	182	0	198	0	210	0	208	0	186	0	188	0	214	0	170	1	192	0	198	1	192	0	226	0	198	0	172	0	170	0	204	1	204	0	198	1	216	0	206	0	208	0	198	0	122	0	128	0	214	0	206
rs536276517	40844807	G	A	0	182	0	198	0	210	0	208	0	186	0	188	0	214	0	170	1	192	0	198	1	192	0	226	0	198	0	172	0	170	0	204	1	204	0	198	1	216	0	206	0	208	0	198	0	122	0	128	0	214	0	206
rs554585461	40844811	C	T	0	182	0	198	0	210	0	208	0	186	0	188	0	214	0	170	1	192	0	198	1	192	0	226	0	198	0	172	0	170	0	204	1	204	0	198	1	216	0	206	0	208	1	198	0	122	0	128	0	214	0	206
rs555413545	40844812	G	A	0	182	0	198	0	210	0	208	0	186	0	188	0	214	0	170	1	192	0	198	1	192	0	226	0	198	0	172	0	170	0	204	1	204	0	198	1	216	0	206	0	208	0	198	0	122	0	128	0	214	0	206
rs543693586	40844813	G	C	0	182	0	198	0	210	0	208	0	186	0	188	0	214	0	170	0	192	0	198	0	192	0	226	0	198	0	172	0	170	0	204	2	204	0	198	0	216	0	206	0	208	0	198	0	122	0	128	0	214	0	206
rs574299338	40844841	G	C	0	182	1	198	0	210	0	208	0	186	0	188	0	214	0	170	0	192	0	198	0	192	0	226	0	198	0	172	0	170	0	204	0	204	0	198	0	216	0	206	0	208	0	198	0	122	0	128	0	214	0	206
rs576973328	40844845	G	C	0	182	0	198	0	210	0	208	0	186	0	188	0	214	0	170	0	192	0	198	0	192	0	226	0	198	0	172	0	170	0	204	0	204	1	198	0	216	0	206	0	208	0	198	0	122	0	128	0	214	0	206
rs150455365	40844854	T	G	0	182	0	198	0	210	0	208	0	186	0	188	0	214	0	170	0	192	0	198	1	192	0	226	0	198	0	172	0	170	0	204	0	204	0	198	2	216	0	206	14	208	0	198	0	122	0	128	0	214	1	206
rs560231157	40844874	G	A	0	182	0	198	0	210	0	208	0	186	1	188	0	214	0	170	0	192	0	198	0	192	0	226	0	198	0	172	0	170	0	204	0	204	0	198	0	216	0	206	0	208	0	198	0	122	0	128	0	214	0	206
rs527756545	40844877	G	T	0	182	0	198	0	210	0	208	0	186	0	188	0	214	0	170	0	192	0	198	0	192	0	226	0	198	0	172	1	170	0	204	0	204	0	198	0	216	0	206	0	208	0	198	0	122	0	128	0	214	0	206
rs28399459	40844882	C	G	3	182	2	198	0	210	7	208	0	186	1	188	5	214	2	170	2	192	0	198	0	192	0	226	0	198	1	172	0	170	1	204	1	204	6	198	0	216	0	206	0	208	0	198	0	122	3	128	5	214	5	206
rs28399458	40844902	C	G	0	182	0	198	1	210	0	208	0	186	0	188	0	214	0	170	0	192	0	198	0	192	0	226	0	198	0	172	0	170	0	204	1	204	0	198	0	216	0	206	0	208	0	198	0	122	0	128	0	214	0	206
rs28399457	40844906	T	A	0	182	0	198	1	210	0	208	0	186	0	188	0	214	0	170	0	192	0	198	0	192	0	226	0	198	0	172	0	170	0	204	1	204	0	198	0	216	0	206	0	208	0	198	0	122	0	128	0	214	0	206
rs372178313	40844922	G	A	0	182	0	198	1	210	1	208	0	186	1	188	0	214	0	170	0	192	0	198	0	192	0	226	0	198	0	172	0	170	0	204	0	204	0	198	0	216	0	206	0	208	0	198	0	122	0	128	0	214	0	206
rs185273084	40844930	G	A	0	182	0	198	0	210	0	208	0	186	0	188	0	214	0	170	0	192	0	198	0	192	0	226	0	198	0	172	0	170	0	204	0	204	0	198	0	216	0	206	0	208	1	198	0	122	0	128	0	214	0	206
rs376822239	40844936	A	G	0	182	0	198	1	210	0	208	2	186	0	188	0	214	0	170	0	192	3	198	0	192	0	226	0	198	0	172	0	170	0	204	0	204	0	198	0	216	0	206	0	208	0	198	0	122	0	128	0	214	0	206
rs28399456	40844990	G	A	0	182	0	198	0	210	0	208	0	186	0	188	0	214	0	170	0	192	0	198	0	192	0	226	0	198	0	172	0	170	1	204	0	204	0	198	0	216	0	206	1	208	0	198	0	122	0	128	0	214	0	206
rs565809820	40845016	C	G	0	182	0	198	0	210	0	208	0	186	1	188	0	214	0	170	0	192	0	198	0	192	0	226	0	198	0	172	0	170	0	204	0	204	0	198	0	216	0	206	0	208	0	198	0	122	0	128	0	214	0	206
rs536337801	40845019	T	C	0	182	0	198	0	210	0	208	0	186	0	188	0	214	0	170	0	192	0	198	0	192	0	226	0	198	0	172	0	170	0	204	0	204	2	198	0	216	0	206	0	208	0	198	0	122	0	128	0	214	0	206
rs548247947	40845035	G	T	0	182	0	198	0	210	0	208	0	186	0	188	0	214	0	170	0	192	0	198	0	192	0	226	0	198	0	172	0	170	0	204	0	204	0	198	0	216	0	206	0	208	0	198	1	122	0	128	0	214	0	206
rs190125323	40845073	G	A	1	182	0	198	0	210	0	208	0	186	2	188	1	214	0	170	5	192	0	198	0	192	0	226	0	198	2	172	0	170	3	204	4	204	0	198	0	216	0	206	0	208	0	198	0	122	0	128	0	214	4	206
rs8192729	40845091	C	T	12	182	24	198	8	210	9	208	11	186	3	188	20	214	2	170	17	192	7	198	17	192	18	226	8	198	7	172	13	170	11	204	9	204	11	198	12	216	5	206	0	208	30	198	13	122	3	128	17	214	10	206
rs558825772	40845137	G	C	0	182	0	198	1	210	0	208	0	186	0	188	0	214	0	170	0	192	0	198	0	192	0	226	0	198	0	172	0	170	0	204	0	204	0	198	0	216	0	206	0	208	0	198	0	122	0	128	0	214	0	206
rs577031756	40845145	G	A	0	182	0	198	0	210	0	208	0	186	0	188	0	214	0	170	0	192	1	198	0	192	0	226	0	198	0	172	0	170	0	204	0	204	0	198	0	216	0	206	0	208	0	198	0	122	0	128	0	214	0	206
rs181329462	40845151	C	T	0	182	0	198	0	210	0	208	2	186	0	188	0	214	0	170	0	192	0	198	0	192	0	226	0	198	0	172	0	170	0	204	0	204	0	198	0	216	0	206	1	208	0	198	0	122	0	128	0	214	0	206
rs552730967	40845165	G	A	0	182	0	198	0	210	0	208	0	186	0	188	0	214	0	170	0	192	0	198	0	192	0	226	0	198	0	172	0	170	0	204	0	204	0	198	0	216	1	206	0	208	0	198	0	122	0	128	0	214	0	206
rs572245201	40845167	G	A	0	182	0	198	0	210	0	208	0	186	0	188	0	214	0	170	0	192	0	198	0	192	0	226	0	198	0	172	0	170	0	204	0	204	0	198	1	216	0	206	0	208	0	198	0	122	0	128	0	214	0	206
rs542707063	40845186	T	A	0	182	0	198	0	210	0	208	0	186	0	188	0	214	0	170	3	192	0	198	0	192	0	226	0	198	4	172	0	170	5	204	1	204	0	198	0	216	0	206	0	208	0	198	0	122	0	128	0	214	0	206
rs561177628	40845197	G	C	0	182	0	198	0	210	0	208	0	186	0	188	0	214	0	170	0	192	0	198	0	192	0	226	0	198	0	172	0	170	0	204	1	204	0	198	0	216	0	206	0	208	0	198	0	122	0	128	0	214	0	206
rs576392235	40845242	A	C	0	182	0	198	1	210	0	208	0	186	0	188	0	214	0	170	0	192	0	198	0	192	0	226	0	198	0	172	0	170	0	204	0	204	0	198	0	216	0	206	0	208	0	198	0	122	0	128	0	214	0	206
rs4803380	40845264	C	T	3	182	2	198	0	210	12	208	0	186	5	188	5	214	2	170	2	192	0	198	37	192	43	226	32	198	1	172	38	170	1	204	1	204	6	198	41	216	0	206	0	208	20	198	12	122	3	128	5	214	5	206
rs60286635	40845265	G	A	0	182	0	198	0	210	0	208	0	186	1	188	0	214	0	170	0	192	0	198	10	192	5	226	11	198	0	172	2	170	0	204	0	204	0	198	19	216	0	206	0	208	2	198	3	122	0	128	0	214	0	206
rs532833480	40845273	G	C	0	182	0	198	0	210	0	208	0	186	0	188	0	214	0	170	0	192	0	198	0	192	1	226	0	198	0	172	0	170	0	204	0	204	0	198	0	216	0	206	0	208	0	198	0	122	0	128	0	214	0	206
rs150586234	40845306	G	A	1	182	1	198	0	210	1	208	0	186	0	188	1	214	0	170	0	192	0	198	0	192	0	226	0	198	0	172	0	170	0	204	0	204	0	198	0	216	0	206	0	208	0	198	0	122	1	128	3	214	0	206
rs185304177	40845321	G	C	0	182	0	198	0	210	0	208	0	186	0	188	0	214	0	170	0	192	0	198	0	192	0	226	0	198	0	172	0	170	0	204	0	204	0	198	0	216	0	206	0	208	0	198	0	122	1	128	0	214	0	206
rs114558780	40845322	G	A	0	182	0	198	0	210	0	208	0	186	0	188	0	214	0	170	0	192	0	198	0	192	1	226	0	198	0	172	4	170	0	204	0	204	0	198	1	216	0	206	0	208	2	198	0	122	0	128	0	214	0	206
rs59992959	40845339	G	A	0	182	0	198	0	210	0	208	0	186	0	188	0	214	0	170	0	192	0	198	0	192	0	226	0	198	0	172	0	170	0	204	0	204	0	198	0	216	0	206	0	208	3	198	0	122	0	128	0	214	0	206
rs145036049	40845340	C	T	0	182	0	198	0	210	0	208	0	186	0	188	0	214	0	170	0	192	0	198	0	192	0	226	0	198	0	172	0	170	0	204	0	204	0	198	0	216	0	206	0	208	1	198	0	122	0	128	0	214	0	206
rs28399454	40845362	C	T	0	182	0	198	1	210	2	208	0	186	2	188	0	214	0	170	0	192	0	198	29	192	33	226	25	198	0	172	19	170	0	204	0	204	0	198	29	216	0	206	0	208	11	198	9	122	0	128	0	214	0	206
rs143841823	40845400	A	G	1	182	0	198	0	210	0	208	0	186	0	188	0	214	0	170	0	192	0	198	0	192	0	226	0	198	0	172	0	170	0	204	0	204	0	198	0	216	0	206	0	208	0	198	0	122	0	128	0	214	0	206
rs150247689	40845439	C	T	0	182	1	198	0	210	0	208	0	186	0	188	0	214	0	170	0	192	0	198	0	192	0	226	0	198	0	172	0	170	0	204	0	204	0	198	0	216	0	206	0	208	0	198	0	122	0	128	0	214	0	206
rs138932530	40845450	G	A	0	182	0	198	0	210	0	208	0	186	0	188	0	214	0	170	0	192	0	198	1	192	0	226	0	198	0	172	0	170	0	204	0	204	0	198	0	216	0	206	0	208	0	198	0	122	0	128	0	214	0	206
rs61605570	40845458	T	A	0	182	0	198	0	210	0	208	0	186	0	188	0	214	0	170	0	192	0	198	0	192	0	226	0	198	0	172	0	170	0	204	0	204	0	198	0	216	0	206	0	208	1	198	2	122	0	128	0	214	0	206
rs137904044	40845465	C	A	0	182	0	198	0	210	0	208	0	186	0	188	0	214	0	170	0	192	0	198	0	192	1	226	0	198	0	172	0	170	0	204	0	204	0	198	0	216	0	206	0	208	0	198	1	122	0	128	0	214	0	206
rs535231886	40845471	A	G	0	182	0	198	0	210	0	208	0	186	0	188	0	214	0	170	1	192	0	198	0	192	0	226	0	198	0	172	0	170	0	204	0	204	0	198	0	216	0	206	0	208	0	198	0	122	0	128	0	214	0	206
rs188167379	40845488	G	A	0	182	0	198	0	210	0	208	0	186	1	188	0	214	0	170	0	192	0	198	0	192	0	226	0	198	0	172	0	170	0	204	0	204	0	198	0	216	0	206	0	208	0	198	0	122	0	128	0	214	0	206
rs28399453	40845495	G	A	14	182	16	198	0	210	1	208	0	186	5	188	12	214	0	170	3	192	0	198	2	192	0	226	0	198	2	172	0	170	0	204	0	204	13	198	0	216	0	206	0	208	0	198	3	122	2	128	8	214	2	206
rs148057229	40845524	A	C	0	182	0	198	0	210	0	208	0	186	0	188	0	214	0	170	0	192	0	198	0	192	0	226	0	198	0	172	0	170	0	204	0	204	0	198	0	216	0	206	2	208	0	198	0	122	0	128	0	214	0	206
rs528694759	40845531	G	A	0	182	0	198	0	210	0	208	0	186	0	188	0	214	0	170	0	192	0	198	0	192	0	226	0	198	0	172	0	170	0	204	2	204	0	198	0	216	0	206	0	208	0	198	0	122	0	128	0	214	0	206
rs577654198	40845543	C	T	0	182	0	198	0	210	0	208	0	186	0	188	0	214	0	170	0	192	0	198	0	192	0	226	0	198	0	172	0	170	2	204	0	204	0	198	0	216	0	206	0	208	0	198	0	122	0	128	0	214	0	206
rs2388874	40845551	C	T	0	182	1	198	0	210	1	208	0	186	2	188	1	214	1	170	0	192	0	198	0	192	3	226	2	198	0	172	5	170	0	204	2	204	3	198	0	216	0	206	0	208	1	198	1	122	0	128	1	214	2	206
rs4001931	40845556	T	C	0	182	1	198	0	210	1	208	0	186	2	188	0	214	1	170	0	192	0	198	0	192	3	226	2	198	0	172	5	170	0	204	2	204	1	198	0	216	0	206	0	208	1	198	1	122	0	128	1	214	1	206
rs4001929	40845591	A	G	0	182	0	198	0	210	0	208	0	186	0	188	0	214	0	170	0	192	0	198	0	192	0	226	0	198	0	172	0	170	1	204	0	204	0	198	0	216	0	206	0	208	0	198	0	122	0	128	0	214	0	206
rs8192728	40845633	G	T	0	182	0	198	26	210	0	208	21	186	0	188	0	214	0	170	4	192	30	198	1	192	6	226	0	198	8	172	2	170	2	204	9	204	0	198	1	216	28	206	12	208	6	198	0	122	0	128	0	214	6	206
rs563421126	40845639	G	A	0	182	0	198	0	210	0	208	0	186	0	188	0	214	0	170	0	192	1	198	0	192	0	226	0	198	0	172	0	170	0	204	0	204	0	198	0	216	0	206	0	208	0	198	0	122	0	128	0	214	0	206
rs530503863	40845649	G	A	0	182	0	198	0	210	0	208	0	186	0	188	0	214	0	170	0	192	0	198	1	192	0	226	0	198	0	172	0	170	0	204	0	204	0	198	0	216	0	206	0	208	0	198	0	122	0	128	0	214	0	206
rs144437384	40845658	G	A	0	182	0	198	0	210	2	208	0	186	1	188	0	214	0	170	0	192	0	198	16	192	26	226	11	198	0	172	15	170	0	204	0	204	0	198	5	216	0	206	0	208	6	198	5	122	0	128	0	214	0	206
rs55971367	40845709	G	A	11	182	5	198	1	210	18	208	0	186	19	188	19	214	4	170	4	192	0	198	54	192	32	226	52	198	6	172	35	170	6	204	2	204	18	198	45	216	1	206	0	208	44	198	24	122	12	128	17	214	5	206
rs181001074	40845727	C	T	0	182	0	198	0	210	0	208	0	186	0	188	0	214	0	170	0	192	0	198	0	192	0	226	0	198	0	172	0	170	0	204	0	204	0	198	0	216	0	206	1	208	0	198	0	122	0	128	0	214	0	206
rs56048590	40845746	A	C	0	182	0	198	0	210	1	208	0	186	0	188	0	214	0	170	0	192	0	198	1	192	2	226	6	198	0	172	7	170	0	204	0	204	0	198	7	216	0	206	0	208	8	198	1	122	1	128	0	214	0	206
rs567978574	40845752	G	A	0	182	0	198	0	210	0	208	0	186	0	188	0	214	0	170	0	192	0	198	0	192	0	226	0	198	1	172	0	170	0	204	0	204	0	198	0	216	0	206	0	208	0	198	0	122	0	128	0	214	0	206
rs535660414	40845777	T	G	0	182	0	198	0	210	0	208	0	186	0	188	0	214	0	170	0	192	0	198	0	192	0	226	0	198	0	172	0	170	0	204	0	204	0	198	0	216	0	206	0	208	1	198	0	122	0	128	0	214	0	206
rs72549445	40845791	T	G	0	182	0	198	0	210	0	208	0	186	0	188	0	214	0	170	0	192	0	198	4	192	8	226	9	198	0	172	3	170	0	204	0	204	0	198	10	216	0	206	0	208	0	198	3	122	0	128	0	214	0	206
rs149876040	40845842	A	C	0	182	4	198	0	210	1	208	0	186	1	188	0	214	1	170	0	192	0	198	2	192	0	226	0	198	0	172	0	170	1	204	0	204	2	198	0	216	0	206	0	208	0	198	0	122	0	128	3	214	0	206
rs537139773	40845850	T	G	0	182	0	198	0	210	0	208	1	186	0	188	0	214	0	170	0	192	0	198	0	192	0	226	0	198	1	172	0	170	0	204	0	204	0	198	0	216	1	206	0	208	0	198	0	122	0	128	0	214	0	206
rs558957904	40845853	C	T	0	182	0	198	0	210	0	208	1	186	0	188	0	214	0	170	0	192	1	198	0	192	0	226	0	198	0	172	0	170	0	204	0	204	0	198	0	216	0	206	0	208	0	198	0	122	0	128	0	214	0	206
rs4997555	40845866	C	T	0	182	0	198	0	210	0	208	0	186	0	188	0	214	0	170	0	192	0	198	0	192	0	226	1	198	0	172	1	170	0	204	0	204	0	198	1	216	0	206	0	208	0	198	0	122	0	128	0	214	0	206
rs185020627	40845867	G	T	0	182	0	198	0	210	0	208	0	186	0	188	0	214	0	170	0	192	0	198	0	192	0	226	0	198	0	172	0	170	0	204	0	204	0	198	0	216	0	206	0	208	0	198	0	122	1	128	0	214	0	206
rs553719688	40845900	C	T	0	182	0	198	0	210	0	208	0	186	0	188	0	214	0	170	0	192	0	198	0	192	0	226	0	198	0	172	0	170	0	204	0	204	0	198	0	216	0	206	0	208	0	198	0	122	1	128	0	214	0	206
rs375518878	40845926	C	T	0	182	0	198	0	210	0	208	0	186	0	188	0	214	0	170	0	192	0	198	0	192	0	226	0	198	0	172	1	170	0	204	0	204	0	198	0	216	0	206	0	208	0	198	0	122	0	128	0	214	0	206
rs202130720	40845931	C	T	0	182	0	198	0	210	0	208	0	186	0	188	0	214	0	170	0	192	0	198	0	192	0	226	0	198	0	172	0	170	0	204	0	204	0	198	0	216	2	206	0	208	0	198	0	122	0	128	0	214	0	206
rs563718868	40845937	C	T	0	182	0	198	0	210	0	208	0	186	0	188	0	214	0	170	0	192	0	198	0	192	0	226	0	198	0	172	0	170	0	204	0	204	0	198	0	216	0	206	0	208	1	198	0	122	0	128	0	214	0	206
rs72549444	40845938	G	A	3	182	2	198	0	210	12	208	0	186	5	188	5	214	2	170	2	192	0	198	38	192	43	226	32	198	1	172	37	170	1	204	1	204	6	198	41	216	0	206	0	208	20	198	12	122	3	128	5	214	5	206
rs545581940	40845972	C	T	0	182	0	198	0	210	0	208	0	186	0	188	0	214	0	170	1	192	0	198	0	192	0	226	0	198	0	172	0	170	0	204	0	204	0	198	0	216	0	206	0	208	0	198	0	122	0	128	0	214	0	206
rs58571639	40845998	G	A	0	182	0	198	0	210	0	208	0	186	0	188	0	214	0	170	0	192	0	198	0	192	0	226	0	198	0	172	1	170	0	204	0	204	0	198	0	216	1	206	0	208	0	198	0	122	0	128	0	214	0	206
rs528089983	40846003	G	A	0	182	0	198	0	210	0	208	0	186	0	188	0	214	0	170	0	192	0	198	0	192	2	226	0	198	0	172	0	170	0	204	0	204	0	198	0	216	0	206	0	208	0	198	0	122	0	128	0	214	0	206
rs2644907	40846014	G	C	0	182	0	198	2	210	0	208	0	186	0	188	0	214	0	170	0	192	0	198	1	192	0	226	0	198	0	172	0	170	0	204	0	204	0	198	0	216	0	206	0	208	0	198	0	122	0	128	0	214	0	206
rs148693084	40846030	A	G	0	182	0	198	0	210	1	208	0	186	0	188	0	214	0	170	0	192	0	198	0	192	0	226	0	198	0	172	0	170	0	204	0	204	0	198	0	216	0	206	0	208	0	198	0	122	0	128	0	214	0	206
rs4997557	40846048	G	C	0	182	0	198	0	210	0	208	0	186	0	188	0	214	0	170	0	192	0	198	0	192	0	226	0	198	0	172	1	170	0	204	0	204	0	198	0	216	0	206	0	208	1	198	0	122	0	128	0	214	0	206
rs2644906	40846055	C	T	0	182	0	198	0	210	0	208	0	186	0	188	0	214	0	170	0	192	0	198	0	192	0	226	0	198	0	172	1	170	0	204	0	204	0	198	0	216	0	206	0	208	1	198	0	122	0	128	0	214	0	206
rs28399450	40846077	C	T	0	182	0	198	0	210	0	208	0	186	2	188	0	214	1	170	0	192	0	198	3	192	6	226	1	198	0	172	4	170	0	204	0	204	0	198	5	216	0	206	0	208	0	198	1	122	0	128	0	214	0	206
rs201027514	40846078	G	A	0	182	0	198	0	210	0	208	0	186	0	188	0	214	0	170	0	192	0	198	0	192	0	226	0	198	0	172	0	170	0	204	0	204	1	198	0	216	0	206	0	208	0	198	0	122	0	128	0	214	0	206
rs559104970	40846102	A	G	0	182	0	198	0	210	0	208	0	186	0	188	0	214	0	170	0	192	0	198	0	192	0	226	0	198	0	172	1	170	0	204	0	204	0	198	0	216	0	206	0	208	0	198	0	122	0	128	0	214	0	206
rs55845874	40846144	A	G	1	182	0	198	0	210	0	208	0	186	2	188	1	214	0	170	5	192	0	198	0	192	0	226	0	198	2	172	0	170	3	204	3	204	0	198	0	216	0	206	0	208	0	198	0	122	0	128	0	214	4	206
rs535042041	40846188	T	C	0	182	0	198	0	210	0	208	1	186	0	188	0	214	0	170	0	192	0	198	0	192	0	226	0	198	0	172	1	170	0	204	0	204	0	198	0	216	0	206	0	208	0	198	0	122	0	128	0	214	0	206
rs149001480	40846230	C	T	0	182	0	198	0	210	0	208	0	186	0	188	0	214	0	170	0	192	0	198	0	192	0	226	0	198	0	172	0	170	0	204	0	204	0	198	1	216	0	206	0	208	0	198	0	122	0	128	0	214	0	206
rs570054380	40846234	C	G	1	182	0	198	0	210	0	208	0	186	2	188	1	214	0	170	5	192	0	198	0	192	0	226	0	198	2	172	0	170	3	204	3	204	0	198	0	216	0	206	0	208	0	198	0	122	0	128	0	214	3	206
rs570054380	40846234	C	T	1	182	0	198	0	210	0	208	0	186	2	188	1	214	0	170	5	192	0	198	0	192	0	226	0	198	2	172	0	170	3	204	3	204	0	198	0	216	0	206	0	208	0	198	0	122	0	128	0	214	3	206
rs557584513	40846250	G	T	0	182	0	198	0	210	0	208	0	186	0	188	0	214	0	170	0	192	0	198	0	192	0	226	0	198	0	172	0	170	0	204	2	204	0	198	0	216	0	206	0	208	0	198	0	122	0	128	0	214	0	206
rs199808813	40846301	C	G	0	182	0	198	0	210	0	208	0	186	0	188	0	214	0	170	0	192	0	198	2	192	0	226	0	198	0	172	1	170	0	204	0	204	0	198	0	216	0	206	0	208	0	198	0	122	0	128	0	214	0	206
rs546342800	40846312	T	A	0	182	0	198	0	210	0	208	0	186	0	188	0	214	0	170	0	192	1	198	0	192	0	226	0	198	0	172	0	170	0	204	0	204	0	198	0	216	0	206	0	208	0	198	0	122	0	128	0	214	0	206
rs72549443	40846352	GT	G	15	182	30	198	55	210	35	208	37	186	29	188	17	214	22	170	41	192	36	198	56	192	75	226	77	198	26	172	55	170	24	204	30	204	19	198	79	216	50	206	50	208	50	198	38	122	17	128	22	214	46	206
chr19:41352257G-T	40846352	G	T	0	0	0	0	0	0	0	0	0	0	0	0	0	0	0	0	0	0	0	0	0	0	0	0	0	0	0	0	0	0	0	0	0	0	0	0	0	0	0	0	0	0	0	0	0	0	0	0	0	0	0	0
rs4514794	40846358	T	G	12	182	24	198	8	210	9	208	11	186	3	188	20	214	2	170	18	192	7	198	17	192	19	226	9	198	7	172	14	170	12	204	9	204	11	198	12	216	5	206	0	208	30	198	13	122	3	128	17	214	10	206
rs528152143	40846368	T	C	0	182	0	198	0	210	2	208	0	186	0	188	0	214	0	170	0	192	0	198	0	192	0	226	0	198	0	172	0	170	0	204	0	204	0	198	0	216	0	206	0	208	0	198	0	122	0	128	0	214	0	206
rs539876412	40846467	C	A	0	182	0	198	0	210	0	208	0	186	0	188	0	214	0	170	0	192	0	198	3	192	2	226	0	198	0	172	3	170	0	204	0	204	0	198	0	216	0	206	0	208	0	198	0	122	0	128	0	214	0	206
rs561338846	40846468	G	A	0	182	0	198	0	210	0	208	0	186	0	188	0	214	0	170	0	192	0	198	0	192	4	226	0	198	0	172	1	170	0	204	0	204	0	198	0	216	0	206	0	208	0	198	0	122	0	128	0	214	0	206
rs529234878	40846521	C	G	0	182	0	198	0	210	0	208	1	186	0	188	0	214	0	170	0	192	0	198	0	192	0	226	0	198	0	172	0	170	0	204	0	204	0	198	0	216	0	206	0	208	1	198	0	122	0	128	0	214	0	206
rs550606305	40846528	C	T	0	182	0	198	0	210	0	208	1	186	0	188	0	214	0	170	0	192	0	198	0	192	0	226	0	198	0	172	0	170	0	204	0	204	0	198	0	216	0	206	0	208	0	198	0	122	0	128	0	214	0	206
rs562763156	40846546	A	G	0	182	3	198	0	210	0	208	0	186	0	188	0	214	0	170	0	192	0	198	0	192	0	226	0	198	0	172	0	170	0	204	0	204	0	198	0	216	0	206	0	208	1	198	0	122	0	128	0	214	0	206
rs72549442	40846555	C	T	0	182	0	198	0	210	0	208	0	186	0	188	0	214	0	170	0	192	0	198	2	192	0	226	1	198	0	172	2	170	0	204	0	204	0	198	3	216	0	206	0	208	0	198	0	122	0	128	0	214	0	206
chr19:41352497C-G	40846592	C	G	0	0	0	0	0	0	0	0	0	0	0	0	0	0	0	0	0	0	0	0	0	0	0	0	0	0	0	0	0	0	0	0	0	0	0	0	0	0	0	0	0	0	0	0	0	0	0	0	0	0	0	0
rs551576716	40846596	C	T	0	182	2	198	0	210	0	208	0	186	0	188	0	214	0	170	1	192	0	198	0	192	0	226	0	198	0	172	0	170	0	204	0	204	0	198	0	216	0	206	0	208	0	198	0	122	0	128	0	214	0	206
rs570989597	40846633	A	G	0	182	0	198	0	210	0	208	0	186	0	188	0	214	0	170	0	192	0	198	0	192	0	226	0	198	0	172	0	170	1	204	0	204	0	198	0	216	0	206	0	208	0	198	0	122	0	128	0	214	0	206
rs535108140	40846639	G	A	0	182	0	198	0	210	0	208	1	186	0	188	0	214	0	170	0	192	0	198	1	192	0	226	0	198	0	172	0	170	0	204	1	204	0	198	0	216	0	206	0	208	0	198	0	122	0	128	0	214	0	206
rs547061178	40846652	G	A	0	182	0	198	0	210	0	208	1	186	0	188	0	214	0	170	0	192	0	198	0	192	0	226	0	198	0	172	0	170	0	204	0	204	0	198	0	216	0	206	0	208	0	198	0	122	0	128	0	214	0	206
rs568362425	40846669	C	G	0	182	0	198	0	210	0	208	0	186	0	188	0	214	0	170	0	192	0	198	0	192	0	226	0	198	0	172	0	170	0	204	1	204	0	198	0	216	0	206	0	208	0	198	0	122	0	128	0	214	0	206
rs535800169	40846670	G	A	1	182	0	198	0	210	0	208	0	186	0	188	0	214	0	170	0	192	0	198	0	192	0	226	0	198	0	172	0	170	0	204	0	204	0	198	0	216	0	206	0	208	0	198	0	122	0	128	0	214	0	206
rs557383130	40846701	C	T	0	182	0	198	0	210	0	208	0	186	1	188	0	214	0	170	0	192	0	198	0	192	0	226	0	198	0	172	0	170	0	204	0	204	0	198	0	216	0	206	0	208	0	198	0	122	0	128	0	214	0	206
rs575865729	40846712	A	G	0	182	0	198	0	210	0	208	0	186	0	188	0	214	1	170	0	192	0	198	0	192	0	226	0	198	0	172	0	170	0	204	0	204	0	198	0	216	0	206	0	208	0	198	0	122	0	128	0	214	0	206
rs539671336	40846718	G	A	0	182	0	198	0	210	0	208	0	186	0	188	0	214	0	170	0	192	0	198	0	192	1	226	0	198	0	172	0	170	0	204	0	204	0	198	0	216	0	206	0	208	0	198	0	122	0	128	0	214	0	206
rs553581029	40846743	A	G	0	182	0	198	0	210	0	208	0	186	0	188	0	214	0	170	0	192	0	198	0	192	0	226	0	198	0	172	1	170	0	204	0	204	0	198	0	216	0	206	0	208	0	198	0	122	0	128	0	214	0	206
rs572642295	40846768	T	G	0	182	0	198	0	210	0	208	0	186	0	188	0	214	0	170	0	192	2	198	0	192	0	226	0	198	0	172	0	170	0	204	0	204	0	198	0	216	0	206	0	208	0	198	0	122	0	128	0	214	0	206
rs191677607	40846775	G	A	0	182	0	198	0	210	0	208	0	186	2	188	0	214	0	170	0	192	0	198	0	192	1	226	0	198	0	172	1	170	0	204	0	204	0	198	0	216	0	206	0	208	0	198	0	122	0	128	0	214	0	206
rs561775706	40846845	C	T	0	182	0	198	0	210	0	208	0	186	0	188	0	214	0	170	0	192	0	198	0	192	0	226	0	198	0	172	0	170	0	204	0	204	0	198	0	216	0	206	0	208	1	198	0	122	0	128	0	214	0	206
rs4079369	40846857	G	C	12	182	25	198	8	210	9	208	11	186	3	188	21	214	2	170	19	192	7	198	17	192	20	226	9	198	7	172	14	170	13	204	10	204	12	198	12	216	5	206	0	208	31	198	14	122	5	128	17	214	11	206
rs544162826	40846878	C	T	0	182	0	198	0	210	0	208	0	186	0	188	0	214	0	170	0	192	0	198	2	192	0	226	2	198	0	172	0	170	0	204	0	204	0	198	4	216	0	206	0	208	2	198	0	122	0	128	0	214	0	206
rs111869995	40846881	C	A	0	182	0	198	0	210	0	208	0	186	1	188	0	214	0	170	0	192	0	198	0	192	0	226	0	198	0	172	0	170	0	204	0	204	0	198	0	216	0	206	0	208	1	198	0	122	0	128	0	214	0	206
rs58062848	40846884	G	T	0	182	0	198	0	210	0	208	0	186	0	188	0	214	0	170	0	192	0	198	0	192	3	226	0	198	0	172	0	170	0	204	0	204	0	198	0	216	0	206	0	208	0	198	0	122	0	128	0	214	0	206
rs551638939	40846890	G	A	0	182	0	198	0	210	0	208	0	186	0	188	0	214	0	170	0	192	0	198	0	192	0	226	0	198	0	172	0	170	0	204	0	204	0	198	0	216	0	206	0	208	0	198	0	122	0	128	0	214	1	206
rs560382680	40846897	G	A	0	182	0	198	0	210	0	208	0	186	0	188	0	214	0	170	0	192	0	198	0	192	0	226	0	198	1	172	0	170	0	204	0	204	0	198	0	216	0	206	0	208	0	198	0	122	0	128	0	214	0	206
rs55805386	40846902	A	G	0	0	0	0	0	0	0	0	0	0	0	0	0	0	0	0	0	0	0	0	0	0	0	0	0	0	0	0	0	0	0	0	0	0	0	0	0	0	0	0	0	0	0	0	0	0	0	0	0	0	0	0
rs527434101	40846911	C	A	0	182	0	198	0	210	0	208	0	186	0	188	0	214	0	170	0	192	0	198	0	192	0	226	0	198	0	172	1	170	0	204	0	204	0	198	0	216	0	206	0	208	0	198	0	122	0	128	0	214	0	206
rs58720852	40846933	G	T	0	182	0	198	0	210	0	208	0	186	0	188	0	214	0	170	0	192	0	198	0	192	0	226	0	198	0	172	0	170	0	204	0	204	0	198	1	216	0	206	0	208	0	198	0	122	0	128	0	214	0	206
rs1809811	40846935	G	A	11	182	23	198	7	210	9	208	11	186	3	188	19	214	2	170	16	192	7	198	17	192	18	226	8	198	6	172	14	170	11	204	8	204	10	198	11	216	5	206	0	208	28	198	12	122	3	128	17	214	10	206
rs145157460	40846937	G	A	0	182	0	198	0	210	1	208	0	186	0	188	0	214	0	170	0	192	0	198	0	192	0	226	0	198	0	172	0	170	0	204	0	204	0	198	0	216	0	206	0	208	0	198	0	122	0	128	0	214	0	206
rs533216061	40846940	G	T	0	0	0	0	0	0	0	0	0	0	0	0	0	0	0	0	0	0	0	0	0	0	0	0	0	0	0	0	0	0	0	0	0	0	0	0	0	0	0	0	0	0	0	0	0	0	0	0	0	0	0	0
rs550929967	40846977	C	G	0	182	0	198	0	210	0	208	0	186	0	188	0	214	0	170	0	192	0	198	0	192	0	226	0	198	0	172	0	170	1	204	0	204	0	198	0	216	0	206	0	208	0	198	0	122	0	128	0	214	0	206
rs138978736	40846991	G	T	1	182	0	198	1	210	0	208	1	186	1	188	0	214	0	170	0	192	0	198	0	192	0	226	1	198	0	172	0	170	0	204	0	204	0	198	0	216	0	206	0	208	1	198	0	122	0	128	0	214	0	206
rs539734599	40846996	G	C	0	182	0	198	0	210	0	208	0	186	0	188	0	214	0	170	0	192	0	198	0	192	0	226	0	198	0	172	0	170	0	204	0	204	0	198	0	216	0	206	0	208	2	198	0	122	0	128	0	214	0	206
rs557976670	40847015	G	A	0	182	0	198	0	210	0	208	0	186	0	188	0	214	0	170	0	192	0	198	0	192	0	226	1	198	0	172	0	170	0	204	0	204	0	198	0	216	0	206	0	208	0	198	0	122	0	128	0	214	0	206
rs28399448	40847031	C	T	3	182	2	198	0	210	7	208	0	186	1	188	5	214	2	170	2	192	0	198	0	192	0	226	1	198	1	172	2	170	1	204	1	204	7	198	1	216	0	206	0	208	0	198	0	122	3	128	5	214	5	206
rs111033610	40847036	A	G	0	182	0	198	2	210	0	208	1	186	0	188	0	214	0	170	0	192	3	198	0	192	0	226	0	198	0	172	0	170	0	204	0	204	0	198	0	216	2	206	0	208	0	198	0	122	0	128	0	214	0	206
rs555186829	40847091	G	C	0	182	0	198	0	210	0	208	0	186	0	188	0	214	0	170	0	192	1	198	0	192	0	226	0	198	0	172	0	170	0	204	0	204	0	198	0	216	0	206	0	208	0	198	0	122	0	128	0	214	0	206
rs201792681	40847095	C	T	0	182	0	198	4	210	0	208	8	186	0	188	0	214	0	170	0	192	1	198	0	192	0	226	0	198	1	172	0	170	0	204	0	204	0	198	0	216	2	206	3	208	0	198	0	122	0	128	0	214	0	206
rs138844279	40847112	G	A	0	182	0	198	0	210	0	208	0	186	0	188	0	214	0	170	0	192	0	198	1	192	1	226	2	198	0	172	2	170	0	204	0	204	0	198	1	216	0	206	0	208	5	198	3	122	0	128	0	214	0	206
rs562491463	40847145	T	G	0	182	0	198	0	210	0	208	0	186	0	188	0	214	0	170	1	192	0	198	0	192	0	226	0	198	0	172	0	170	0	204	0	204	0	198	0	216	0	206	0	208	0	198	0	122	0	128	0	214	0	206
rs75047183	40847197	G	C	0	182	0	198	0	210	2	208	0	186	0	188	0	214	0	170	0	192	0	198	1	192	3	226	1	198	0	172	3	170	0	204	0	204	0	198	0	216	0	206	0	208	1	198	0	122	0	128	0	214	0	206
rs56113850	40847202	T	C	104	182	114	198	69	210	116	208	70	186	116	188	124	214	131	170	80	192	85	198	82	192	72	226	70	198	71	172	53	170	94	204	82	204	129	198	72	216	52	206	67	208	79	198	56	122	91	128	125	214	88	206
rs560445731	40847204	T	C	0	182	0	198	0	210	0	208	0	186	0	188	0	214	0	170	0	192	0	198	0	192	0	226	0	198	0	172	0	170	0	204	0	204	0	198	0	216	0	206	0	208	0	198	0	122	0	128	1	214	0	206
rs527495675	40847231	C	G	0	182	0	198	0	210	1	208	0	186	0	188	0	214	0	170	0	192	0	198	0	192	4	226	0	198	0	172	0	170	0	204	0	204	0	198	0	216	0	206	0	208	0	198	0	122	0	128	0	214	0	206
rs542814609	40847240	C	T	0	182	0	198	0	210	0	208	0	186	0	188	0	214	0	170	0	192	0	198	0	192	0	226	0	198	4	172	0	170	0	204	0	204	0	198	0	216	0	206	0	208	0	198	0	122	0	128	0	214	0	206
rs56006279	40847241	G	A	0	182	0	198	1	210	0	208	2	186	0	188	0	214	0	170	0	192	1	198	0	192	0	226	0	198	0	172	0	170	0	204	0	204	0	198	0	216	3	206	0	208	0	198	0	122	0	128	0	214	0	206
rs529372394	40847247	G	A	0	182	0	198	0	210	0	208	0	186	0	188	0	214	1	170	0	192	0	198	0	192	0	226	0	198	0	172	0	170	0	204	0	204	0	198	0	216	0	206	0	208	0	198	0	122	0	128	0	214	0	206
rs559914206	40847271	A	G	0	182	0	198	0	210	0	208	0	186	0	188	1	214	0	170	0	192	0	198	0	192	1	226	0	198	0	172	1	170	0	204	0	204	0	198	0	216	0	206	0	208	0	198	0	122	0	128	0	214	1	206
rs569231510	40847292	A	G	0	182	0	198	0	210	0	208	1	186	0	188	0	214	0	170	0	192	0	198	0	192	0	226	0	198	0	172	0	170	0	204	0	204	0	198	0	216	0	206	0	208	0	198	0	122	0	128	0	214	0	206
rs193119488	40847299	C	T	0	182	0	198	0	210	0	208	0	186	0	188	0	214	0	170	0	192	0	198	0	192	0	226	0	198	0	172	0	170	0	204	0	204	0	198	0	216	1	206	0	208	0	198	0	122	0	128	0	214	0	206
rs551667439	40847342	G	A	0	182	0	198	0	210	0	208	0	186	0	188	0	214	0	170	0	192	2	198	0	192	0	226	0	198	0	172	0	170	0	204	0	204	0	198	0	216	0	206	0	208	0	198	0	122	0	128	0	214	1	206
rs566790786	40847411	T	G	2	182	2	198	0	210	1	208	0	186	3	188	1	214	0	170	0	192	0	198	0	192	0	226	0	198	0	172	0	170	0	204	0	204	1	198	0	216	0	206	0	208	0	198	0	122	0	128	1	214	0	206
rs56267346	40847433	A	G	23	182	54	198	62	210	42	208	45	186	29	188	36	214	20	170	57	192	49	198	73	192	89	226	88	198	33	172	75	170	36	204	37	204	27	198	98	216	59	206	58	208	81	198	52	122	19	128	36	214	53	206
rs56100930	40847506	C	T	12	182	24	198	8	210	9	208	11	186	3	188	20	214	2	170	18	192	7	198	18	192	20	226	9	198	7	172	14	170	12	204	9	204	11	198	13	216	5	206	1	208	30	198	14	122	3	128	17	214	9	206
rs112253660	40847658	ATC	A	0	0	0	0	0	0	0	0	0	0	0	0	0	0	0	0	0	0	0	0	0	0	0	0	0	0	0	0	0	0	0	0	0	0	0	0	0	0	0	0	0	0	0	0	0	0	0	0	0	0	0	0
rs567286959	40847662	G	A	0	182	0	198	0	210	0	208	0	186	0	188	0	214	0	170	0	192	0	198	0	192	0	226	0	198	0	172	0	170	1	204	0	204	0	198	0	216	0	206	0	208	0	198	0	122	0	128	0	214	0	206
rs537939928	40847700	G	C	0	182	0	198	0	210	0	208	0	186	0	188	0	214	0	170	0	192	0	198	1	192	0	226	0	198	0	172	0	170	0	204	0	204	0	198	0	216	0	206	0	208	0	198	0	122	0	128	0	214	0	206
rs72549440	40847706	C	T	0	182	0	198	0	210	0	208	0	186	0	188	0	214	0	170	0	192	0	198	1	192	1	226	2	198	0	172	2	170	0	204	0	204	0	198	1	216	0	206	0	208	4	198	3	122	0	128	0	214	0	206
rs199999881	40847719	AT	A	0	182	0	198	4	210	1	208	1	186	3	188	0	214	8	170	0	192	2	198	0	192	0	226	0	198	0	172	0	170	0	204	0	204	0	198	0	216	2	206	0	208	0	198	0	122	3	128	0	214	0	206
rs577720071	40847725	G	T	0	182	0	198	0	210	0	208	1	186	0	188	0	214	0	170	0	192	0	198	0	192	0	226	0	198	0	172	0	170	0	204	0	204	0	198	0	216	0	206	0	208	0	198	0	122	0	128	0	214	0	206
rs544984580	40847752	G	C	0	182	0	198	0	210	0	208	0	186	0	188	0	214	0	170	0	192	0	198	2	192	6	226	3	198	0	172	1	170	0	204	0	204	0	198	3	216	0	206	0	208	0	198	0	122	0	128	0	214	0	206
rs554129636	40847822	C	T	0	182	0	198	0	210	0	208	0	186	0	188	0	214	0	170	0	192	0	198	1	192	1	226	0	198	0	172	0	170	0	204	0	204	0	198	2	216	0	206	0	208	0	198	1	122	0	128	0	214	0	206
rs572348346	40847838	A	G	0	182	0	198	0	210	0	208	0	186	0	188	0	214	0	170	0	192	0	198	0	192	0	226	0	198	0	172	0	170	0	204	0	204	0	198	0	216	0	206	0	208	0	198	0	122	1	128	0	214	0	206
rs542490761	40847939	G	A	0	182	0	198	0	210	0	208	0	186	0	188	0	214	0	170	0	192	0	198	0	192	0	226	0	198	0	172	0	170	0	204	0	204	0	198	0	216	0	206	1	208	0	198	0	122	0	128	0	214	0	206
rs2388868	40847944	C	T	116	182	148	198	128	210	149	208	110	186	141	188	147	214	149	170	136	192	132	198	142	192	140	226	143	198	105	172	117	170	130	204	116	204	144	198	152	216	111	206	126	208	138	198	91	122	107	128	152	214	139	206
rs55921593	40847992	G	T	3	182	2	198	0	210	7	208	0	186	1	188	5	214	2	170	2	192	0	198	0	192	0	226	0	198	1	172	0	170	1	204	1	204	6	198	0	216	0	206	0	208	0	198	0	122	3	128	5	214	5	206
rs56256033	40848014	T	A	0	182	0	198	0	210	1	208	0	186	0	188	0	214	0	170	0	192	0	198	2	192	3	226	1	198	0	172	1	170	0	204	0	204	0	198	3	216	0	206	0	208	5	198	2	122	1	128	0	214	0	206
rs562603344	40848018	G	C	0	182	0	198	0	210	0	208	0	186	0	188	1	214	0	170	0	192	0	198	0	192	0	226	0	198	0	172	0	170	0	204	0	204	0	198	0	216	0	206	0	208	0	198	0	122	0	128	0	214	0	206
rs533171831	40848130	C	G	0	182	0	198	0	210	0	208	0	186	0	188	0	214	0	170	0	192	0	198	0	192	0	226	0	198	0	172	0	170	0	204	0	204	1	198	0	216	0	206	0	208	2	198	0	122	0	128	0	214	0	206
rs72549439	40848131	G	A	0	182	0	198	0	210	0	208	0	186	0	188	0	214	0	170	0	192	0	198	4	192	8	226	9	198	0	172	3	170	0	204	0	204	0	198	11	216	0	206	0	208	0	198	3	122	0	128	0	214	0	206
rs771986786	40848221	G	C	0	0	0	0	0	0	0	0	0	0	0	0	0	0	0	0	0	0	0	0	0	0	0	0	0	0	0	0	0	0	0	0	0	0	0	0	0	0	0	0	0	0	0	0	0	0	0	0	0	0	0	0
rs185545560	40848238	G	C	0	182	0	198	0	210	0	208	0	186	0	188	0	214	0	170	0	192	0	198	0	192	0	226	0	198	0	172	0	170	0	204	0	204	1	198	0	216	0	206	0	208	0	198	0	122	0	128	0	214	0	206
rs527966463	40848247	A	C	0	182	0	198	0	210	0	208	0	186	0	188	0	214	0	170	1	192	0	198	0	192	0	226	0	198	0	172	0	170	0	204	0	204	0	198	0	216	0	206	0	208	0	198	0	122	0	128	0	214	0	206
rs561452609	40848263	TG	T	0	182	0	198	0	210	0	208	0	186	0	188	0	214	0	170	0	192	0	198	2	192	0	226	1	198	0	172	2	170	0	204	0	204	0	198	3	216	0	206	0	208	0	198	0	122	0	128	0	214	0	206
rs145393137	40848265	C	T	0	182	0	198	0	210	0	208	0	186	0	188	0	214	0	170	0	192	0	198	2	192	0	226	1	198	0	172	2	170	0	204	0	204	0	198	3	216	0	206	0	208	0	198	0	122	0	128	0	214	0	206
rs56256500	40848266	G	A	0	182	0	198	0	210	0	208	0	186	0	188	0	214	0	170	0	192	0	198	9	192	1	226	9	198	0	172	1	170	0	204	0	204	0	198	3	216	0	206	0	208	2	198	1	122	0	128	0	214	0	206
rs538011777	40848277	A	G	0	182	0	198	0	210	0	208	0	186	0	188	1	214	0	170	0	192	0	198	0	192	0	226	0	198	0	172	0	170	0	204	0	204	0	198	0	216	0	206	0	208	0	198	0	122	0	128	0	214	0	206
rs568811809	40848284	CTT	C	0	182	0	198	0	210	0	208	0	186	0	188	0	214	0	170	0	192	0	198	2	192	6	226	4	198	0	172	1	170	0	204	0	204	0	198	3	216	0	206	0	208	0	198	0	122	0	128	0	214	0	206
rs199916117	40848293	T	C	0	182	0	198	4	210	0	208	1	186	0	188	0	214	0	170	0	192	2	198	0	192	0	226	0	198	0	172	0	170	0	204	0	204	0	198	0	216	6	206	2	208	0	198	0	122	0	128	0	214	0	206
rs571335587	40848304	C	A	0	182	0	198	0	210	0	208	0	186	0	188	0	214	0	170	0	192	0	198	0	192	0	226	0	198	1	172	0	170	0	204	3	204	0	198	0	216	0	206	0	208	0	198	0	122	0	128	0	214	2	206
rs201227951	40848353	G	A	0	182	0	198	1	210	0	208	1	186	0	188	0	214	0	170	0	192	0	198	0	192	0	226	0	198	0	172	0	170	0	204	0	204	0	198	0	216	0	206	0	208	0	198	0	122	0	128	0	214	0	206
rs150091942	40848366	A	C	0	182	0	198	2	210	0	208	0	186	0	188	0	214	0	170	1	192	1	198	0	192	0	226	0	198	0	172	0	170	0	204	0	204	0	198	0	216	2	206	0	208	0	198	0	122	0	128	1	214	0	206
rs572409006	40848384	G	C	0	182	0	198	0	210	4	208	0	186	0	188	0	214	0	170	0	192	0	198	0	192	0	226	0	198	0	172	0	170	0	204	0	204	0	198	0	216	0	206	0	208	0	198	0	122	0	128	0	214	0	206
rs542903833	40848388	A	G	0	182	0	198	0	210	0	208	0	186	0	188	0	214	0	170	0	192	2	198	0	192	0	226	0	198	0	172	0	170	0	204	0	204	0	198	0	216	0	206	0	208	0	198	0	122	0	128	1	214	0	206
rs554520787	40848392	C	A	0	182	0	198	0	210	0	208	0	186	0	188	0	214	0	170	0	192	2	198	0	192	0	226	0	198	0	172	0	170	0	204	0	204	0	198	0	216	0	206	0	208	0	198	0	122	0	128	0	214	0	206
rs372381649	40848395	G	A	0	182	0	198	0	210	0	208	0	186	0	188	0	214	0	170	0	192	0	198	0	192	0	226	0	198	0	172	0	170	0	204	0	204	0	198	0	216	0	206	0	208	0	198	1	122	0	128	0	214	0	206
rs28399443	40848401	G	A	3	182	2	198	0	210	7	208	0	186	1	188	5	214	2	170	2	192	0	198	0	192	0	226	0	198	1	172	0	170	1	204	1	204	6	198	0	216	0	206	0	208	0	198	0	122	3	128	4	214	5	206
rs572206869	40848439	G	A	0	182	0	198	0	210	0	208	0	186	0	188	0	214	1	170	0	192	0	198	0	192	0	226	0	198	0	172	0	170	0	204	0	204	0	198	0	216	0	206	0	208	0	198	0	122	0	128	0	214	0	206
rs577696506	40848513	C	T	0	182	0	198	0	210	0	208	0	186	0	188	0	214	0	170	0	192	0	198	1	192	0	226	0	198	0	172	0	170	0	204	0	204	0	198	1	216	0	206	0	208	0	198	0	122	0	128	0	214	0	206
rs57607700	40848537	C	G	20	182	28	198	12	210	17	208	14	186	14	188	26	214	12	170	23	192	14	198	22	192	20	226	11	198	12	172	16	170	15	204	19	204	27	198	16	216	15	206	14	208	39	198	21	122	8	128	21	214	22	206
rs560107238	40848539	A	C	0	182	0	198	0	210	0	208	0	186	0	188	0	214	0	170	0	192	0	198	0	192	0	226	0	198	1	172	0	170	0	204	0	204	0	198	0	216	0	206	0	208	0	198	0	122	0	128	0	214	0	206
rs28399442	40848553	C	A	3	182	2	198	0	210	7	208	0	186	1	188	5	214	2	170	2	192	0	198	0	192	0	226	0	198	1	172	0	170	1	204	1	204	6	198	0	216	0	206	0	208	0	198	0	122	3	128	5	214	5	206
rs374657291	40848569	G	T	0	182	0	198	0	210	0	208	0	186	0	188	0	214	0	170	2	192	0	198	0	192	0	226	0	198	0	172	0	170	0	204	1	204	0	198	0	216	0	206	0	208	0	198	0	122	0	128	0	214	1	206
rs8192726	40848591	C	A	8	182	26	198	37	210	9	208	28	186	7	188	11	214	8	170	33	192	37	198	12	192	14	226	19	198	21	172	11	170	23	204	23	204	10	198	22	216	39	206	40	208	18	198	12	122	6	128	14	214	28	206
rs1801272	40848628	A	T	5	182	4	198	0	210	1	208	0	186	0	188	8	214	2	170	0	192	0	198	0	192	0	226	0	198	2	172	0	170	2	204	0	204	7	198	0	216	0	206	0	208	0	198	1	122	2	128	10	214	2	206
rs28399441	40848648	C	T	0	182	0	198	0	210	5	208	0	186	4	188	0	214	0	170	0	192	0	198	38	192	42	226	32	198	0	172	38	170	0	204	0	204	0	198	41	216	0	206	0	208	20	198	12	122	0	128	0	214	0	206
rs2545783	40848650	C	A	0	182	0	198	0	210	0	208	0	186	0	188	0	214	0	170	0	192	0	198	0	192	1	226	0	198	0	172	1	170	0	204	0	204	0	198	0	216	0	206	0	208	1	198	1	122	0	128	0	214	0	206
rs60996254	40848656	C	T	0	182	0	198	0	210	0	208	0	186	0	188	1	214	0	170	0	192	0	198	0	192	0	226	0	198	0	172	0	170	0	204	0	204	0	198	0	216	0	206	0	208	0	198	0	122	0	128	0	214	0	206
rs200793736	40848671	C	T	0	182	0	198	0	210	0	208	0	186	0	188	0	214	0	170	0	192	0	198	0	192	0	226	0	198	0	172	0	170	0	204	0	204	0	198	0	216	0	206	0	208	0	198	0	122	0	128	1	214	0	206
rs59552350	40848716	A	C	0	182	0	198	0	210	0	208	0	186	0	188	0	214	0	170	0	192	0	198	0	192	1	226	3	198	0	172	0	170	0	204	0	204	0	198	1	216	0	206	0	208	0	198	2	122	0	128	0	214	0	206
rs535832503	40848717	G	A	0	182	0	198	0	210	0	208	0	186	0	188	0	214	0	170	0	192	0	198	0	192	1	226	3	198	0	172	0	170	0	204	0	204	0	198	1	216	0	206	0	208	0	198	2	122	0	128	0	214	0	206
rs554865113	40848721	C	G	0	182	0	198	0	210	0	208	0	186	0	188	0	214	0	170	0	192	0	198	0	192	1	226	0	198	0	172	0	170	0	204	0	204	0	198	0	216	0	206	0	208	0	198	0	122	0	128	0	214	0	206
rs4986891	40848724	C	A	0	182	0	198	0	210	0	208	0	186	0	188	0	214	0	170	0	192	0	198	0	192	1	226	3	198	0	172	0	170	0	204	0	204	0	198	1	216	0	206	0	208	0	198	2	122	0	128	0	214	0	206
rs537280653	40848729	C	T	0	182	0	198	0	210	0	208	0	186	0	188	0	214	0	170	0	192	0	198	0	192	0	226	0	198	0	172	0	170	0	204	0	204	0	198	0	216	0	206	0	208	0	198	1	122	0	128	0	214	0	206
rs28399440	40848755	A	G	0	182	0	198	0	210	0	208	0	186	0	188	0	214	0	170	0	192	0	198	3	192	2	226	5	198	0	172	2	170	0	204	0	204	0	198	8	216	0	206	0	208	0	198	3	122	0	128	0	214	0	206
rs577758165	40848777	C	T	0	182	0	198	0	210	0	208	0	186	0	188	0	214	0	170	0	192	0	198	0	192	1	226	0	198	0	172	0	170	0	204	0	204	0	198	0	216	0	206	0	208	0	198	0	122	0	128	0	214	0	206
rs371146023	40848794	G	A	0	182	0	198	0	210	0	208	0	186	0	188	0	214	0	170	3	192	0	198	0	192	0	226	0	198	0	172	0	170	4	204	2	204	0	198	0	216	0	206	0	208	0	198	0	122	0	128	0	214	2	206
rs200390640	40848797	A	G	0	182	0	198	0	210	0	208	0	186	0	188	2	214	0	170	0	192	0	198	0	192	0	226	0	198	0	172	0	170	0	204	0	204	1	198	0	216	0	206	0	208	0	198	0	122	0	128	2	214	0	206
rs572417875	40848799	G	T	0	182	0	198	0	210	0	208	0	186	0	188	0	214	0	170	0	192	0	198	0	192	0	226	0	198	0	172	0	170	1	204	0	204	0	198	0	216	0	206	0	208	0	198	0	122	0	128	0	214	0	206
rs8192725	40848807	A	G	130	182	171	198	170	210	159	208	138	186	147	188	162	214	151	170	143	192	156	198	155	192	161	226	162	198	109	172	134	170	135	204	124	204	156	198	175	216	152	206	177	208	166	198	106	122	111	128	161	214	145	206
rs561651970	40848821	A	T	0	182	0	198	0	210	0	208	0	186	0	188	0	214	0	170	0	192	0	198	0	192	2	226	0	198	0	172	0	170	0	204	0	204	0	198	0	216	0	206	0	208	0	198	0	122	0	128	0	214	0	206
rs567115644	40848827	TCCAAGGGGCTCC	T	0	182	0	198	0	210	0	208	1	186	1	188	0	214	0	170	0	192	0	198	0	192	0	226	0	198	0	172	1	170	0	204	0	204	0	198	0	216	0	206	0	208	0	198	0	122	1	128	0	214	0	206
rs531895004	40848868	T	G	0	182	0	198	0	210	0	208	0	186	0	188	0	214	0	170	0	192	0	198	0	192	1	226	0	198	1	172	0	170	0	204	1	204	0	198	0	216	0	206	0	208	0	198	0	122	0	128	0	214	0	206
rs67032351	40848940	TAGAG	T	135	182	162	198	126	210	153	208	109	186	143	188	157	214	150	170	133	192	129	198	121	192	114	226	122	198	110	172	90	170	143	204	151	204	156	198	122	216	124	206	131	208	113	198	79	122	105	128	164	214	132	206
chr19:41354873G-GA	40848968	G	GA	0	0	0	0	0	0	0	0	0	0	0	0	0	0	0	0	0	0	0	0	0	0	0	0	0	0	0	0	0	0	0	0	0	0	0	0	0	0	0	0	0	0	0	0	0	0	0	0	0	0	0	0
chr19:41354881GA-G	40848976	GA	G	0	0	0	0	0	0	0	0	0	0	0	0	0	0	0	0	0	0	0	0	0	0	0	0	0	0	0	0	0	0	0	0	0	0	0	0	0	0	0	0	0	0	0	0	0	0	0	0	0	0	0	0
rs368499260	40849026	G	GAC	8	182	25	198	45	210	21	208	32	186	21	188	9	214	16	170	32	192	27	198	10	192	12	226	18	198	21	172	11	170	21	204	21	204	10	198	19	216	44	206	39	208	15	198	12	122	14	128	16	214	36	206
rs200110220	40849036	A	G	107	182	135	198	116	210	130	208	92	186	125	188	128	214	145	170	101	192	120	198	103	192	94	226	108	198	92	172	73	170	109	204	102	204	135	198	105	216	92	206	133	208	98	198	69	122	100	128	133	214	120	206
rs201245811	40849037	G	A	107	182	135	198	116	210	130	208	92	186	125	188	128	214	145	170	101	192	120	198	103	192	94	226	108	198	92	172	73	170	109	204	102	204	135	198	105	216	92	206	133	208	98	198	69	122	100	128	133	214	120	206
rs72549437	40849088	G	C	0	182	0	198	0	210	0	208	0	186	0	188	0	214	0	170	1	192	0	198	1	192	1	226	2	198	0	172	2	170	0	204	1	204	0	198	1	216	0	206	0	208	4	198	3	122	0	128	0	214	1	206
rs114114578	40849103	A	C	0	182	0	198	0	210	2	208	0	186	2	188	0	214	0	170	0	192	0	198	30	192	33	226	25	198	0	172	19	170	0	204	0	204	0	198	31	216	0	206	0	208	11	198	9	122	0	128	0	214	0	206
rs565605333	40849119	A	G	1	182	0	198	0	210	0	208	0	186	0	188	0	214	0	170	0	192	0	198	0	192	0	226	0	198	0	172	0	170	0	204	0	204	0	198	0	216	0	206	0	208	0	198	0	122	0	128	0	214	0	206
rs536267403	40849150	A	G	0	182	0	198	0	210	0	208	1	186	0	188	0	214	0	170	0	192	0	198	0	192	0	226	0	198	0	172	0	170	0	204	0	204	0	198	0	216	0	206	0	208	0	198	0	122	0	128	0	214	0	206
rs547855533	40849160	A	G	0	182	0	198	0	210	0	208	0	186	0	188	0	214	0	170	0	192	0	198	1	192	0	226	0	198	0	172	0	170	0	204	0	204	0	198	0	216	0	206	0	208	0	198	0	122	0	128	0	214	0	206
rs569969411	40849161	G	T	0	182	0	198	0	210	0	208	0	186	0	188	0	214	0	170	0	192	0	198	0	192	0	226	0	198	0	172	0	170	0	204	0	204	0	198	0	216	1	206	0	208	0	198	0	122	0	128	0	214	0	206
rs536649338	40849174	A	G	1	182	0	198	0	210	0	208	0	186	0	188	0	214	0	170	0	192	0	198	0	192	0	226	0	198	0	172	0	170	0	204	0	204	0	198	0	216	0	206	0	208	0	198	0	122	0	128	0	214	0	206
rs148948768	40849215	T	A	0	182	0	198	1	210	0	208	2	186	0	188	0	214	0	170	0	192	2	198	2	192	1	226	3	198	0	172	2	170	0	204	1	204	0	198	5	216	6	206	4	208	2	198	1	122	0	128	0	214	1	206
rs576524900	40849271	G	T	0	182	0	198	0	210	0	208	0	186	0	188	0	214	1	170	0	192	0	198	0	192	0	226	0	198	0	172	0	170	0	204	0	204	0	198	0	216	0	206	0	208	0	198	0	122	0	128	0	214	0	206
rs534449205	40849276	T	C	0	182	0	198	0	210	0	208	1	186	0	188	0	214	0	170	0	192	1	198	0	192	0	226	0	198	0	172	0	170	0	204	0	204	0	198	0	216	0	206	0	208	0	198	0	122	0	128	0	214	0	206
rs553928000	40849279	A	C	0	182	0	198	0	210	0	208	0	186	0	188	0	214	0	170	0	192	0	198	0	192	0	226	0	198	1	172	0	170	0	204	0	204	0	198	0	216	0	206	0	208	0	198	0	122	0	128	0	214	0	206
rs7250713	40849290	G	C	102	182	130	198	122	210	115	208	103	186	116	188	115	214	140	170	112	192	125	198	41	192	56	226	53	198	92	172	34	170	114	204	110	204	119	198	60	216	106	206	125	208	57	198	48	122	93	128	119	214	124	206
rs543272794	40849304	G	A	0	182	0	198	0	210	0	208	0	186	0	188	0	214	0	170	0	192	0	198	0	192	0	226	0	198	0	172	0	170	1	204	0	204	0	198	0	216	0	206	0	208	0	198	0	122	0	128	0	214	0	206
rs554973769	40849354	G	T	0	182	0	198	0	210	0	208	0	186	0	188	0	214	0	170	0	192	0	198	0	192	0	226	0	198	0	172	0	170	0	204	0	204	0	198	0	216	0	206	0	208	1	198	0	122	0	128	0	214	0	206
rs547078508	40849386	A	G	0	182	0	198	1	210	0	208	0	186	0	188	0	214	0	170	0	192	0	198	0	192	0	226	0	198	0	172	0	170	0	204	0	204	0	198	0	216	0	206	0	208	0	198	0	122	0	128	0	214	0	206
rs543835444	40849394	G	C	0	182	0	198	0	210	0	208	0	186	0	188	0	214	0	170	0	192	1	198	0	192	0	226	0	198	0	172	0	170	0	204	0	204	0	198	0	216	0	206	0	208	0	198	0	122	0	128	0	214	0	206
rs571687041	40849400	G	A	0	182	0	198	0	210	0	208	0	186	0	188	0	214	0	170	0	192	0	198	0	192	0	226	0	198	0	172	0	170	0	204	0	204	0	198	0	216	0	206	1	208	0	198	0	122	0	128	0	214	0	206
rs569849001	40849448	G	A	0	182	0	198	0	210	0	208	0	186	0	188	0	214	0	170	0	192	0	198	0	192	0	226	0	198	0	172	0	170	0	204	1	204	0	198	0	216	0	206	0	208	0	198	0	122	0	128	0	214	0	206
rs188681749	40849480	C	G	2	182	0	198	0	210	2	208	0	186	0	188	0	214	0	170	0	192	0	198	0	192	0	226	0	198	0	172	0	170	0	204	0	204	0	198	0	216	0	206	0	208	0	198	0	122	0	128	2	214	0	206
rs559469574	40849485	A	C	0	182	0	198	0	210	0	208	0	186	0	188	0	214	0	170	0	192	0	198	0	192	0	226	0	198	0	172	0	170	0	204	0	204	0	198	0	216	0	206	0	208	1	198	0	122	0	128	0	214	0	206
rs140911924	40849513	A	G	0	182	0	198	0	210	1	208	0	186	0	188	0	214	0	170	0	192	0	198	0	192	0	226	0	198	0	172	0	170	6	204	0	204	0	198	0	216	0	206	0	208	3	198	0	122	0	128	0	214	1	206
rs55768417	40849514	A	G	0	182	0	198	0	210	5	208	0	186	4	188	0	214	0	170	0	192	0	198	37	192	43	226	32	198	0	172	38	170	0	204	0	204	0	198	41	216	0	206	0	208	20	198	12	122	0	128	0	214	0	206
rs56014815	40849521	C	T	1	182	0	198	0	210	0	208	0	186	2	188	1	214	0	170	5	192	0	198	0	192	0	226	0	198	3	172	0	170	3	204	4	204	0	198	0	216	0	206	0	208	0	198	0	122	0	128	0	214	4	206
rs530757847	40849553	A	G	0	182	0	198	0	210	0	208	0	186	0	188	0	214	0	170	0	192	0	198	0	192	0	226	0	198	0	172	0	170	0	204	0	204	0	198	0	216	1	206	0	208	0	198	0	122	0	128	0	214	0	206
rs551743511	40849605	G	A	0	182	0	198	0	210	0	208	0	186	0	188	0	214	0	170	0	192	0	198	0	192	0	226	0	198	0	172	0	170	0	204	0	204	0	198	0	216	0	206	0	208	0	198	0	122	0	128	0	214	1	206
rs185167383	40849610	A	C	0	182	0	198	0	210	0	208	0	186	0	188	0	214	0	170	0	192	0	198	1	192	0	226	1	198	0	172	2	170	0	204	0	204	0	198	1	216	0	206	0	208	1	198	1	122	0	128	0	214	0	206
rs534388084	40849630	G	C	0	182	0	198	0	210	0	208	1	186	0	188	0	214	0	170	0	192	0	198	0	192	1	226	0	198	0	172	1	170	0	204	0	204	0	198	0	216	0	206	0	208	0	198	0	122	0	128	0	214	0	206
rs552811042	40849650	G	A	0	182	0	198	1	210	0	208	0	186	0	188	0	214	0	170	0	192	0	198	0	192	0	226	0	198	0	172	0	170	0	204	0	204	0	198	0	216	0	206	0	208	0	198	0	122	0	128	0	214	0	206
rs138920918	40849659	T	A	0	182	0	198	1	210	0	208	0	186	0	188	0	214	0	170	0	192	0	198	0	192	0	226	0	198	0	172	0	170	0	204	0	204	0	198	0	216	0	206	0	208	0	198	0	122	0	128	0	214	2	206
rs138920918	40849659	T	C	0	182	0	198	1	210	0	208	0	186	0	188	0	214	0	170	0	192	0	198	0	192	0	226	0	198	0	172	0	170	0	204	0	204	0	198	0	216	0	206	0	208	0	198	0	122	0	128	0	214	2	206
rs540630208	40849660	A	G	0	182	0	198	1	210	0	208	0	186	0	188	0	214	0	170	0	192	0	198	0	192	0	226	0	198	0	172	0	170	0	204	0	204	0	198	0	216	0	206	0	208	0	198	0	122	0	128	0	214	2	206
rs552926611	40849665	T	G	0	182	0	198	1	210	0	208	0	186	0	188	0	214	0	170	0	192	0	198	0	192	0	226	0	198	0	172	0	170	0	204	0	204	0	198	0	216	0	206	0	208	0	198	0	122	0	128	0	214	0	206
rs142944774	40849677	A	G	0	182	0	198	0	210	0	208	0	186	0	188	0	214	0	170	0	192	0	198	0	192	1	226	0	198	0	172	4	170	0	204	0	204	0	198	1	216	0	206	0	208	2	198	0	122	0	128	0	214	0	206
rs55930143	40849678	A	G	1	182	0	198	0	210	0	208	1	186	2	188	1	214	0	170	5	192	3	198	3	192	4	226	3	198	3	172	2	170	4	204	5	204	1	198	4	216	0	206	0	208	2	198	2	122	0	128	0	214	4	206
rs56145769	40849707	C	T	0	182	0	198	0	210	2	208	0	186	1	188	0	214	0	170	0	192	0	198	3	192	13	226	11	198	0	172	7	170	0	204	0	204	1	198	9	216	0	206	0	208	9	198	6	122	0	128	1	214	0	206
rs189326843	40849708	T	A	0	182	0	198	0	210	0	208	0	186	0	188	0	214	0	170	0	192	0	198	1	192	0	226	0	198	0	172	0	170	0	204	0	204	0	198	1	216	0	206	0	208	0	198	0	122	0	128	0	214	0	206
rs559599283	40849715	T	C	0	182	0	198	0	210	0	208	0	186	0	188	0	214	0	170	1	192	0	198	0	192	0	226	0	198	0	172	0	170	0	204	0	204	0	198	0	216	0	206	0	208	0	198	0	122	0	128	0	214	0	206
rs577714014	40849719	C	A	0	182	0	198	0	210	0	208	0	186	0	188	0	214	0	170	1	192	0	198	0	192	0	226	0	198	0	172	0	170	0	204	0	204	0	198	0	216	0	206	0	208	0	198	0	122	0	128	0	214	0	206
rs541653514	40849731	G	C	0	182	0	198	0	210	0	208	0	186	0	188	0	214	0	170	0	192	0	198	0	192	0	226	0	198	0	172	0	170	0	204	0	204	0	198	2	216	0	206	0	208	0	198	0	122	0	128	0	214	0	206
rs370779055	40849733	T	G	0	182	0	198	0	210	0	208	0	186	0	188	0	214	0	170	1	192	0	198	0	192	1	226	0	198	2	172	0	170	0	204	2	204	0	198	1	216	0	206	0	208	0	198	0	122	0	128	0	214	0	206
rs568284749	40849749	G	A	0	182	0	198	0	210	0	208	0	186	0	188	0	214	0	170	0	192	0	198	0	192	0	226	0	198	0	172	0	170	1	204	2	204	0	198	0	216	0	206	0	208	0	198	0	122	0	128	0	214	0	206
rs368498743	40849755	G	T	0	0	0	0	0	0	0	0	0	0	0	0	0	0	0	0	0	0	0	0	0	0	0	0	0	0	0	0	0	0	0	0	0	0	0	0	0	0	0	0	0	0	0	0	0	0	0	0	0	0	0	0
rs552078193	40849760	G	C	0	182	0	198	0	210	0	208	0	186	0	188	0	214	0	170	0	192	0	198	2	192	1	226	2	198	0	172	2	170	0	204	0	204	0	198	2	216	0	206	0	208	2	198	1	122	0	128	0	214	0	206
rs72549436	40849771	C	A	0	182	0	198	0	210	1	208	0	186	0	188	0	214	0	170	0	192	0	198	1	192	2	226	6	198	0	172	7	170	0	204	0	204	0	198	7	216	0	206	0	208	8	198	1	122	1	128	0	214	0	206
rs377137055	40849776	G	A	0	182	0	198	0	210	0	208	0	186	0	188	0	214	0	170	0	192	0	198	0	192	2	226	0	198	0	172	0	170	0	204	0	204	0	198	1	216	0	206	0	208	0	198	0	122	0	128	0	214	0	206
rs546628995	40849796	C	T	0	182	0	198	0	210	0	208	0	186	0	188	0	214	0	170	0	192	0	198	0	192	0	226	0	198	0	172	0	170	0	204	0	204	0	198	0	216	0	206	0	208	1	198	0	122	0	128	0	214	0	206
rs28399439	40849808	AC	A	0	182	0	198	0	210	5	208	0	186	4	188	0	214	0	170	0	192	0	198	37	192	41	226	32	198	0	172	37	170	0	204	0	204	0	198	40	216	0	206	0	208	19	198	12	122	0	128	0	214	0	206
rs182169150	40849819	A	G	0	182	0	198	0	210	0	208	0	186	0	188	0	214	0	170	0	192	0	198	0	192	0	226	0	198	0	172	0	170	0	204	0	204	0	198	0	216	0	206	0	208	0	198	0	122	0	128	1	214	0	206
rs72549435	40849833	C	G	0	182	0	198	0	210	0	208	0	186	1	188	0	214	0	170	0	192	0	198	1	192	0	226	2	198	0	172	2	170	0	204	0	204	0	198	3	216	1	206	0	208	5	198	1	122	0	128	0	214	0	206
rs72549434	40849849	T	C	0	182	0	198	0	210	1	208	0	186	1	188	0	214	0	170	0	192	0	198	1	192	0	226	2	198	0	172	2	170	0	204	0	204	0	198	5	216	2	206	0	208	5	198	1	122	0	128	0	214	0	206
rs199545200	40849860	G	A	0	182	0	198	0	210	0	208	0	186	0	188	0	214	0	170	0	192	0	198	0	192	0	226	0	198	0	172	0	170	0	204	0	204	0	198	0	216	0	206	1	208	0	198	0	122	0	128	0	214	0	206
rs28609092	40849870	C	T	0	182	0	198	0	210	0	208	0	186	0	188	0	214	0	170	0	192	0	198	7	192	0	226	17	198	0	172	3	170	0	204	0	204	0	198	11	216	0	206	0	208	11	198	1	122	1	128	0	214	0	206
rs145308399	40849872	C	T	0	182	0	198	0	210	0	208	0	186	1	188	1	214	0	170	4	192	1	198	0	192	0	226	0	198	7	172	0	170	1	204	7	204	0	198	0	216	0	206	0	208	2	198	0	122	0	128	0	214	2	206
rs577267650	40849881	G	T	0	182	0	198	0	210	0	208	0	186	0	188	0	214	0	170	1	192	0	198	0	192	0	226	0	198	0	172	0	170	0	204	0	204	0	198	0	216	0	206	0	208	0	198	0	122	0	128	0	214	0	206
rs143067113	40849902	C	T	0	182	0	198	0	210	0	208	0	186	0	188	0	214	0	170	0	192	0	198	0	192	0	226	0	198	0	172	1	170	0	204	0	204	0	198	0	216	0	206	0	208	0	198	0	122	0	128	0	214	0	206
rs201250423	40849931	C	A	0	182	0	198	0	210	0	208	0	186	1	188	0	214	0	170	0	192	0	198	0	192	0	226	0	198	0	172	0	170	0	204	0	204	0	198	0	216	0	206	0	208	0	198	0	122	0	128	0	214	0	206
rs201833760	40849933	C	A	0	182	0	198	0	210	0	208	0	186	0	188	0	214	0	170	0	192	0	198	0	192	0	226	0	198	0	172	0	170	0	204	0	204	0	198	0	216	0	206	0	208	0	198	0	122	0	128	3	214	0	206
rs143690364	40849959	C	T	0	182	0	198	0	210	0	208	0	186	0	188	0	214	0	170	0	192	0	198	0	192	0	226	0	198	0	172	0	170	0	204	0	204	0	198	0	216	0	206	0	208	1	198	0	122	0	128	0	214	0	206
rs72549433	40849960	G	A	0	182	0	198	0	210	0	208	1	186	0	188	0	214	0	170	0	192	0	198	1	192	1	226	2	198	0	172	1	170	0	204	0	204	0	198	1	216	0	206	0	208	4	198	3	122	0	128	0	214	0	206
rs199515342	40849971	G	A	1	182	1	198	0	210	3	208	1	186	0	188	1	214	0	170	0	192	3	198	0	192	0	226	0	198	0	172	0	170	0	204	1	204	2	198	0	216	1	206	0	208	0	198	0	122	2	128	0	214	0	206
rs545654135	40850004	T	C	0	182	0	198	0	210	0	208	0	186	0	188	0	214	0	170	0	192	0	198	0	192	0	226	0	198	0	172	0	170	0	204	2	204	0	198	0	216	0	206	0	208	0	198	0	122	0	128	0	214	0	206
rs28399438	40850014	A	C	0	182	0	198	0	210	5	208	2	186	4	188	0	214	0	170	0	192	0	198	37	192	42	226	32	198	1	172	38	170	0	204	0	204	0	198	40	216	0	206	0	208	19	198	12	122	0	128	1	214	0	206
rs28399437	40850039	G	C	0	182	0	198	0	210	0	208	0	186	0	188	0	214	0	170	0	192	0	198	1	192	2	226	0	198	0	172	1	170	0	204	0	204	0	198	0	216	0	206	0	208	0	198	0	122	0	128	0	214	0	206
rs546270627	40850073	C	G	0	182	0	198	0	210	0	208	0	186	0	188	0	214	0	170	0	192	0	198	0	192	0	226	2	198	0	172	0	170	0	204	0	204	0	198	0	216	0	206	0	208	0	198	0	122	0	128	0	214	0	206
rs141128348	40850144	A	C	0	182	0	198	0	210	0	208	0	186	0	188	0	214	0	170	0	192	0	198	7	192	0	226	17	198	0	172	3	170	0	204	0	204	0	198	11	216	0	206	0	208	11	198	1	122	1	128	0	214	0	206
rs8192723	40850149	C	T	0	182	0	198	0	210	0	208	0	186	0	188	0	214	0	170	0	192	0	198	0	192	0	226	0	198	0	172	0	170	0	204	0	204	0	198	0	216	0	206	1	208	0	198	0	122	0	128	0	214	0	206
rs191965231	40850150	T	C	0	182	0	198	0	210	0	208	0	186	0	188	0	214	0	170	0	192	0	198	1	192	0	226	0	198	0	172	0	170	0	204	0	204	0	198	1	216	0	206	0	208	0	198	0	122	0	128	0	214	0	206
rs570229222	40850175	C	T	0	182	0	198	0	210	0	208	0	186	0	188	0	214	0	170	0	192	0	198	0	192	0	226	0	198	0	172	0	170	0	204	1	204	0	198	0	216	0	206	0	208	0	198	0	122	0	128	0	214	0	206
rs28399436	40850190	C	T	0	182	0	198	1	210	0	208	0	186	0	188	0	214	0	170	0	192	0	198	0	192	0	226	0	198	0	172	0	170	0	204	0	204	0	198	0	216	2	206	0	208	0	198	0	122	0	128	0	214	0	206
rs140179029	40850217	C	T	0	182	0	198	0	210	0	208	0	186	0	188	0	214	0	170	0	192	0	198	1	192	4	226	4	198	0	172	0	170	0	204	0	204	0	198	3	216	0	206	0	208	0	198	0	122	0	128	0	214	0	206
rs8192722	40850218	G	A	0	182	0	198	0	210	5	208	0	186	4	188	0	214	0	170	0	192	0	198	37	192	42	226	32	198	0	172	38	170	0	204	0	204	0	198	40	216	0	206	0	208	19	198	12	122	0	128	0	214	0	206
rs535366981	40850227	A	G	0	182	0	198	0	210	0	208	0	186	0	188	0	214	0	170	0	192	1	198	0	192	0	226	0	198	0	172	0	170	0	204	0	204	0	198	0	216	0	206	0	208	0	198	0	122	0	128	0	214	0	206
rs553074588	40850229	C	T	0	182	0	198	0	210	0	208	0	186	0	188	0	214	0	170	0	192	0	198	0	192	0	226	0	198	0	172	0	170	0	204	0	204	0	198	0	216	0	206	0	208	1	198	0	122	0	128	0	214	0	206
rs369561609	40850233	C	G	0	182	1	198	0	210	0	208	0	186	0	188	0	214	0	170	0	192	0	198	0	192	0	226	0	198	0	172	0	170	0	204	0	204	0	198	0	216	0	206	0	208	0	198	0	122	0	128	0	214	0	206
rs56283800	40850283	C	T	12	182	25	198	8	210	10	208	11	186	3	188	21	214	2	170	18	192	7	198	17	192	19	226	9	198	7	172	14	170	12	204	9	204	11	198	12	216	5	206	0	208	31	198	13	122	4	128	17	214	9	206
rs139344949	40850292	G	A	2	182	0	198	0	210	2	208	0	186	0	188	0	214	0	170	0	192	0	198	0	192	0	226	0	198	0	172	0	170	0	204	0	204	0	198	0	216	0	206	0	208	0	198	0	122	1	128	2	214	0	206
rs575050301	40850299	A	G	0	182	1	198	0	210	0	208	0	186	0	188	0	214	0	170	0	192	0	198	0	192	0	226	0	198	0	172	0	170	0	204	0	204	0	198	0	216	0	206	0	208	0	198	0	122	0	128	0	214	0	206
rs28399435	40850341	C	T	12	182	5	198	0	210	5	208	0	186	7	188	3	214	0	170	2	192	0	198	3	192	0	226	0	198	1	172	0	170	3	204	12	204	7	198	0	216	0	206	0	208	0	198	0	122	0	128	6	214	4	206
rs563981730	40850348	T	C	0	182	0	198	0	210	0	208	0	186	0	188	0	214	0	170	0	192	0	198	0	192	0	226	0	198	0	172	0	170	0	204	1	204	0	198	0	216	0	206	0	208	0	198	0	122	0	128	0	214	0	206
rs572785621	40850369	A	G	0	182	0	198	0	210	0	208	0	186	0	188	0	214	0	170	0	192	0	198	0	192	0	226	0	198	0	172	0	170	2	204	1	204	0	198	0	216	0	206	0	208	0	198	0	122	0	128	0	214	0	206
rs1137115	40850376	T	C	129	182	171	198	170	210	157	208	138	186	147	188	165	214	151	170	143	192	155	198	154	192	159	226	157	198	108	172	127	170	132	204	123	204	154	198	168	216	153	206	177	208	157	198	105	122	109	128	158	214	142	206
rs151097223	40850385	G	A	0	182	0	198	0	210	0	208	0	186	0	188	0	214	0	170	0	192	0	198	0	192	0	226	0	198	0	172	0	170	0	204	0	204	0	198	0	216	0	206	0	208	0	198	0	122	0	128	1	214	0	206
rs373993802	40850389	A	G	0	182	0	198	0	210	0	208	0	186	0	188	0	214	0	170	0	192	0	198	0	192	0	226	0	198	0	172	0	170	0	204	0	204	0	198	0	216	0	206	0	208	0	198	0	122	0	128	0	214	1	206
rs8192720	40850405	G	A	1	182	3	198	38	210	0	208	24	186	0	188	2	214	0	170	0	192	23	198	4	192	8	226	9	198	3	172	3	170	1	204	0	204	0	198	11	216	41	206	52	208	0	198	3	122	0	128	0	214	0	206
rs72549432	40850411	T	G	0	182	0	198	0	210	0	208	0	186	0	188	0	214	0	170	0	192	0	198	1	192	1	226	2	198	0	172	1	170	0	204	0	204	0	198	1	216	0	206	0	208	4	198	3	122	0	128	0	214	0	206
rs28399434	40850414	C	T	0	182	0	198	0	210	0	208	0	186	0	188	0	214	0	170	0	192	0	198	0	192	0	226	0	198	0	172	0	170	0	204	0	204	0	198	0	216	0	206	2	208	0	198	0	122	0	128	0	214	0	206
rs201793905	40850453	C	T	0	182	0	198	0	210	0	208	0	186	0	188	0	214	0	170	0	192	0	198	0	192	0	226	0	198	0	172	0	170	0	204	0	204	0	198	0	216	0	206	2	208	0	198	0	122	0	128	0	214	0	206
rs28399433	40850474	A	C	8	182	28	198	55	210	21	208	33	186	19	188	12	214	16	170	38	192	40	198	12	192	13	226	19	198	26	172	12	170	21	204	27	204	10	198	22	216	55	206	58	208	18	198	13	122	13	128	14	214	39	206
rs528755675	40850518	T	C	0	182	0	198	0	210	0	208	0	186	0	188	1	214	0	170	0	192	0	198	0	192	0	226	0	198	0	172	0	170	0	204	0	204	0	198	0	216	0	206	0	208	0	198	0	122	0	128	0	214	0	206
rs547290288	40850520	C	T	0	182	0	198	0	210	0	208	0	186	0	188	1	214	0	170	0	192	0	198	0	192	0	226	0	198	0	172	0	170	0	204	0	204	0	198	0	216	0	206	0	208	0	198	0	122	0	128	0	214	0	206
rs183167151	40850537	A	G	0	182	0	198	0	210	1	208	0	186	1	188	0	214	0	170	0	192	0	198	0	192	0	226	0	198	0	172	0	170	0	204	0	204	0	198	0	216	0	206	0	208	0	198	0	122	0	128	0	214	0	206
rs535847711	40850665	C	T	0	182	0	198	1	210	0	208	0	186	0	188	0	214	0	170	0	192	0	198	0	192	0	226	0	198	0	172	0	170	0	204	0	204	0	198	0	216	0	206	0	208	0	198	0	122	0	128	0	214	0	206
rs556984751	40850684	G	A	0	182	0	198	0	210	0	208	0	186	0	188	0	214	0	170	1	192	0	198	0	192	0	226	0	198	0	172	0	170	3	204	1	204	0	198	0	216	0	206	0	208	0	198	0	122	0	128	0	214	0	206
rs569002462	40850685	A	T	0	182	0	198	0	210	0	208	0	186	0	188	0	214	0	170	0	192	0	198	0	192	1	226	0	198	0	172	4	170	0	204	0	204	0	198	1	216	0	206	0	208	2	198	0	122	0	128	0	214	0	206
rs539580985	40850695	A	C	0	182	0	198	0	210	0	208	0	186	0	188	0	214	0	170	0	192	0	198	0	192	2	226	0	198	0	172	0	170	0	204	0	204	0	198	0	216	0	206	0	208	0	198	0	122	0	128	0	214	0	206
rs186024388	40850784	C	T	0	182	0	198	0	210	0	208	0	186	0	188	0	214	0	170	0	192	0	198	0	192	0	226	0	198	0	172	0	170	0	204	0	204	0	198	0	216	0	206	0	208	0	198	0	122	0	128	1	214	0	206
rs573015936	40850797	C	T	0	182	0	198	0	210	0	208	0	186	0	188	0	214	0	170	0	192	0	198	0	192	4	226	0	198	0	172	1	170	0	204	0	204	0	198	3	216	0	206	0	208	0	198	0	122	0	128	0	214	0	206
rs190348643	40850802	G	T	0	182	0	198	0	210	1	208	0	186	0	188	0	214	0	170	0	192	0	198	3	192	0	226	2	198	0	172	1	170	0	204	0	204	0	198	4	216	0	206	0	208	0	198	1	122	0	128	1	214	0	206
rs182566222	40850803	G	A	0	182	0	198	0	210	0	208	0	186	0	188	0	214	0	170	0	192	0	198	0	192	4	226	0	198	0	172	1	170	0	204	0	204	0	198	3	216	0	206	0	208	0	198	0	122	0	128	0	214	0	206
rs569889026	40850809	G	A	0	182	0	198	0	210	0	208	0	186	0	188	0	214	0	170	0	192	0	198	0	192	4	226	0	198	0	172	1	170	0	204	0	204	0	198	3	216	0	206	0	208	0	198	0	122	0	128	0	214	0	206
rs67568271	40850821	C	T	0	182	2	198	0	210	0	208	0	186	0	188	2	214	0	170	0	192	0	198	0	192	0	226	0	198	0	172	0	170	0	204	0	204	1	198	0	216	0	206	0	208	0	198	0	122	0	128	0	214	0	206
rs562506201	40850832	G	A	0	182	0	198	0	210	0	208	0	186	2	188	0	214	0	170	0	192	0	198	0	192	0	226	0	198	0	172	0	170	0	204	0	204	0	198	0	216	0	206	0	208	0	198	0	122	0	128	0	214	1	206
rs10418304	40850846	A	G	0	182	0	198	0	210	5	208	0	186	4	188	0	214	0	170	0	192	0	198	36	192	42	226	32	198	0	172	38	170	0	204	0	204	0	198	38	216	0	206	0	208	19	198	12	122	0	128	0	214	0	206
rs192552732	40850853	A	G	0	182	0	198	0	210	0	208	0	186	0	188	0	214	0	170	0	192	0	198	2	192	6	226	4	198	0	172	1	170	0	204	0	204	0	198	3	216	0	206	0	208	0	198	0	122	0	128	0	214	0	206
rs564640438	40850863	T	C	0	182	0	198	0	210	0	208	0	186	0	188	0	214	0	170	0	192	0	198	1	192	0	226	0	198	0	172	0	170	0	204	0	204	0	198	0	216	0	206	0	208	0	198	0	122	0	128	0	214	0	206
rs528697338	40850871	G	T	0	182	0	198	0	210	0	208	0	186	0	188	0	214	0	170	0	192	0	198	0	192	0	226	0	198	0	172	0	170	1	204	0	204	0	198	0	216	0	206	0	208	0	198	0	122	0	128	0	214	0	206
rs562381560	40850895	AGGGTT	A	0	182	0	198	0	210	0	208	0	186	0	188	0	214	0	170	0	192	0	198	1	192	1	226	2	198	0	172	1	170	0	204	0	204	0	198	1	216	0	206	0	208	5	198	3	122	0	128	0	214	0	206
rs546932947	40850901	A	C	0	182	0	198	0	210	0	208	0	186	0	188	0	214	0	170	0	192	0	198	1	192	1	226	2	198	0	172	1	170	0	204	0	204	0	198	1	216	0	206	0	208	5	198	3	122	0	128	0	214	0	206
rs115421560	40850903	G	A	0	182	0	198	0	210	0	208	0	186	0	188	0	214	0	170	0	192	0	198	0	192	0	226	2	198	0	172	0	170	0	204	0	204	0	198	1	216	0	206	0	208	3	198	1	122	0	128	0	214	0	206
rs529600600	40850904	G	A	0	182	0	198	0	210	0	208	0	186	0	188	0	214	0	170	0	192	0	198	1	192	1	226	2	198	0	172	1	170	0	204	0	204	0	198	1	216	0	206	0	208	5	198	3	122	0	128	0	214	0	206
rs550546868	40850905	G	T	0	182	0	198	0	210	0	208	0	186	0	188	0	214	0	170	0	192	0	198	1	192	1	226	2	198	0	172	1	170	0	204	0	204	0	198	1	216	0	206	0	208	5	198	3	122	0	128	0	214	0	206
rs567179885	40850907	CT	C	0	182	0	198	0	210	0	208	0	186	0	188	0	214	0	170	0	192	0	198	1	192	1	226	2	198	0	172	1	170	0	204	0	204	0	198	1	216	0	206	0	208	5	198	3	122	0	128	0	214	0	206
rs568939213	40850917	G	T	0	182	0	198	0	210	0	208	0	186	0	188	0	214	0	170	0	192	0	198	1	192	0	226	0	198	0	172	1	170	0	204	0	204	0	198	2	216	0	206	0	208	1	198	0	122	0	128	0	214	0	206
rs539519931	40850948	G	A	0	182	0	198	0	210	1	208	0	186	0	188	0	214	0	170	0	192	0	198	0	192	0	226	0	198	0	172	0	170	0	204	0	204	0	198	0	216	0	206	0	208	0	198	0	122	0	128	0	214	0	206
rs147001205	40851013	G	A	5	182	9	198	1	210	0	208	0	186	0	188	6	214	0	170	2	192	0	198	1	192	0	226	0	198	1	172	0	170	6	204	0	204	4	198	0	216	0	206	0	208	0	198	0	122	0	128	6	214	2	206
rs566507807	40851015	G	A	0	182	0	198	0	210	0	208	0	186	0	188	0	214	0	170	3	192	0	198	0	192	0	226	0	198	0	172	0	170	4	204	2	204	0	198	0	216	0	206	0	208	0	198	0	122	0	128	0	214	2	206
rs533992650	40851076	T	G	0	182	0	198	0	210	0	208	0	186	0	188	0	214	0	170	0	192	0	198	0	192	0	226	1	198	0	172	0	170	0	204	0	204	0	198	0	216	0	206	0	208	0	198	0	122	0	128	0	214	0	206
rs555319006	40851116	A	C	1	182	0	198	0	210	0	208	0	186	1	188	0	214	0	170	0	192	0	198	0	192	0	226	0	198	0	172	0	170	0	204	0	204	0	198	0	216	0	206	0	208	0	198	0	122	0	128	1	214	1	206
